date,raw_open,raw_high,raw_low,raw_close,volume,event_ratio,adj_factor
2010-01-04,56.45,56.65,56.05,56.5,20083125.0,1.0,0.14955950699277232
2010-01-05,56.8,56.9,56.15,56.5,16453854.0,1.0,0.14955950699277232
2010-01-06,56.5,57.75,56.5,57.55,19012172.0,1.0,0.14955950699277232
2010-01-07,57.6,58.15,57.3,57.4,14110575.0,1.0,0.14955950699277232
2010-01-08,57.3,57.75,57.05,57.75,11342752.0,1.0,0.14955950699277232
2010-01-11,57.1,58.05,57.1,57.9,11581081.0,1.0,0.14955950699277232
2010-01-12,57.55,57.85,57.25,57.6,7306217.0,1.0,0.14955950699277232
2010-01-13,57.05,57.15,56.7,56.75,16686518.0,1.0,0.14955950699277232
2010-01-14,56.8,57.6,56.8,57.45,9978365.0,1.0,0.14955950699277232
2010-01-15,57.35,57.95,57.35,57.8,8425543.0,1.0,0.14955950699277232
2010-01-18,57.45,57.7,57.3,57.5,5019674.0,1.0,0.14955950699277232
2010-01-19,57.5,57.7,56.5,56.75,6724054.0,1.0,0.14955950699277232
2010-01-20,56.8,56.95,56.1,56.4,23397890.0,1.0,0.14955950699277232
2010-01-21,56.15,56.4,55.75,55.95,13862156.0,1.0,0.14955950699277232
2010-01-22,55.2,55.2,54.35,54.4,29477562.0,1.0,0.14955950699277232
2010-01-25,53.95,54.45,53.8,54.2,12845252.0,1.0,0.14955950699277232
2010-01-26,54.15,54.55,52.75,52.95,26395774.0,1.0,0.14955950699277232
2010-01-27,52.95,53.3,52.7,52.9,14855839.0,1.0,0.14955950699277232
2010-01-28,53.1,54.2,53.1,54.05,12622891.0,1.0,0.14955950699277232
2010-01-29,52.95,53.25,52.2,53.0,13799786.0,1.0,0.14955950699277232
2010-02-01,53.15,53.2,51.95,52.4,19637117.0,1.0,0.14955950699277232
2010-02-02,52.95,52.95,51.6,51.85,11987878.0,1.0,0.14955950699277232
2010-02-03,52.1,52.8,52.05,52.75,13598236.0,1.0,0.14955950699277232
2010-02-04,52.75,52.85,52.35,52.55,5940528.0,1.0,0.14955950699277232
2010-02-05,51.25,51.3,50.5,50.75,24216962.0,1.0,0.14955950699277232
2010-02-06,50.8,51.3,50.3,51.2,20632533.0,1.0,0.14955950699277232
2010-02-08,51.05,51.2,50.7,50.85,18165694.0,1.0,0.14955950699277232
2010-02-09,50.85,51.65,50.75,51.55,11269571.0,1.0,0.14955950699277232
2010-02-10,51.95,52.25,51.7,52.1,11276655.0,1.0,0.14955950699277232
2010-02-22,53.05,53.15,52.6,52.6,11224937.0,1.0,0.14955950699277232
2010-02-23,52.6,52.75,52.2,52.6,9598427.0,1.0,0.14955950699277232
2010-02-24,52.15,52.55,52.15,52.25,11037905.0,1.0,0.14955950699277232
2010-02-25,52.25,52.3,51.35,51.65,20470988.0,1.0,0.14955950699277232
2010-02-26,51.65,51.75,51.2,51.55,9391284.0,1.0,0.14955950699277232
2010-03-01,51.5,52.95,51.5,52.8,13647130.0,1.0,0.14955950699277232
2010-03-02,52.75,53.1,52.55,52.65,9997438.0,1.0,0.14955950699277232
2010-03-03,52.7,53.1,52.5,52.65,8764746.0,1.0,0.14955950699277232
2010-03-04,52.75,52.9,51.8,52.2,8149453.0,1.0,0.14955950699277232
2010-03-05,52.85,53.2,52.5,52.95,13619167.0,1.0,0.14955950699277232
2010-03-08,53.3,53.65,53.25,53.65,16985546.0,1.0,0.14955950699277232
2010-03-09,53.7,53.8,53.55,53.8,7770200.0,1.0,0.14955950699277232
2010-03-10,53.85,53.95,53.45,53.8,6842414.0,1.0,0.14955950699277232
2010-03-11,54.0,54.0,53.5,53.65,6657965.0,1.0,0.14955950699277232
2010-03-12,53.7,53.7,53.4,53.6,12617367.0,1.0,0.14955950699277232
2010-03-15,53.5,53.55,52.7,52.85,10347597.0,1.0,0.14955950699277232
2010-03-16,52.8,53.1,52.75,53.1,13206323.0,1.0,0.14955950699277232
2010-03-17,53.45,54.15,53.4,54.15,14910569.0,1.0,0.14955950699277232
2010-03-18,54.25,54.55,54.05,54.4,8609032.0,1.0,0.14955950699277232
2010-03-19,54.45,54.45,54.0,54.25,5394422.0,1.0,0.14955950699277232
2010-03-22,54.0,54.0,53.25,53.7,7376253.0,1.0,0.14955950699277232
2010-03-23,53.7,53.8,53.25,53.35,8078483.0,1.0,0.14955950699277232
2010-03-24,53.5,53.75,53.45,53.5,19134856.0,1.0,0.14955950699277232
2010-03-25,53.35,53.7,52.9,53.5,14547242.0,1.0,0.14955950699277232
2010-03-26,53.25,54.15,52.9,54.0,11520708.0,1.0,0.14955950699277232
2010-03-29,54.15,54.55,54.15,54.5,16278063.0,1.0,0.14955950699277232
2010-03-30,54.5,54.55,54.35,54.45,7592145.0,1.0,0.14955950699277232
2010-03-31,54.35,54.45,54.2,54.25,10909581.0,1.0,0.14955950699277232
2010-04-01,54.25,54.9,54.25,54.75,12561233.0,1.0,0.14955950699277232
2010-04-02,54.75,54.9,54.65,54.75,5653319.0,1.0,0.14955950699277232
2010-04-06,54.9,55.55,54.9,55.3,15860446.0,1.0,0.14955950699277232
2010-04-07,55.35,55.5,55.3,55.4,6597232.0,1.0,0.14955950699277232
2010-04-08,55.4,55.5,54.85,55.05,9030400.0,1.0,0.14955950699277232
2010-04-09,55.0,55.2,54.8,55.2,6178841.0,1.0,0.14955950699277232
2010-04-12,55.45,55.55,55.2,55.45,8812066.0,1.0,0.14955950699277232
2010-04-13,55.2,55.2,54.6,54.8,11543557.0,1.0,0.14955950699277232
2010-04-14,55.0,55.2,54.8,55.2,8277800.0,1.0,0.14955950699277232
2010-04-15,55.35,55.8,55.35,55.55,12427363.0,1.0,0.14955950699277232
2010-04-16,55.5,55.5,54.9,55.2,11167998.0,1.0,0.14955950699277232
2010-04-19,54.65,54.65,53.65,53.65,14074788.0,1.0,0.14955950699277232
2010-04-20,53.9,54.1,53.75,53.85,6757051.0,1.0,0.14955950699277232
2010-04-21,54.15,54.6,54.15,54.55,7299746.0,1.0,0.14955950699277232
2010-04-22,54.2,54.5,53.9,54.45,8147167.0,1.0,0.14955950699277232
2010-04-23,54.45,54.75,54.45,54.75,8918587.0,1.0,0.14955950699277232
2010-04-26,55.25,55.9,55.25,55.9,11153959.0,1.0,0.14955950699277232
2010-04-27,55.9,55.95,55.6,55.85,5510962.0,1.0,0.14955950699277232
2010-04-28,54.75,55.35,54.55,55.25,7436672.0,1.0,0.14955950699277232
2010-04-29,55.25,55.3,54.85,55.0,5085679.0,1.0,0.14955950699277232
2010-04-30,55.4,55.7,54.7,54.8,5323236.0,1.0,0.14955950699277232
2010-05-03,54.5,54.85,54.25,54.45,5880214.0,1.0,0.14955950699277232
2010-05-04,54.75,54.8,54.2,54.5,10132491.0,1.0,0.14955950699277232
2010-05-05,53.4,53.45,52.85,53.0,20067366.0,1.0,0.14955950699277232
2010-05-06,52.95,52.95,51.8,51.95,30653488.0,1.0,0.14955950699277232
2010-05-07,51.3,52.0,51.05,51.95,28001716.0,1.0,0.14955950699277232
2010-05-10,52.15,52.5,51.85,52.4,11114830.0,1.0,0.14955950699277232
2010-05-11,52.6,52.8,52.05,52.2,9244195.0,1.0,0.14955950699277232
2010-05-12,52.1,52.5,51.95,52.1,7850575.0,1.0,0.14955950699277232
2010-05-13,52.65,53.4,52.6,53.25,8130823.0,1.0,0.14955950699277232
2010-05-14,53.05,53.2,52.9,53.1,12843843.0,1.0,0.14955950699277232
2010-05-17,52.6,52.6,51.7,51.9,12090447.0,1.0,0.14955950699277232
2010-05-18,52.1,52.2,51.8,52.0,5846434.0,1.0,0.14955950699277232
2010-05-19,51.5,51.55,50.95,51.45,15988302.0,1.0,0.14955950699277232
2010-05-20,51.45,51.45,50.75,50.8,13856441.0,1.0,0.14955950699277232
2010-05-21,50.0,50.0,49.3,49.75,29922893.0,1.0,0.14955950699277232
2010-05-24,49.9,50.55,49.9,50.45,6297256.0,1.0,0.14955950699277232
2010-05-25,50.0,50.0,48.65,49.12,23038218.0,1.0,0.14955950699277232
2010-05-26,49.74,49.8,49.0,49.32,14716336.0,1.0,0.14955950699277232
2010-05-27,49.32,49.66,48.75,49.66,15866404.0,1.0,0.14955950699277232
2010-05-28,50.1,50.3,49.76,49.87,9410589.0,1.0,0.14955950699277232
2010-05-31,50.0,50.15,49.72,50.1,4494253.0,1.0,0.14955950699277232
2010-06-01,50.0,50.2,49.6,49.83,5340983.0,1.0,0.14955950699277232
2010-06-02,49.52,49.83,48.8,49.05,8608494.0,1.0,0.14955950699277232
2010-06-03,49.8,50.2,49.75,50.2,5437137.0,1.0,0.14955950699277232
2010-06-04,50.2,50.2,49.94,50.05,3336979.0,1.0,0.14955950699277232
2010-06-07,48.85,48.85,48.3,48.74,15955142.0,1.0,0.14955950699277232
2010-06-08,48.7,48.7,48.31,48.56,6856351.0,1.0,0.14955950699277232
2010-06-09,48.5,48.65,47.95,48.18,7602297.0,1.0,0.14955950699277232
2010-06-10,48.18,48.89,48.18,48.85,5685546.0,1.0,0.14955950699277232
2010-06-11,49.69,49.76,49.46,49.62,5728310.0,1.0,0.14955950699277232
2010-06-14,50.2,50.4,50.05,50.35,5855818.0,1.0,0.14955950699277232
2010-06-15,50.35,51.1,50.15,50.7,7668725.0,1.0,0.14955950699277232
2010-06-17,51.1,51.25,50.85,51.05,5964793.0,1.0,0.14955950699277232
2010-06-18,51.05,51.15,50.65,50.9,3037985.0,1.0,0.14955950699277232
2010-06-21,51.5,52.0,51.35,52.0,15785339.0,1.0,0.14955950699277232
2010-06-22,51.9,51.9,51.65,51.7,5261509.0,1.0,0.14955950699277232
2010-06-23,51.35,51.5,51.05,51.15,7660178.0,1.0,0.14955950699277232
2010-06-24,51.15,51.4,51.1,51.3,5788482.0,1.0,0.14955950699277232
2010-06-25,50.75,51.0,50.5,50.6,6622506.0,1.0,0.14955950699277232
2010-06-28,50.7,50.95,50.6,50.8,3671696.0,1.0,0.14955950699277232
2010-06-29,51.0,51.45,50.4,50.5,11618887.0,1.0,0.14955950699277232
2010-06-30,49.55,49.69,49.28,49.55,13175754.0,1.0,0.14955950699277232
2010-07-01,49.55,49.55,49.01,49.19,12171412.0,1.0,0.14955950699277232
2010-07-02,49.1,49.79,49.08,49.49,6189985.0,1.0,0.14955950699277232
2010-07-05,49.73,50.5,49.6,50.5,3757987.0,1.0,0.14955950699277232
2010-07-06,50.0,51.4,50.0,51.4,9876231.0,1.0,0.14955950699277232
2010-07-07,51.35,51.4,51.1,51.3,4454538.0,1.0,0.14955950699277232
2010-07-08,51.9,52.05,51.65,52.05,12063519.0,1.0,0.14955950699277232
2010-07-09,51.9,52.4,51.9,52.35,8071916.0,1.0,0.14955950699277232
2010-07-12,52.4,52.95,52.3,52.3,8957644.0,1.0,0.14955950699277232
2010-07-13,52.4,52.6,52.0,52.15,5571002.0,1.0,0.14955950699277232
2010-07-14,52.9,53.15,52.8,53.15,15527125.0,1.0,0.14955950699277232
2010-07-15,52.95,53.25,52.8,53.25,11031463.0,1.0,0.14955950699277232
2010-07-16,53.15,53.15,52.7,52.9,9053830.0,1.0,0.14955950699277232
2010-07-19,52.25,52.85,52.2,52.75,16805234.0,1.0,0.14955950699277232
2010-07-20,52.75,53.35,52.55,53.2,8231750.0,1.0,0.14955950699277232
2010-07-21,53.2,53.35,52.85,52.9,8043673.0,1.0,0.14955950699277232
2010-07-22,52.9,53.05,52.6,52.95,4262316.0,1.0,0.14955950699277232
2010-07-23,53.1,53.7,53.1,53.7,18699497.0,1.0,0.14955950699277232
2010-07-26,53.7,53.95,53.65,53.85,9746755.0,1.0,0.14955950699277232
2010-07-27,53.9,53.9,53.55,53.6,5528824.0,1.0,0.14955950699277232
2010-07-28,53.6,54.1,53.5,54.05,13670939.0,1.0,0.14955950699277232
2010-07-29,53.95,54.15,53.8,54.1,10327345.0,1.0,0.14955950699277232
2010-07-30,53.9,54.05,53.5,53.9,7817682.0,1.0,0.14955950699277232
2010-08-02,54.35,55.2,54.35,54.95,12724082.0,1.0,0.14955950699277232
2010-08-03,55.05,55.3,54.95,55.2,8049682.0,1.0,0.14955950699277232
2010-08-04,55.0,55.3,54.95,55.1,7131519.0,1.0,0.14955950699277232
2010-08-05,55.25,55.45,54.85,55.05,9995481.0,1.0,0.14955950699277232
2010-08-06,54.9,55.25,54.9,55.2,11550901.0,1.0,0.14955950699277232
2010-08-09,55.1,55.65,55.1,55.5,10803836.0,1.0,0.14955950699277232
2010-08-10,55.5,55.7,55.2,55.4,7592888.0,1.0,0.14955950699277232
2010-08-11,55.0,55.2,54.55,54.7,5770212.0,1.0,0.14955950699277232
2010-08-12,54.1,54.45,54.0,54.25,7186464.0,1.0,0.14955950699277232
2010-08-13,54.3,55.0,54.3,54.85,6844263.0,1.0,0.14955950699277232
2010-08-16,54.45,55.05,54.3,55.0,4168210.0,1.0,0.14955950699277232
2010-08-17,54.85,55.0,54.75,54.95,3215750.0,1.0,0.14955950699277232
2010-08-18,55.0,55.05,54.4,54.65,5574191.0,1.0,0.14955950699277232
2010-08-19,54.65,55.0,54.5,54.95,3761705.0,1.0,0.14955950699277232
2010-08-20,54.85,54.95,54.65,54.95,5175489.0,1.0,0.14955950699277232
2010-08-23,54.85,55.6,54.7,55.3,7551173.0,1.0,0.14955950699277232
2010-08-24,55.0,55.25,54.9,54.95,6661090.0,1.0,0.14955950699277232
2010-08-25,54.3,54.5,53.85,53.95,13856747.0,1.0,0.14955950699277232
2010-08-26,53.9,53.95,53.6,53.6,9343642.0,1.0,0.14955950699277232
2010-08-27,53.6,53.9,53.45,53.85,8466348.0,1.0,0.14955950699277232
2010-08-30,54.3,54.6,53.95,54.1,8229849.0,1.0,0.14955950699277232
2010-08-31,53.7,53.7,53.15,53.3,8911993.0,1.0,0.14955950699277232
2010-09-01,53.5,53.7,53.35,53.7,11174161.0,1.0,0.14955950699277232
2010-09-02,54.1,54.35,53.8,54.0,7071841.0,1.0,0.14955950699277232
2010-09-03,54.2,54.6,54.1,54.55,6121744.0,1.0,0.14955950699277232
2010-09-06,54.95,55.0,54.65,54.95,10083846.0,1.0,0.14955950699277232
2010-09-07,54.95,55.05,54.8,54.85,5405515.0,1.0,0.14955950699277232
2010-09-08,54.75,54.9,54.45,54.75,5636530.0,1.0,0.14955950699277232
2010-09-09,54.95,55.0,54.65,54.75,3169724.0,1.0,0.14955950699277232
2010-09-10,55.15,55.3,55.0,55.25,6861410.0,1.0,0.14955950699277232
2010-09-13,55.55,56.8,55.55,56.8,18145999.0,1.0,0.14955950699277232
2010-09-14,56.8,57.0,56.75,57.0,15110852.0,1.0,0.14955950699277232
2010-09-15,57.0,57.25,56.9,57.25,16566902.0,1.0,0.14955950699277232
2010-09-16,57.2,57.3,56.65,56.65,11750605.0,1.0,0.14955950699277232
2010-09-17,56.85,57.5,56.85,57.3,18471577.0,1.0,0.14955950699277232
2010-09-20,57.2,57.45,57.1,57.25,6828423.0,1.0,0.14955950699277232
2010-09-21,57.6,57.8,57.15,57.35,7544449.0,1.0,0.14955950699277232
2010-09-23,57.35,57.65,57.1,57.35,10459396.0,1.0,0.14955950699277232
2010-09-24,57.1,57.3,56.85,57.0,5496336.0,1.0,0.14955950699277232
2010-09-27,57.5,57.6,57.3,57.5,4164919.0,1.0,0.14955950699277232
2010-09-28,57.15,57.55,57.15,57.4,7403054.0,1.0,0.14955950699277232
2010-09-29,57.6,58.15,57.5,57.8,12166395.0,1.0,0.14955950699277232
2010-09-30,57.7,57.8,57.5,57.7,6992312.0,1.0,0.14955950699277232
2010-10-01,57.9,57.9,57.5,57.75,10251240.0,1.0,0.14955950699277232
2010-10-04,57.85,58.1,57.75,57.75,16884537.0,1.0,0.14955950699277232
2010-10-05,57.5,57.55,57.05,57.4,10535220.0,1.0,0.14955950699277232
2010-10-06,57.9,58.05,57.7,57.75,16061514.0,1.0,0.14955950699277232
2010-10-07,57.85,57.95,57.7,57.95,8858857.0,1.0,0.14955950699277232
2010-10-08,57.85,57.95,57.45,57.6,6653888.0,1.0,0.14955950699277232
2010-10-11,57.6,57.6,56.9,56.95,8951527.0,1.0,0.14955950699277232
2010-10-12,57.0,57.0,56.05,56.2,10325566.0,1.0,0.14955950699277232
2010-10-13,56.35,56.55,56.15,56.55,4624403.0,1.0,0.14955950699277232
2010-10-14,56.9,57.7,56.9,57.45,8088009.0,1.0,0.14955950699277232
2010-10-15,57.5,57.6,57.3,57.35,2622520.0,1.0,0.14955950699277232
2010-10-18,57.3,57.3,56.15,56.2,15668334.0,1.0,0.14955950699277232
2010-10-19,56.2,56.2,55.85,56.05,13750940.0,1.0,0.14955950699277232
2010-10-20,55.8,56.7,55.7,56.7,12860399.0,1.0,0.14955950699277232
2010-10-21,56.8,56.95,56.55,56.75,11522575.0,1.0,0.14955950699277232
2010-10-22,56.75,57.1,56.75,57.1,10858325.0,1.0,0.14955950699277232
2010-10-25,55.5,56.15,55.1,56.1,16646194.0,0.9614711033274955,0.1555527841400237
2010-10-26,56.3,56.35,56.0,56.35,8841948.0,1.0,0.1555527841400237
2010-10-27,56.5,56.65,55.85,56.05,5394936.0,1.0,0.1555527841400237
2010-10-28,56.05,56.5,55.9,56.5,4611384.0,1.0,0.1555527841400237
2010-10-29,56.2,56.35,55.9,56.0,7155507.0,1.0,0.1555527841400237
2010-11-01,56.2,57.05,56.2,56.8,12732548.0,1.0,0.1555527841400237
2010-11-02,56.8,56.9,56.65,56.8,5732868.0,1.0,0.1555527841400237
2010-11-03,56.95,57.1,56.5,56.7,13242296.0,1.0,0.1555527841400237
2010-11-04,56.8,57.2,56.8,57.05,8072802.0,1.0,0.1555527841400237
2010-11-05,57.55,57.75,57.5,57.65,18917069.0,1.0,0.1555527841400237
2010-11-08,57.8,57.85,57.45,57.55,9801832.0,1.0,0.1555527841400237
2010-11-09,57.55,57.7,57.45,57.7,3995547.0,1.0,0.1555527841400237
2010-11-10,57.8,57.85,57.6,57.65,18164969.0,1.0,0.1555527841400237
2010-11-11,57.8,57.8,57.45,57.5,8634408.0,1.0,0.1555527841400237
2010-11-12,57.25,57.25,56.35,56.35,12201162.0,1.0,0.1555527841400237
2010-11-15,56.3,56.3,56.05,56.15,7380484.0,1.0,0.1555527841400237
2010-11-16,56.1,56.85,56.1,56.75,7063846.0,1.0,0.1555527841400237
2010-11-17,56.35,56.65,56.15,56.5,6157279.0,1.0,0.1555527841400237
2010-11-18,56.4,56.6,56.3,56.6,2169592.0,1.0,0.1555527841400237
2010-11-19,56.9,57.15,56.3,56.65,3171480.0,1.0,0.1555527841400237
2010-11-22,56.8,57.5,56.8,57.35,5493100.0,1.0,0.1555527841400237
2010-11-23,57.35,57.35,56.8,56.9,3197414.0,1.0,0.1555527841400237
2010-11-24,56.7,57.05,56.65,56.85,4847876.0,1.0,0.1555527841400237
2010-11-25,56.85,57.15,56.85,57.1,3601735.0,1.0,0.1555527841400237
2010-11-26,57.15,57.15,56.8,56.8,4644074.0,1.0,0.1555527841400237
2010-11-29,57.1,57.35,56.85,56.9,8866180.0,1.0,0.1555527841400237
2010-11-30,57.05,57.5,56.95,57.1,8006464.0,1.0,0.1555527841400237
2010-12-01,57.1,58.0,57.1,58.0,12684432.0,1.0,0.1555527841400237
2010-12-02,58.5,58.7,58.35,58.45,12086258.0,1.0,0.1555527841400237
2010-12-03,58.6,59.0,58.6,59.0,13503527.0,1.0,0.1555527841400237
2010-12-06,59.0,59.35,59.0,59.15,8952935.0,1.0,0.1555527841400237
2010-12-07,59.2,59.2,58.85,59.1,5464594.0,1.0,0.1555527841400237
2010-12-08,59.1,59.35,58.95,59.1,6037857.0,1.0,0.1555527841400237
2010-12-09,59.5,59.8,59.45,59.7,10497650.0,1.0,0.1555527841400237
2010-12-10,59.6,59.6,59.15,59.3,5805796.0,1.0,0.1555527841400237
2010-12-13,59.2,59.5,59.2,59.45,5858779.0,1.0,0.1555527841400237
2010-12-14,59.25,59.6,59.1,59.3,11537399.0,1.0,0.1555527841400237
2010-12-15,59.3,59.65,59.15,59.6,11414375.0,1.0,0.1555527841400237
2010-12-16,59.65,59.85,59.6,59.7,18627435.0,1.0,0.1555527841400237
2010-12-17,59.8,60.45,59.8,60.2,30719311.0,1.0,0.1555527841400237
2010-12-20,60.4,60.4,59.5,59.9,13022778.0,1.0,0.1555527841400237
2010-12-21,59.9,60.15,59.65,60.05,10194621.0,1.0,0.1555527841400237
2010-12-22,60.4,60.4,60.0,60.05,14734837.0,1.0,0.1555527841400237
2010-12-23,60.05,60.55,60.05,60.45,16447355.0,1.0,0.1555527841400237
2010-12-24,60.45,60.45,60.15,60.2,11190254.0,1.0,0.1555527841400237
2010-12-27,60.2,60.55,60.0,60.45,10376432.0,1.0,0.1555527841400237
2010-12-28,60.45,60.5,60.1,60.35,12716525.0,1.0,0.1555527841400237
2010-12-29,60.35,60.5,60.2,60.5,15210085.0,1.0,0.1555527841400237
2010-12-30,60.7,60.8,60.4,60.8,5870907.0,1.0,0.1555527841400237
2010-12-31,60.8,61.4,60.75,61.4,13970805.0,1.0,0.1555527841400237
2011-01-03,61.6,61.65,61.45,61.45,12033427.0,1.0,0.1555527841400237
2011-01-04,61.55,61.6,61.3,61.3,11093455.0,1.0,0.1555527841400237
2011-01-05,61.1,61.35,59.9,60.3,20764188.0,1.0,0.1555527841400237
2011-01-06,60.25,60.3,59.95,60.2,6883599.0,1.0,0.1555527841400237
2011-01-07,60.25,60.35,59.4,59.65,12300875.0,1.0,0.1555527841400237
2011-01-10,59.75,59.9,59.55,59.85,4241806.0,1.0,0.1555527841400237
2011-01-11,59.7,61.0,59.7,60.85,12746305.0,1.0,0.1555527841400237
2011-01-12,61.0,61.25,60.9,61.1,5713284.0,1.0,0.1555527841400237
2011-01-13,61.25,61.4,60.8,61.05,10156962.0,1.0,0.1555527841400237
2011-01-14,60.95,61.1,60.8,61.0,7317612.0,1.0,0.1555527841400237
2011-01-17,61.15,61.25,60.7,60.85,5093719.0,1.0,0.1555527841400237
2011-01-18,60.55,61.55,60.5,61.35,9691188.0,1.0,0.1555527841400237
2011-01-19,61.35,62.15,61.35,62.05,15346271.0,1.0,0.1555527841400237
2011-01-20,62.0,62.0,61.6,61.65,5216814.0,1.0,0.1555527841400237
2011-01-21,61.1,61.45,60.55,61.0,11627990.0,1.0,0.1555527841400237
2011-01-24,61.0,61.2,60.9,60.95,17731733.0,1.0,0.1555527841400237
2011-01-25,61.45,61.7,61.4,61.45,18634469.0,1.0,0.1555527841400237
2011-01-26,61.45,62.1,61.45,62.0,20930819.0,1.0,0.1555527841400237
2011-01-27,62.05,62.7,62.05,62.45,17156782.0,1.0,0.1555527841400237
2011-01-28,62.5,63.0,62.45,63.0,11849231.0,1.0,0.1555527841400237
2011-02-08,63.05,63.2,62.4,62.6,11116268.0,1.0,0.1555527841400237
2011-02-09,62.5,62.6,61.7,62.0,12233389.0,1.0,0.1555527841400237
2011-02-10,61.6,61.6,60.75,60.85,22906193.0,1.0,0.1555527841400237
2011-02-11,60.4,60.4,58.5,58.9,43872076.0,1.0,0.1555527841400237
2011-02-14,59.05,59.65,59.05,59.4,11080133.0,1.0,0.1555527841400237
2011-02-15,59.4,59.9,58.65,59.75,9824500.0,1.0,0.1555527841400237
2011-02-16,59.8,60.1,59.6,59.85,20565527.0,1.0,0.1555527841400237
2011-02-17,59.75,59.8,59.4,59.65,6957416.0,1.0,0.1555527841400237
2011-02-18,60.0,60.85,59.95,60.65,9831511.0,1.0,0.1555527841400237
2011-02-21,60.4,60.8,60.15,60.65,14830455.0,1.0,0.1555527841400237
2011-02-22,60.3,60.3,59.3,59.85,31460697.0,1.0,0.1555527841400237
2011-02-23,59.45,59.7,58.8,59.0,28150332.0,1.0,0.1555527841400237
2011-02-24,59.0,59.55,59.0,59.0,28688789.0,1.0,0.1555527841400237
2011-02-25,59.3,59.65,58.45,59.5,34452533.0,1.0,0.1555527841400237
2011-03-01,59.7,60.05,59.5,59.95,8004474.0,1.0,0.1555527841400237
2011-03-02,59.45,59.9,59.4,59.45,22951405.0,1.0,0.1555527841400237
2011-03-03,59.55,60.3,59.5,60.2,28035273.0,1.0,0.1555527841400237
2011-03-04,60.5,60.7,60.4,60.65,12108845.0,1.0,0.1555527841400237
2011-03-07,60.5,60.5,60.0,60.2,14594851.0,1.0,0.1555527841400237
2011-03-08,60.05,60.4,60.05,60.25,2590968.0,1.0,0.1555527841400237
2011-03-09,60.55,60.65,60.0,60.2,11164223.0,1.0,0.1555527841400237
2011-03-10,60.15,60.25,59.3,59.5,8147795.0,1.0,0.1555527841400237
2011-03-11,59.05,59.05,58.4,58.85,22485249.0,1.0,0.1555527841400237
2011-03-14,58.6,58.9,57.65,58.8,28008968.0,1.0,0.1555527841400237
2011-03-15,58.7,58.7,55.6,57.5,62123047.0,1.0,0.1555527841400237
2011-03-16,58.0,58.05,57.25,57.3,20893632.0,1.0,0.1555527841400237
2011-03-17,56.8,57.3,56.5,57.3,20325995.0,1.0,0.1555527841400237
2011-03-18,57.7,57.8,57.35,57.75,13046311.0,1.0,0.1555527841400237
2011-03-21,57.9,58.5,57.8,58.1,18789367.0,1.0,0.1555527841400237
2011-03-22,58.5,58.7,58.35,58.4,17030126.0,1.0,0.1555527841400237
2011-03-23,58.4,58.65,58.15,58.5,13061205.0,1.0,0.1555527841400237
2011-03-24,58.85,59.0,58.55,58.75,13112684.0,1.0,0.1555527841400237
2011-03-25,59.05,59.65,59.05,59.35,12811822.0,1.0,0.1555527841400237
2011-03-28,59.25,59.3,58.85,59.15,6845004.0,1.0,0.1555527841400237
2011-03-29,58.9,59.3,58.75,59.25,5977627.0,1.0,0.1555527841400237
2011-03-30,59.4,59.8,59.25,59.6,11142321.0,1.0,0.1555527841400237
2011-03-31,59.5,59.7,59.1,59.55,8065305.0,1.0,0.1555527841400237
2011-04-01,59.6,59.85,59.6,59.85,9617427.0,1.0,0.1555527841400237
2011-04-06,60.0,61.4,60.0,61.15,30707811.0,1.0,0.1555527841400237
2011-04-07,61.35,61.4,60.95,61.3,20231471.0,1.0,0.1555527841400237
2011-04-08,61.25,61.5,61.0,61.1,11889885.0,1.0,0.1555527841400237
2011-04-11,61.1,61.2,60.75,61.1,16414041.0,1.0,0.1555527841400237
2011-04-12,60.8,60.8,59.85,60.05,14749678.0,1.0,0.1555527841400237
2011-04-13,59.9,60.4,59.75,60.4,9151628.0,1.0,0.1555527841400237
2011-04-14,60.45,60.7,60.05,60.35,5748868.0,1.0,0.1555527841400237
2011-04-15,60.4,60.45,59.6,59.65,3910219.0,1.0,0.1555527841400237
2011-04-18,59.75,59.95,59.45,59.55,5204523.0,1.0,0.1555527841400237
2011-04-19,59.35,59.35,58.8,59.2,14045591.0,1.0,0.1555527841400237
2011-04-20,59.5,60.35,59.5,60.3,11997322.0,1.0,0.1555527841400237
2011-04-21,60.95,61.8,60.95,61.7,34318593.0,1.0,0.1555527841400237
2011-04-22,61.8,61.8,61.45,61.6,22105891.0,1.0,0.1555527841400237
2011-04-25,61.9,62.0,61.25,61.45,26924950.0,1.0,0.1555527841400237
2011-04-26,60.9,61.35,60.7,61.2,23837644.0,1.0,0.1555527841400237
2011-04-27,61.75,62.25,61.75,62.15,46502607.0,1.0,0.1555527841400237
2011-04-28,62.25,62.5,62.0,62.15,30767306.0,1.0,0.1555527841400237
2011-04-29,62.0,62.4,61.65,62.0,50487944.0,1.0,0.1555527841400237
2011-05-03,62.2,62.3,61.5,62.15,26662296.0,1.0,0.1555527841400237
2011-05-04,61.6,61.8,61.1,61.8,19729723.0,1.0,0.1555527841400237
2011-05-05,61.4,62.35,61.3,62.25,22314131.0,1.0,0.1555527841400237
2011-05-06,61.9,62.05,61.65,61.95,24042654.0,1.0,0.1555527841400237
2011-05-09,62.1,62.6,61.9,62.3,15561987.0,1.0,0.1555527841400237
2011-05-10,62.3,62.3,62.05,62.3,8415421.0,1.0,0.1555527841400237
2011-05-11,62.5,62.5,61.95,62.05,9690783.0,1.0,0.1555527841400237
2011-05-12,61.7,62.4,61.55,62.25,17883859.0,1.0,0.1555527841400237
2011-05-13,62.25,62.25,61.9,62.05,7629363.0,1.0,0.1555527841400237
2011-05-16,61.95,61.95,61.25,61.3,16444896.0,1.0,0.1555527841400237
2011-05-17,61.2,61.45,60.95,61.25,16743572.0,1.0,0.1555527841400237
2011-05-18,61.2,61.6,61.15,61.6,5864502.0,1.0,0.1555527841400237
2011-05-19,61.6,62.1,61.05,61.05,17153738.0,1.0,0.1555527841400237
2011-05-20,61.25,61.5,60.9,61.1,15265328.0,1.0,0.1555527841400237
2011-05-23,60.8,60.8,60.0,60.35,38595445.0,1.0,0.1555527841400237
2011-05-24,60.3,60.45,60.05,60.45,26103703.0,1.0,0.1555527841400237
2011-05-25,60.1,60.4,59.8,60.25,22809627.0,1.0,0.1555527841400237
2011-05-26,60.35,60.85,60.2,60.85,7274217.0,1.0,0.1555527841400237
2011-05-27,60.65,61.0,60.5,60.6,11665509.0,1.0,0.1555527841400237
2011-05-30,60.4,60.75,60.0,60.5,10601687.0,1.0,0.1555527841400237
2011-05-31,60.8,62.0,60.8,62.0,10825421.0,1.0,0.1555527841400237
2011-06-01,62.0,62.45,61.85,62.35,26708920.0,1.0,0.1555527841400237
2011-06-02,62.0,62.15,61.8,61.9,18610346.0,1.0,0.1555527841400237
2011-06-03,62.0,62.25,61.75,62.2,14876730.0,1.0,0.1555527841400237
2011-06-07,61.9,62.25,61.55,62.2,10967505.0,1.0,0.1555527841400237
2011-06-08,62.05,62.25,61.85,62.0,14003014.0,1.0,0.1555527841400237
2011-06-09,61.8,62.1,61.8,62.0,8665746.0,1.0,0.1555527841400237
2011-06-10,62.15,62.2,60.5,60.55,27188317.0,1.0,0.1555527841400237
2011-06-13,60.25,60.25,59.6,59.75,21849634.0,1.0,0.1555527841400237
2011-06-14,60.0,60.75,59.8,60.75,11523249.0,1.0,0.1555527841400237
2011-06-15,60.7,60.7,59.8,60.5,11156149.0,1.0,0.1555527841400237
2011-06-16,59.9,59.9,59.3,59.4,23032377.0,1.0,0.1555527841400237
2011-06-17,59.6,59.7,59.0,59.2,20766060.0,1.0,0.1555527841400237
2011-06-20,59.4,59.5,58.55,58.6,21506641.0,1.0,0.1555527841400237
2011-06-21,59.0,59.2,58.65,59.05,15219678.0,1.0,0.1555527841400237
2011-06-22,59.5,59.5,58.8,59.2,11737377.0,1.0,0.1555527841400237
2011-06-23,58.95,59.1,58.6,58.65,15137694.0,1.0,0.1555527841400237
2011-06-24,58.7,58.7,58.0,58.2,27218893.0,1.0,0.1555527841400237
2011-06-27,57.5,57.85,57.2,57.8,27066148.0,1.0,0.1555527841400237
2011-06-28,58.05,58.15,57.5,57.65,11858069.0,1.0,0.1555527841400237
2011-06-29,58.0,58.75,57.9,58.65,16310795.0,1.0,0.1555527841400237
2011-06-30,58.8,59.0,58.55,58.85,8335428.0,1.0,0.1555527841400237
2011-07-01,59.2,59.8,59.2,59.7,13964925.0,1.0,0.1555527841400237
2011-07-04,59.9,60.2,59.9,60.05,18908538.0,1.0,0.1555527841400237
2011-07-05,60.0,60.1,59.75,59.95,12622302.0,1.0,0.1555527841400237
2011-07-06,60.0,60.7,60.0,60.6,13484727.0,1.0,0.1555527841400237
2011-07-07,60.7,60.7,60.15,60.35,11109299.0,1.0,0.1555527841400237
2011-07-08,60.5,60.7,59.9,60.05,14932114.0,1.0,0.1555527841400237
2011-07-11,59.85,59.95,59.4,59.65,11993498.0,1.0,0.1555527841400237
2011-07-12,59.1,59.1,58.45,58.7,48066193.0,1.0,0.1555527841400237
2011-07-13,58.65,59.0,58.45,58.7,39174515.0,1.0,0.1555527841400237
2011-07-14,59.0,59.05,58.45,58.9,39805063.0,1.0,0.1555527841400237
2011-07-15,59.0,59.25,58.7,59.2,18410146.0,1.0,0.1555527841400237
2011-07-18,59.15,59.2,58.4,59.0,20727359.0,1.0,0.1555527841400237
2011-07-19,58.85,59.05,58.65,58.9,8281788.0,1.0,0.1555527841400237
2011-07-20,59.5,60.5,59.5,60.45,18866490.0,1.0,0.1555527841400237
2011-07-21,60.45,60.6,60.35,60.6,10880105.0,1.0,0.1555527841400237
2011-07-22,60.85,61.15,60.8,61.0,22666868.0,1.0,0.1555527841400237
2011-07-25,60.5,60.85,60.2,60.4,8426021.0,1.0,0.1555527841400237
2011-07-26,60.5,61.3,60.5,61.2,15897776.0,1.0,0.1555527841400237
2011-07-27,61.2,61.45,61.05,61.35,8730491.0,1.0,0.1555527841400237
2011-07-28,60.8,61.0,60.5,60.85,12994800.0,1.0,0.1555527841400237
2011-07-29,60.75,60.9,59.9,59.9,13902656.0,1.0,0.1555527841400237
2011-08-01,60.5,60.5,60.15,60.35,9200229.0,1.0,0.1555527841400237
2011-08-02,59.9,59.9,59.4,59.55,16233742.0,1.0,0.1555527841400237
2011-08-03,58.85,58.85,58.2,58.6,41979794.0,1.0,0.1555527841400237
2011-08-04,58.6,58.85,57.8,57.85,40427944.0,1.0,0.1555527841400237
2011-08-05,55.7,55.7,54.45,54.45,93524542.0,1.0,0.1555527841400237
2011-08-08,54.3,54.65,51.4,53.5,88158917.0,1.0,0.1555527841400237
2011-08-09,51.0,53.5,50.4,53.0,137680501.0,1.0,0.1555527841400237
2011-08-10,53.95,54.25,53.4,54.1,51751032.0,1.0,0.1555527841400237
2011-08-11,53.2,54.5,52.7,54.1,35420779.0,1.0,0.1555527841400237
2011-08-12,54.7,54.85,53.4,53.55,38053055.0,1.0,0.1555527841400237
2011-08-15,54.2,54.6,54.1,54.6,13373403.0,1.0,0.1555527841400237
2011-08-16,54.8,55.0,54.1,54.35,14509479.0,1.0,0.1555527841400237
2011-08-17,54.35,54.5,53.8,53.95,16712226.0,1.0,0.1555527841400237
2011-08-18,53.4,53.45,52.65,52.95,29569057.0,1.0,0.1555527841400237
2011-08-19,51.8,51.9,51.1,51.1,46326897.0,1.0,0.1555527841400237
2011-08-22,51.3,52.45,51.05,51.5,36786479.0,1.0,0.1555527841400237
2011-08-23,52.1,53.35,51.75,53.3,25870622.0,1.0,0.1555527841400237
2011-08-24,53.4,53.4,52.1,52.6,25953004.0,1.0,0.1555527841400237
2011-08-25,53.2,53.3,52.35,52.35,16449092.0,1.0,0.1555527841400237
2011-08-26,52.8,53.25,52.6,53.05,19422473.0,1.0,0.1555527841400237
2011-08-29,53.1,54.1,53.1,53.8,21399866.0,1.0,0.1555527841400237
2011-08-30,54.0,54.4,53.85,54.2,18853273.0,1.0,0.1555527841400237
2011-08-31,54.1,54.6,53.9,54.55,17721803.0,1.0,0.1555527841400237
2011-09-01,55.05,56.1,55.05,55.15,35887333.0,1.0,0.1555527841400237
2011-09-02,55.15,55.3,54.65,55.15,14570110.0,1.0,0.1555527841400237
2011-09-05,53.95,53.95,53.4,53.6,20965276.0,1.0,0.1555527841400237
2011-09-06,53.3,53.35,52.3,52.55,25736298.0,1.0,0.1555527841400237
2011-09-07,53.35,53.6,52.9,53.55,15671123.0,1.0,0.1555527841400237
2011-09-08,54.0,54.15,53.45,53.7,14964671.0,1.0,0.1555527841400237
2011-09-09,53.55,54.75,53.55,54.15,21152336.0,1.0,0.1555527841400237
2011-09-13,53.6,53.75,52.55,52.65,26540677.0,1.0,0.1555527841400237
2011-09-14,53.15,53.2,51.3,51.6,40373887.0,1.0,0.1555527841400237
2011-09-15,52.7,53.05,52.3,52.85,26022723.0,1.0,0.1555527841400237
2011-09-16,53.5,54.15,53.5,54.1,32473140.0,1.0,0.1555527841400237
2011-09-19,53.85,53.85,53.05,53.2,17268247.0,1.0,0.1555527841400237
2011-09-20,53.35,53.7,52.5,53.4,18363876.0,1.0,0.1555527841400237
2011-09-21,53.4,53.95,53.0,53.6,9744591.0,1.0,0.1555527841400237
2011-09-22,52.6,52.6,51.85,52.1,29986277.0,1.0,0.1555527841400237
2011-09-23,50.5,50.85,49.93,50.35,64025634.0,1.0,0.1555527841400237
2011-09-26,50.25,50.3,49.3,49.32,42234917.0,1.0,0.1555527841400237
2011-09-27,50.5,51.15,50.5,51.1,29804690.0,1.0,0.1555527841400237
2011-09-28,51.2,51.3,50.9,51.15,18621269.0,1.0,0.1555527841400237
2011-09-29,50.65,51.75,50.6,51.6,14168498.0,1.0,0.1555527841400237
2011-09-30,51.45,51.9,51.25,51.65,11847360.0,1.0,0.1555527841400237
2011-10-03,50.75,51.0,50.15,50.3,26724933.0,1.0,0.1555527841400237
2011-10-04,49.9,50.75,49.5,50.75,19459519.0,1.0,0.1555527841400237
2011-10-05,50.9,50.95,50.2,50.25,13795531.0,1.0,0.1555527841400237
2011-10-06,51.15,51.55,51.0,51.25,21005701.0,1.0,0.1555527841400237
2011-10-07,51.8,52.15,51.5,51.55,18355387.0,1.0,0.1555527841400237
2011-10-11,52.75,53.0,52.7,53.0,24633728.0,1.0,0.1555527841400237
2011-10-12,52.85,53.1,52.5,52.85,10379445.0,1.0,0.1555527841400237
2011-10-13,53.2,53.2,52.65,52.8,12110385.0,1.0,0.1555527841400237
2011-10-14,52.6,52.9,52.45,52.45,9843797.0,1.0,0.1555527841400237
2011-10-17,53.1,53.45,52.8,53.1,12184723.0,1.0,0.1555527841400237
2011-10-18,52.5,52.7,52.2,52.55,18729818.0,1.0,0.1555527841400237
2011-10-19,52.6,52.75,52.3,52.35,15305135.0,1.0,0.1555527841400237
2011-10-20,52.55,52.65,51.75,51.75,19221415.0,1.0,0.1555527841400237
2011-10-21,51.8,51.95,51.55,51.95,16993828.0,1.0,0.1555527841400237
2011-10-24,52.45,53.6,52.45,53.6,27555204.0,1.0,0.1555527841400237
2011-10-25,53.65,53.7,53.45,53.6,23610880.0,1.0,0.1555527841400237
2011-10-26,51.6,52.15,51.3,52.15,24026648.0,0.9636194029850745,0.16142554172130244
2011-10-27,52.15,52.3,51.75,52.25,23253137.0,1.0,0.16142554172130244
2011-10-28,53.4,53.45,52.35,52.4,36429630.0,1.0,0.16142554172130244
2011-10-31,52.8,52.95,52.1,52.2,16939650.0,1.0,0.16142554172130244
2011-11-01,52.2,52.85,51.85,52.55,10920775.0,1.0,0.16142554172130244
2011-11-02,51.6,52.5,51.45,52.4,23425870.0,1.0,0.16142554172130244
2011-11-03,52.0,52.0,51.45,51.45,29386123.0,1.0,0.16142554172130244
2011-11-04,52.2,52.6,52.1,52.3,19730524.0,1.0,0.16142554172130244
2011-11-07,52.3,52.55,52.15,52.4,5859419.0,1.0,0.16142554172130244
2011-11-08,52.4,52.85,52.15,52.15,13171890.0,1.0,0.16142554172130244
2011-11-09,52.5,52.6,52.1,52.2,9946467.0,1.0,0.16142554172130244
2011-11-10,51.25,51.25,50.2,50.55,59839061.0,1.0,0.16142554172130244
2011-11-11,50.65,51.05,50.5,50.9,15851515.0,1.0,0.16142554172130244
2011-11-14,51.75,52.25,51.75,52.15,22866370.0,1.0,0.16142554172130244
2011-11-15,52.05,52.1,51.75,51.85,6807952.0,1.0,0.16142554172130244
2011-11-16,52.15,52.3,51.1,51.2,20231863.0,1.0,0.16142554172130244
2011-11-17,50.9,51.35,50.5,51.35,16465794.0,1.0,0.16142554172130244
2011-11-18,50.7,50.8,50.25,50.3,39881720.0,1.0,0.16142554172130244
2011-11-21,49.9,49.9,49.12,49.23,46584537.0,1.0,0.16142554172130244
2011-11-22,49.23,49.47,48.83,49.02,37161151.0,1.0,0.16142554172130244
2011-11-23,48.8,48.86,47.7,47.85,55896531.0,1.0,0.16142554172130244
2011-11-24,47.8,48.03,47.28,47.86,38816971.0,1.0,0.16142554172130244
2011-11-25,48.24,48.46,47.05,47.44,31966850.0,1.0,0.16142554172130244
2011-11-28,48.08,48.3,47.85,48.29,17182607.0,1.0,0.16142554172130244
2011-11-29,48.75,48.75,48.2,48.72,13678906.0,1.0,0.16142554172130244
2011-11-30,48.5,48.53,47.75,48.08,13561318.0,1.0,0.16142554172130244
2011-12-01,49.6,50.6,49.6,50.3,50086140.0,1.0,0.16142554172130244
2011-12-02,50.1,50.25,49.6,49.82,11022944.0,1.0,0.16142554172130244
2011-12-05,49.82,49.82,49.2,49.66,9432964.0,1.0,0.16142554172130244
2011-12-06,49.5,49.5,48.67,48.69,14698444.0,1.0,0.16142554172130244
2011-12-07,49.0,49.33,49.0,49.2,15032896.0,1.0,0.16142554172130244
2011-12-08,49.01,49.01,48.4,48.86,14793377.0,1.0,0.16142554172130244
2011-12-09,48.0,48.63,48.0,48.24,18170218.0,1.0,0.16142554172130244
2011-12-12,48.94,49.09,48.63,48.8,12180038.0,1.0,0.16142554172130244
2011-12-13,48.37,48.78,48.17,48.55,9930657.0,1.0,0.16142554172130244
2011-12-14,48.54,48.6,48.17,48.59,5907825.0,1.0,0.16142554172130244
2011-12-15,48.01,48.01,47.5,47.5,21987047.0,1.0,0.16142554172130244
2011-12-16,47.65,47.81,47.45,47.7,15182560.0,1.0,0.16142554172130244
2011-12-19,47.4,47.4,46.61,46.74,25844334.0,1.0,0.16142554172130244
2011-12-20,47.05,47.27,46.91,47.0,7949766.0,1.0,0.16142554172130244
2011-12-21,48.55,49.3,48.55,49.28,31925104.0,1.0,0.16142554172130244
2011-12-22,49.27,49.32,48.99,49.16,17260445.0,1.0,0.16142554172130244
2011-12-23,49.89,50.25,49.79,50.0,28468548.0,1.0,0.16142554172130244
2011-12-26,50.0,50.05,49.8,49.95,11437678.0,1.0,0.16142554172130244
2011-12-27,49.85,50.0,49.62,49.85,15628151.0,1.0,0.16142554172130244
2011-12-28,49.75,49.87,49.52,49.57,13472332.0,1.0,0.16142554172130244
2011-12-29,49.5,49.72,49.22,49.61,13638499.0,1.0,0.16142554172130244
2011-12-30,50.0,50.15,49.59,49.81,19591026.0,1.0,0.16142554172130244
2012-01-02,49.45,49.6,48.94,49.06,11331613.0,1.0,0.16142554172130244
2012-01-03,49.5,49.95,49.4,49.7,19461977.0,1.0,0.16142554172130244
2012-01-04,49.9,50.15,49.78,50.0,23080541.0,1.0,0.16142554172130244
2012-01-05,50.1,50.15,49.91,50.15,21097923.0,1.0,0.16142554172130244
2012-01-06,50.1,50.25,49.85,50.0,28343880.0,1.0,0.16142554172130244
2012-01-09,49.9,49.95,49.63,49.81,14067965.0,1.0,0.16142554172130244
2012-01-10,50.2,50.7,50.2,50.7,29305530.0,1.0,0.16142554172130244
2012-01-11,50.7,50.8,50.6,50.65,13541792.0,1.0,0.16142554172130244
2012-01-12,50.7,50.85,50.5,50.75,18821732.0,1.0,0.16142554172130244
2012-01-13,51.15,51.25,50.75,50.85,39263092.0,1.0,0.16142554172130244
2012-01-16,51.05,51.1,49.75,50.05,28879651.0,1.0,0.16142554172130244
2012-01-17,50.35,50.6,50.1,50.55,15798299.0,1.0,0.16142554172130244
2012-01-18,50.55,50.75,50.3,50.4,12506827.0,1.0,0.16142554172130244
2012-01-30,51.4,52.3,51.4,51.8,34218903.0,1.0,0.16142554172130244
2012-01-31,52.0,52.4,51.75,51.95,20611434.0,1.0,0.16142554172130244
2012-02-01,52.2,52.5,52.0,52.3,24094799.0,1.0,0.16142554172130244
2012-02-02,52.7,52.95,52.5,52.9,20429817.0,1.0,0.16142554172130244
2012-02-03,52.95,53.05,52.75,53.05,35674566.0,1.0,0.16142554172130244
2012-02-04,53.35,53.8,53.35,53.65,35192801.0,1.0,0.16142554172130244
2012-02-06,53.5,53.5,53.15,53.2,18164280.0,1.0,0.16142554172130244
2012-02-07,53.3,53.6,53.05,53.3,19816410.0,1.0,0.16142554172130244
2012-02-08,53.5,54.45,53.5,54.45,39001109.0,1.0,0.16142554172130244
2012-02-09,54.05,54.4,53.9,54.4,36139797.0,1.0,0.16142554172130244
2012-02-10,54.25,54.55,53.95,53.95,28591539.0,1.0,0.16142554172130244
2012-02-13,54.0,54.35,53.75,54.2,26861060.0,1.0,0.16142554172130244
2012-02-14,54.05,54.25,53.6,54.0,23406458.0,1.0,0.16142554172130244
2012-02-15,54.3,55.0,54.2,54.9,41671754.0,1.0,0.16142554172130244
2012-02-16,54.65,54.85,54.2,54.25,22868244.0,1.0,0.16142554172130244
2012-02-17,54.8,55.2,54.35,54.75,35448758.0,1.0,0.16142554172130244
2012-02-20,54.8,55.05,54.5,54.7,31809117.0,1.0,0.16142554172130244
2012-02-21,54.5,54.75,54.0,54.5,15255755.0,1.0,0.16142554172130244
2012-02-22,54.3,55.1,54.2,54.85,17125114.0,1.0,0.16142554172130244
2012-02-23,54.55,54.75,54.4,54.6,9186327.0,1.0,0.16142554172130244
2012-02-24,54.6,54.85,54.25,54.75,9154405.0,1.0,0.16142554172130244
2012-02-29,55.25,56.0,55.25,56.0,28925369.0,1.0,0.16142554172130244
2012-03-01,55.95,56.2,55.85,55.9,20105093.0,1.0,0.16142554172130244
2012-03-02,56.0,56.1,55.55,55.6,9084860.0,1.0,0.16142554172130244
2012-03-03,55.5,55.55,55.3,55.4,9221806.0,1.0,0.16142554172130244
2012-03-05,55.3,55.35,54.8,54.85,17881179.0,1.0,0.16142554172130244
2012-03-06,54.9,55.05,54.1,54.6,16219461.0,1.0,0.16142554172130244
2012-03-07,54.0,54.5,54.0,54.4,11160667.0,1.0,0.16142554172130244
2012-03-08,54.4,54.9,54.15,54.7,15208959.0,1.0,0.16142554172130244
2012-03-09,54.7,55.05,54.45,54.95,12918735.0,1.0,0.16142554172130244
2012-03-12,55.0,55.0,54.35,54.35,10019478.0,1.0,0.16142554172130244
2012-03-13,54.6,55.3,54.6,55.1,18507456.0,1.0,0.16142554172130244
2012-03-14,56.05,56.2,55.75,55.9,23963909.0,1.0,0.16142554172130244
2012-03-15,55.75,55.9,55.5,55.65,7323511.0,1.0,0.16142554172130244
2012-03-16,55.5,55.7,55.4,55.4,8511788.0,1.0,0.16142554172130244
2012-03-19,55.45,55.65,54.8,55.25,13386685.0,1.0,0.16142554172130244
2012-03-20,55.35,55.35,54.7,54.85,6615005.0,1.0,0.16142554172130244
2012-03-21,54.85,55.2,54.8,54.85,7561144.0,1.0,0.16142554172130244
2012-03-22,54.95,55.75,54.95,55.6,12651661.0,1.0,0.16142554172130244
2012-03-23,55.45,55.6,55.3,55.45,5429629.0,1.0,0.16142554172130244
2012-03-26,55.0,55.25,54.45,54.55,9786648.0,1.0,0.16142554172130244
2012-03-27,54.8,55.25,54.75,55.25,10106090.0,1.0,0.16142554172130244
2012-03-28,55.45,55.85,55.2,55.45,12034547.0,1.0,0.16142554172130244
2012-03-29,55.2,55.2,54.35,54.7,10460778.0,1.0,0.16142554172130244
2012-03-30,54.5,54.9,54.2,54.9,8895286.0,1.0,0.16142554172130244
2012-04-02,54.9,54.9,54.5,54.7,4412958.0,1.0,0.16142554172130244
2012-04-03,54.85,54.9,54.1,54.25,9361989.0,1.0,0.16142554172130244
2012-04-05,53.45,53.8,53.05,53.65,14638663.0,1.0,0.16142554172130244
2012-04-06,53.6,53.85,53.4,53.75,15954729.0,1.0,0.16142554172130244
2012-04-09,53.0,53.5,52.7,53.1,18841697.0,1.0,0.16142554172130244
2012-04-10,53.55,53.6,52.9,53.1,6629891.0,1.0,0.16142554172130244
2012-04-11,52.7,53.45,52.7,53.3,12285576.0,1.0,0.16142554172130244
2012-04-12,53.05,53.4,52.85,53.35,9449544.0,1.0,0.16142554172130244
2012-04-13,53.8,54.05,53.65,53.95,8534831.0,1.0,0.16142554172130244
2012-04-16,53.45,53.8,53.45,53.8,5518938.0,1.0,0.16142554172130244
2012-04-17,53.9,53.9,52.9,52.9,21792243.0,1.0,0.16142554172130244
2012-04-18,53.5,53.5,52.95,53.0,11436286.0,1.0,0.16142554172130244
2012-04-19,53.05,53.2,52.5,53.05,9678682.0,1.0,0.16142554172130244
2012-04-20,52.9,52.95,52.3,52.35,15623013.0,1.0,0.16142554172130244
2012-04-23,52.3,52.4,51.85,52.3,18551636.0,1.0,0.16142554172130244
2012-04-24,52.25,52.65,52.05,52.4,6802543.0,1.0,0.16142554172130244
2012-04-25,52.6,52.8,52.45,52.7,3254707.0,1.0,0.16142554172130244
2012-04-26,52.8,52.85,52.2,52.3,5918302.0,1.0,0.16142554172130244
2012-04-27,52.6,53.05,52.1,52.2,12943419.0,1.0,0.16142554172130244
2012-04-30,52.1,52.1,51.65,52.05,12293303.0,1.0,0.16142554172130244
2012-05-02,52.25,53.35,52.2,53.35,12132883.0,1.0,0.16142554172130244
2012-05-03,53.25,53.25,52.95,53.1,5177566.0,1.0,0.16142554172130244
2012-05-04,52.8,53.3,52.65,53.2,11424808.0,1.0,0.16142554172130244
2012-05-07,52.45,52.45,51.85,52.05,21312453.0,1.0,0.16142554172130244
2012-05-08,52.2,52.25,51.9,52.05,9194107.0,1.0,0.16142554172130244
2012-05-09,51.65,51.85,51.35,51.7,22880792.0,1.0,0.16142554172130244
2012-05-10,51.6,52.0,51.55,51.7,7132826.0,1.0,0.16142554172130244
2012-05-11,51.6,51.6,51.05,51.15,29045919.0,1.0,0.16142554172130244
2012-05-14,51.3,51.3,50.95,51.2,10200944.0,1.0,0.16142554172130244
2012-05-15,50.9,51.2,50.55,51.2,21664396.0,1.0,0.16142554172130244
2012-05-16,51.0,51.1,50.1,50.2,32978827.0,1.0,0.16142554172130244
2012-05-17,50.25,50.85,50.25,50.8,7940204.0,1.0,0.16142554172130244
2012-05-18,50.05,50.25,49.62,49.67,37830294.0,1.0,0.16142554172130244
2012-05-21,49.95,50.05,49.74,49.95,14716016.0,1.0,0.16142554172130244
2012-05-22,50.35,50.4,50.05,50.4,9359416.0,1.0,0.16142554172130244
2012-05-23,49.9,49.9,49.39,49.49,23947129.0,1.0,0.16142554172130244
2012-05-24,49.55,49.69,49.15,49.38,12526356.0,1.0,0.16142554172130244
2012-05-25,49.45,49.45,48.95,49.01,13503507.0,1.0,0.16142554172130244
2012-05-28,49.01,49.47,48.85,49.47,6212453.0,1.0,0.16142554172130244
2012-05-29,49.6,50.8,49.6,50.7,17147363.0,1.0,0.16142554172130244
2012-05-30,50.35,50.35,49.83,50.1,11745965.0,1.0,0.16142554172130244
2012-05-31,49.55,50.15,49.24,50.15,13194698.0,1.0,0.16142554172130244
2012-06-01,49.85,49.85,49.1,49.15,13961446.0,1.0,0.16142554172130244
2012-06-04,48.2,48.2,47.45,47.68,37179608.0,1.0,0.16142554172130244
2012-06-05,48.42,48.45,48.04,48.3,9722549.0,1.0,0.16142554172130244
2012-06-06,48.4,48.72,48.22,48.63,5408098.0,1.0,0.16142554172130244
2012-06-07,49.1,49.12,48.63,48.74,6003935.0,1.0,0.16142554172130244
2012-06-08,48.57,48.6,47.9,48.0,12950511.0,1.0,0.16142554172130244
2012-06-11,48.86,49.07,48.65,48.99,8363770.0,1.0,0.16142554172130244
2012-06-12,48.1,48.61,48.1,48.61,5161000.0,1.0,0.16142554172130244
2012-06-13,48.61,48.83,48.46,48.71,3990825.0,1.0,0.16142554172130244
2012-06-14,48.71,49.0,48.63,48.78,3406033.0,1.0,0.16142554172130244
2012-06-15,48.78,49.4,48.68,49.4,6219720.0,1.0,0.16142554172130244
2012-06-18,50.4,50.5,50.0,50.2,9888425.0,1.0,0.16142554172130244
2012-06-19,50.0,50.1,49.86,49.91,7268598.0,1.0,0.16142554172130244
2012-06-20,50.15,50.45,50.15,50.45,9657087.0,1.0,0.16142554172130244
2012-06-21,50.2,50.3,49.88,50.15,4587460.0,1.0,0.16142554172130244
2012-06-22,49.2,49.62,49.2,49.56,6191984.0,1.0,0.16142554172130244
2012-06-25,49.04,49.29,49.03,49.2,7112729.0,1.0,0.16142554172130244
2012-06-26,49.0,49.1,48.85,48.99,15276201.0,1.0,0.16142554172130244
2012-06-27,48.88,49.5,48.86,49.45,7521013.0,1.0,0.16142554172130244
2012-06-28,49.7,49.75,49.43,49.53,10454140.0,1.0,0.16142554172130244
2012-06-29,49.48,50.3,49.35,50.2,13651507.0,1.0,0.16142554172130244
2012-07-02,50.5,50.7,50.3,50.6,9704279.0,1.0,0.16142554172130244
2012-07-03,50.8,51.5,50.75,51.2,17112185.0,1.0,0.16142554172130244
2012-07-04,51.45,51.75,51.25,51.4,9961163.0,1.0,0.16142554172130244
2012-07-05,51.45,51.65,51.25,51.3,4998944.0,1.0,0.16142554172130244
2012-07-06,51.45,51.55,50.95,51.0,11019128.0,1.0,0.16142554172130244
2012-07-09,50.8,51.05,50.65,50.95,5879989.0,1.0,0.16142554172130244
2012-07-10,50.95,51.0,50.3,50.4,9034377.0,1.0,0.16142554172130244
2012-07-11,50.3,50.55,50.15,50.55,4163176.0,1.0,0.16142554172130244
2012-07-12,50.45,50.5,49.55,49.65,15500042.0,1.0,0.16142554172130244
2012-07-13,49.5,49.7,49.35,49.5,7929169.0,1.0,0.16142554172130244
2012-07-16,49.75,49.8,49.25,49.5,6443204.0,1.0,0.16142554172130244
2012-07-17,49.5,50.05,49.4,49.85,6753341.0,1.0,0.16142554172130244
2012-07-18,49.8,49.8,49.18,49.2,8505798.0,1.0,0.16142554172130244
2012-07-19,49.7,50.3,49.66,50.2,7663401.0,1.0,0.16142554172130244
2012-07-20,50.15,50.25,49.95,50.15,5701139.0,1.0,0.16142554172130244
2012-07-23,49.65,49.7,49.04,49.25,14881209.0,1.0,0.16142554172130244
2012-07-24,49.2,49.2,48.89,49.12,22240566.0,1.0,0.16142554172130244
2012-07-25,48.82,49.21,48.51,48.86,16634274.0,1.0,0.16142554172130244
2012-07-26,49.33,49.33,48.78,48.94,8170426.0,1.0,0.16142554172130244
2012-07-27,49.5,49.95,49.35,49.92,9753125.0,1.0,0.16142554172130244
2012-07-30,50.0,50.55,50.0,50.25,10029446.0,1.0,0.16142554172130244
2012-07-31,50.5,51.1,50.1,51.1,14837371.0,1.0,0.16142554172130244
2012-08-01,50.9,51.3,50.8,51.2,6881841.0,1.0,0.16142554172130244
2012-08-03,50.75,50.9,50.55,50.9,5086836.0,1.0,0.16142554172130244
2012-08-06,51.9,52.0,51.45,51.55,11035662.0,1.0,0.16142554172130244
2012-08-07,51.6,51.65,51.4,51.6,4202938.0,1.0,0.16142554172130244
2012-08-08,51.95,52.2,51.7,51.75,9545045.0,1.0,0.16142554172130244
2012-08-09,52.1,52.9,52.1,52.85,21225221.0,1.0,0.16142554172130244
2012-08-10,52.85,53.05,52.75,52.8,11291279.0,1.0,0.16142554172130244
2012-08-13,53.0,53.25,52.95,53.0,15662135.0,1.0,0.16142554172130244
2012-08-14,53.1,53.55,53.0,53.25,16024047.0,1.0,0.16142554172130244
2012-08-15,53.2,53.4,52.95,53.05,11946875.0,1.0,0.16142554172130244
2012-08-16,53.1,53.5,53.0,53.2,7953827.0,1.0,0.16142554172130244
2012-08-17,53.35,53.35,52.95,52.95,5270885.0,1.0,0.16142554172130244
2012-08-20,52.85,53.05,52.55,52.8,9862178.0,1.0,0.16142554172130244
2012-08-21,52.95,53.8,52.95,53.4,27066882.0,1.0,0.16142554172130244
2012-08-22,53.35,53.4,53.0,53.35,5560943.0,1.0,0.16142554172130244
2012-08-23,53.2,53.5,53.15,53.3,8522486.0,1.0,0.16142554172130244
2012-08-24,53.0,53.2,52.95,53.1,11023694.0,1.0,0.16142554172130244
2012-08-27,53.45,53.55,53.0,53.2,7381834.0,1.0,0.16142554172130244
2012-08-28,52.95,52.95,52.45,52.5,9135416.0,1.0,0.16142554172130244
2012-08-29,52.4,52.8,52.4,52.7,2819315.0,1.0,0.16142554172130244
2012-08-30,52.45,52.7,52.4,52.55,6947921.0,1.0,0.16142554172130244
2012-08-31,52.5,52.85,52.45,52.75,3002955.0,1.0,0.16142554172130244
2012-09-03,52.7,53.25,52.7,53.15,7153672.0,1.0,0.16142554172130244
2012-09-04,53.15,53.3,53.0,53.05,7304539.0,1.0,0.16142554172130244
2012-09-05,52.9,52.9,52.35,52.35,5020171.0,1.0,0.16142554172130244
2012-09-06,52.3,52.5,51.9,52.15,5866731.0,1.0,0.16142554172130244
2012-09-07,53.1,53.2,52.8,52.95,7668229.0,1.0,0.16142554172130244
2012-09-10,52.95,53.35,52.9,53.35,8807199.0,1.0,0.16142554172130244
2012-09-11,53.35,53.5,53.25,53.3,8196917.0,1.0,0.16142554172130244
2012-09-12,53.75,54.15,53.75,54.05,21342647.0,1.0,0.16142554172130244
2012-09-13,54.2,54.3,54.05,54.15,11501332.0,1.0,0.16142554172130244
2012-09-14,54.8,55.6,54.8,55.5,35619400.0,1.0,0.16142554172130244
2012-09-17,55.5,55.8,55.35,55.6,20149767.0,1.0,0.16142554172130244
2012-09-18,55.5,55.6,55.25,55.4,17291813.0,1.0,0.16142554172130244
2012-09-19,55.45,55.75,55.35,55.65,20680374.0,1.0,0.16142554172130244
2012-09-20,55.55,55.65,55.1,55.25,12362843.0,1.0,0.16142554172130244
2012-09-21,55.35,55.6,55.35,55.45,11670115.0,1.0,0.16142554172130244
2012-09-24,55.3,55.7,54.95,55.5,15113535.0,1.0,0.16142554172130244
2012-09-25,55.6,55.65,55.25,55.3,7763669.0,1.0,0.16142554172130244
2012-09-26,54.9,55.15,54.75,54.9,5912990.0,1.0,0.16142554172130244
2012-09-27,54.8,55.15,54.8,55.1,4809219.0,1.0,0.16142554172130244
2012-09-28,55.25,55.35,54.8,55.15,4580522.0,1.0,0.16142554172130244
2012-10-01,55.0,55.1,54.75,55.0,4006626.0,1.0,0.16142554172130244
2012-10-02,55.1,55.35,54.95,55.25,6552980.0,1.0,0.16142554172130244
2012-10-03,55.25,55.3,54.9,55.0,3633269.0,1.0,0.16142554172130244
2012-10-04,55.0,55.1,54.5,55.05,8104245.0,1.0,0.16142554172130244
2012-10-05,55.0,55.3,55.0,55.1,11700336.0,1.0,0.16142554172130244
2012-10-08,55.0,55.05,54.55,54.65,9556106.0,1.0,0.16142554172130244
2012-10-09,54.75,54.75,54.4,54.4,8493250.0,1.0,0.16142554172130244
2012-10-11,53.7,53.7,53.2,53.3,30659151.0,1.0,0.16142554172130244
2012-10-12,53.3,53.4,52.9,53.15,16268409.0,1.0,0.16142554172130244
2012-10-15,53.05,53.25,53.0,53.25,10241646.0,1.0,0.16142554172130244
2012-10-16,53.4,53.5,53.3,53.5,8036901.0,1.0,0.16142554172130244
2012-10-17,53.9,53.9,53.3,53.4,16203149.0,1.0,0.16142554172130244
2012-10-18,53.7,53.8,53.45,53.65,11622262.0,1.0,0.16142554172130244
2012-10-19,53.6,53.6,53.05,53.25,16779789.0,1.0,0.16142554172130244
2012-10-22,52.6,52.9,52.4,52.9,13005865.0,1.0,0.16142554172130244
2012-10-23,52.9,53.1,52.65,52.9,30800049.0,1.0,0.16142554172130244
2012-10-24,50.55,51.0,50.45,51.0,18503895.0,0.9650283553875236,0.16727543892373944
2012-10-25,50.95,50.95,50.45,50.5,20563120.0,1.0,0.16727543892373944
2012-10-26,50.7,50.75,49.87,49.91,26363027.0,1.0,0.16727543892373944
2012-10-29,49.99,50.2,49.87,50.0,15100152.0,1.0,0.16727543892373944
2012-10-30,50.3,50.65,50.2,50.45,12686436.0,1.0,0.16727543892373944
2012-10-31,50.7,50.7,50.2,50.4,6854134.0,1.0,0.16727543892373944
2012-11-01,50.1,50.55,49.6,50.35,16368191.0,1.0,0.16727543892373944
2012-11-02,50.7,50.7,50.5,50.7,7148546.0,1.0,0.16727543892373944
2012-11-05,50.55,50.7,50.3,50.5,8125841.0,1.0,0.16727543892373944
2012-11-06,50.65,50.95,50.4,50.9,9619098.0,1.0,0.16727543892373944
2012-11-07,50.9,51.2,50.65,51.15,11045662.0,1.0,0.16727543892373944
2012-11-08,50.6,50.75,50.5,50.75,9785443.0,1.0,0.16727543892373944
2012-11-09,50.35,51.3,50.25,51.1,10005555.0,1.0,0.16727543892373944
2012-11-12,51.3,51.3,50.85,50.9,7505345.0,1.0,0.16727543892373944
2012-11-13,51.0,51.0,50.0,50.05,14839305.0,1.0,0.16727543892373944
2012-11-14,49.95,50.25,49.82,50.15,7656400.0,1.0,0.16727543892373944
2012-11-15,50.0,50.25,49.5,50.0,11845749.0,1.0,0.16727543892373944
2012-11-16,49.95,50.35,49.78,49.94,13698858.0,1.0,0.16727543892373944
2012-11-19,50.3,50.35,50.05,50.25,4365081.0,1.0,0.16727543892373944
2012-11-20,50.7,50.7,50.25,50.35,4985835.0,1.0,0.16727543892373944
2012-11-21,50.45,50.5,49.7,49.97,13326407.0,1.0,0.16727543892373944
2012-11-22,50.3,50.35,50.1,50.2,7869548.0,1.0,0.16727543892373944
2012-11-23,50.55,51.8,50.5,51.7,19224255.0,1.0,0.16727543892373944
2012-11-26,51.8,52.3,51.8,52.2,13124224.0,1.0,0.16727543892373944
2012-11-27,52.2,52.5,52.0,52.4,8538125.0,1.0,0.16727543892373944
2012-11-28,52.4,52.5,52.2,52.45,4523801.0,1.0,0.16727543892373944
2012-11-29,52.65,53.1,52.65,53.1,19857708.0,1.0,0.16727543892373944
2012-11-30,53.1,53.7,53.0,53.55,29758835.0,1.0,0.16727543892373944
2012-12-03,53.55,53.8,53.2,53.5,11201079.0,1.0,0.16727543892373944
2012-12-04,53.05,53.45,53.05,53.45,10697131.0,1.0,0.16727543892373944
2012-12-05,53.3,53.8,53.1,53.75,13587588.0,1.0,0.16727543892373944
2012-12-06,53.75,53.75,53.45,53.6,11294944.0,1.0,0.16727543892373944
2012-12-07,53.65,54.05,53.65,53.9,16314379.0,1.0,0.16727543892373944
2012-12-10,53.9,54.05,53.5,53.7,9932783.0,1.0,0.16727543892373944
2012-12-11,53.65,53.8,53.3,53.65,8904629.0,1.0,0.16727543892373944
2012-12-12,53.8,54.3,53.8,54.1,18649618.0,1.0,0.16727543892373944
2012-12-13,54.3,54.8,54.25,54.7,22337289.0,1.0,0.16727543892373944
2012-12-14,54.6,54.6,54.2,54.2,9058714.0,1.0,0.16727543892373944
2012-12-17,54.2,54.2,53.4,53.5,5560398.0,1.0,0.16727543892373944
2012-12-18,53.75,53.75,53.4,53.55,6360924.0,1.0,0.16727543892373944
2012-12-19,53.95,53.95,53.6,53.7,4659401.0,1.0,0.16727543892373944
2012-12-20,53.35,53.5,53.05,53.05,7276056.0,1.0,0.16727543892373944
2012-12-21,53.05,53.2,52.4,52.8,11689407.0,1.0,0.16727543892373944
2012-12-22,52.6,53.0,52.6,52.95,4238584.0,1.0,0.16727543892373944
2012-12-24,52.9,53.05,52.65,52.7,4391649.0,1.0,0.16727543892373944
2012-12-25,52.75,53.7,52.75,53.6,11578037.0,1.0,0.16727543892373944
2012-12-26,53.6,53.75,53.4,53.5,18127897.0,1.0,0.16727543892373944
2012-12-27,53.2,53.6,53.2,53.45,11013548.0,1.0,0.16727543892373944
2012-12-28,53.7,53.95,53.65,53.8,19932723.0,1.0,0.16727543892373944
2013-01-02,54.0,54.65,53.9,54.4,16487837.0,1.0,0.16727543892373944
2013-01-03,54.9,55.05,54.65,54.85,29020585.0,1.0,0.16727543892373944
2013-01-04,54.85,54.85,54.4,54.5,9837846.0,1.0,0.16727543892373944
2013-01-07,54.55,54.55,53.9,54.25,8910880.0,1.0,0.16727543892373944
2013-01-08,54.0,54.2,53.65,53.9,12507357.0,1.0,0.16727543892373944
2013-01-09,53.75,54.3,53.75,54.1,7529070.0,1.0,0.16727543892373944
2013-01-10,54.3,54.65,54.15,54.5,13953703.0,1.0,0.16727543892373944
2013-01-11,54.7,54.8,54.35,54.45,11837820.0,1.0,0.16727543892373944
2013-01-14,54.0,54.5,53.8,54.5,7282035.0,1.0,0.16727543892373944
2013-01-15,54.2,54.45,53.9,54.0,6609521.0,1.0,0.16727543892373944
2013-01-16,54.05,54.05,53.7,53.7,8142003.0,1.0,0.16727543892373944
2013-01-17,53.9,54.2,53.2,53.3,10084179.0,1.0,0.16727543892373944
2013-01-18,53.95,53.95,53.7,53.95,5410035.0,1.0,0.16727543892373944
2013-01-21,53.95,54.05,53.55,53.9,4525979.0,1.0,0.16727543892373944
2013-01-22,54.3,54.3,53.7,54.05,10501391.0,1.0,0.16727543892373944
2013-01-23,54.2,54.3,53.9,54.0,7266884.0,1.0,0.16727543892373944
2013-01-24,53.75,53.9,53.25,53.7,11334440.0,1.0,0.16727543892373944
2013-01-25,53.65,53.7,53.2,53.5,8521237.0,1.0,0.16727543892373944
2013-01-28,53.7,53.95,53.65,53.75,8708776.0,1.0,0.16727543892373944
2013-01-29,53.95,54.5,53.95,54.5,21973443.0,1.0,0.16727543892373944
2013-01-30,54.5,54.75,54.45,54.6,21672090.0,1.0,0.16727543892373944
2013-01-31,54.5,54.6,54.3,54.6,12643402.0,1.0,0.16727543892373944
2013-02-01,54.7,54.85,54.6,54.8,15057838.0,1.0,0.16727543892373944
2013-02-04,54.85,55.4,54.85,55.2,30980908.0,1.0,0.16727543892373944
2013-02-05,54.9,55.1,54.9,55.0,15988259.0,1.0,0.16727543892373944
2013-02-06,55.2,55.5,55.2,55.4,29434091.0,1.0,0.16727543892373944
2013-02-18,55.5,55.9,55.45,55.6,29739642.0,1.0,0.16727543892373944
2013-02-19,55.6,55.75,55.55,55.65,16817277.0,1.0,0.16727543892373944
2013-02-20,55.9,56.2,55.9,56.1,21814406.0,1.0,0.16727543892373944
2013-02-21,55.9,56.05,55.7,55.7,9951139.0,1.0,0.16727543892373944
2013-02-22,55.6,55.85,55.35,55.5,9130884.0,1.0,0.16727543892373944
2013-02-23,55.7,55.9,55.65,55.8,6375899.0,1.0,0.16727543892373944
2013-02-25,55.8,55.8,55.55,55.7,10431887.0,1.0,0.16727543892373944
2013-02-26,55.25,55.4,55.05,55.1,6753666.0,1.0,0.16727543892373944
2013-02-27,55.05,55.2,54.95,55.2,4605027.0,1.0,0.16727543892373944
2013-03-01,55.35,55.55,55.3,55.4,5730057.0,1.0,0.16727543892373944
2013-03-04,55.4,55.45,54.7,54.75,8270213.0,1.0,0.16727543892373944
2013-03-05,54.9,55.35,54.9,55.2,16081480.0,1.0,0.16727543892373944
2013-03-06,55.7,55.75,55.2,55.45,4640574.0,1.0,0.16727543892373944
2013-03-07,55.2,55.65,55.2,55.4,5956438.0,1.0,0.16727543892373944
2013-03-08,55.6,55.9,55.6,55.8,12380659.0,1.0,0.16727543892373944
2013-03-11,55.8,56.1,55.6,55.9,12066208.0,1.0,0.16727543892373944
2013-03-12,55.9,56.0,55.55,55.55,7442935.0,1.0,0.16727543892373944
2013-03-13,55.6,55.95,55.3,55.65,10205851.0,1.0,0.16727543892373944
2013-03-14,55.5,55.6,55.35,55.6,12133109.0,1.0,0.16727543892373944
2013-03-15,55.6,55.7,55.2,55.2,9551506.0,1.0,0.16727543892373944
2013-03-18,55.0,55.0,54.3,54.5,13219182.0,1.0,0.16727543892373944
2013-03-19,54.7,54.75,54.5,54.6,3373726.0,1.0,0.16727543892373944
2013-03-20,54.35,54.55,54.15,54.25,8821393.0,1.0,0.16727543892373944
2013-03-21,54.4,54.45,54.25,54.3,4929633.0,1.0,0.16727543892373944
2013-03-22,54.2,54.35,54.15,54.15,8202388.0,1.0,0.16727543892373944
2013-03-25,54.75,54.75,54.45,54.55,2648667.0,1.0,0.16727543892373944
2013-03-26,54.55,54.6,54.45,54.55,1956026.0,1.0,0.16727543892373944
2013-03-27,54.6,54.85,54.45,54.7,4540031.0,1.0,0.16727543892373944
2013-03-28,54.7,54.75,54.4,54.55,3315710.0,1.0,0.16727543892373944
2013-03-29,54.85,55.15,54.7,55.1,5875788.0,1.0,0.16727543892373944
2013-04-01,55.1,55.2,54.95,55.0,3729172.0,1.0,0.16727543892373944
2013-04-02,55.0,55.1,54.7,54.85,4937409.0,1.0,0.16727543892373944
2013-04-03,55.1,55.15,54.9,55.0,2925659.0,1.0,0.16727543892373944
2013-04-08,54.45,54.5,53.85,53.85,18559790.0,1.0,0.16727543892373944
2013-04-09,54.0,54.05,53.6,53.7,7681461.0,1.0,0.16727543892373944
2013-04-10,53.75,53.95,53.6,53.8,3118305.0,1.0,0.16727543892373944
2013-04-11,53.95,54.4,53.95,54.35,9842030.0,1.0,0.16727543892373944
2013-04-12,54.4,54.5,54.2,54.35,2297003.0,1.0,0.16727543892373944
2013-04-15,54.25,54.35,53.75,53.9,4111521.0,1.0,0.16727543892373944
2013-04-16,53.5,54.0,53.45,54.0,5150419.0,1.0,0.16727543892373944
2013-04-17,54.0,54.1,53.85,53.9,4995060.0,1.0,0.16727543892373944
2013-04-18,53.55,54.1,53.55,53.85,5605761.0,1.0,0.16727543892373944
2013-04-19,54.25,55.5,54.25,55.45,22459000.0,1.0,0.16727543892373944
2013-04-22,55.55,55.65,55.3,55.4,11412387.0,1.0,0.16727543892373944
2013-04-23,55.4,55.4,54.95,55.1,3673886.0,1.0,0.16727543892373944
2013-04-24,55.35,55.75,55.25,55.55,12432393.0,1.0,0.16727543892373944
2013-04-25,55.45,55.75,55.4,55.65,11885352.0,1.0,0.16727543892373944
2013-04-26,55.8,56.2,55.8,55.85,11113050.0,1.0,0.16727543892373944
2013-04-29,55.9,56.0,55.75,55.8,8140413.0,1.0,0.16727543892373944
2013-04-30,56.25,56.55,56.25,56.4,17616881.0,1.0,0.16727543892373944
2013-05-02,56.35,56.65,56.35,56.55,15919943.0,1.0,0.16727543892373944
2013-05-03,56.85,57.0,56.65,56.65,13217634.0,1.0,0.16727543892373944
2013-05-06,57.0,57.15,56.9,56.9,8575588.0,1.0,0.16727543892373944
2013-05-07,56.9,57.2,56.8,57.1,14262007.0,1.0,0.16727543892373944
2013-05-08,57.2,58.1,57.2,57.85,21793386.0,1.0,0.16727543892373944
2013-05-09,58.2,58.45,58.15,58.2,17797101.0,1.0,0.16727543892373944
2013-05-10,58.1,58.15,57.85,57.9,9240965.0,1.0,0.16727543892373944
2013-05-13,57.9,58.0,57.6,57.75,6700177.0,1.0,0.16727543892373944
2013-05-14,58.0,58.25,57.75,57.9,10934122.0,1.0,0.16727543892373944
2013-05-15,58.1,58.1,57.65,57.95,11719865.0,1.0,0.16727543892373944
2013-05-16,58.5,58.9,58.4,58.7,32187846.0,1.0,0.16727543892373944
2013-05-17,58.6,58.7,58.4,58.4,8651843.0,1.0,0.16727543892373944
2013-05-20,58.3,58.5,58.1,58.3,7993319.0,1.0,0.16727543892373944
2013-05-21,58.35,58.7,58.15,58.3,6989772.0,1.0,0.16727543892373944
2013-05-22,58.65,58.7,58.2,58.25,7429351.0,1.0,0.16727543892373944
2013-05-23,57.9,58.0,57.0,57.0,14865840.0,1.0,0.16727543892373944
2013-05-24,57.0,57.2,56.6,56.85,6949631.0,1.0,0.16727543892373944
2013-05-27,56.8,57.35,56.8,57.35,3285598.0,1.0,0.16727543892373944
2013-05-28,57.4,57.45,57.15,57.15,2342716.0,1.0,0.16727543892373944
2013-05-29,57.35,57.8,57.35,57.65,7988608.0,1.0,0.16727543892373944
2013-05-30,57.4,57.45,56.85,56.95,8823666.0,1.0,0.16727543892373944
2013-05-31,57.5,57.7,56.8,56.95,9240119.0,1.0,0.16727543892373944
2013-06-03,56.45,56.75,56.25,56.7,6538988.0,1.0,0.16727543892373944
2013-06-04,56.7,56.8,56.35,56.6,4243204.0,1.0,0.16727543892373944
2013-06-05,56.55,56.75,56.35,56.6,3459608.0,1.0,0.16727543892373944
2013-06-06,56.2,56.3,55.75,55.9,15077276.0,1.0,0.16727543892373944
2013-06-07,55.95,56.15,55.9,56.05,9058196.0,1.0,0.16727543892373944
2013-06-10,56.55,56.7,56.4,56.5,3505343.0,1.0,0.16727543892373944
2013-06-11,56.55,56.65,56.25,56.35,4689065.0,1.0,0.16727543892373944
2013-06-13,55.9,55.9,55.0,55.0,33023834.0,1.0,0.16727543892373944
2013-06-14,55.15,55.15,54.7,54.8,18099232.0,1.0,0.16727543892373944
2013-06-17,54.85,55.15,54.8,55.15,5347377.0,1.0,0.16727543892373944
2013-06-18,55.15,55.4,54.85,55.4,8771556.0,1.0,0.16727543892373944
2013-06-19,55.5,55.5,55.15,55.3,6076740.0,1.0,0.16727543892373944
2013-06-20,55.0,55.0,54.2,54.25,25487892.0,1.0,0.16727543892373944
2013-06-21,54.1,54.1,53.25,53.6,34639623.0,1.0,0.16727543892373944
2013-06-24,53.4,53.5,53.1,53.4,21260360.0,1.0,0.16727543892373944
2013-06-25,53.3,53.7,52.95,53.0,19437447.0,1.0,0.16727543892373944
2013-06-26,53.6,53.8,53.3,53.7,9915925.0,1.0,0.16727543892373944
2013-06-27,54.05,54.35,53.9,54.35,22275200.0,1.0,0.16727543892373944
2013-06-28,54.4,55.1,54.3,55.1,13714432.0,1.0,0.16727543892373944
2013-07-01,54.8,55.7,54.8,55.6,13788335.0,1.0,0.16727543892373944
2013-07-02,55.65,55.75,55.45,55.5,4672336.0,1.0,0.16727543892373944
2013-07-03,55.2,55.4,54.85,54.85,7004292.0,1.0,0.16727543892373944
2013-07-04,54.9,55.15,54.8,54.95,4877072.0,1.0,0.16727543892373944
2013-07-05,55.25,56.05,55.2,56.05,17674559.0,1.0,0.16727543892373944
2013-07-08,56.05,56.05,54.95,55.0,8666116.0,1.0,0.16727543892373944
2013-07-09,55.0,55.7,54.95,55.65,4074161.0,1.0,0.16727543892373944
2013-07-10,55.75,56.3,55.65,55.8,9107840.0,1.0,0.16727543892373944
2013-07-11,56.75,57.4,56.7,57.2,30308916.0,1.0,0.16727543892373944
2013-07-12,57.2,57.4,57.1,57.35,12910000.0,1.0,0.16727543892373944
2013-07-15,57.35,57.7,57.1,57.5,14187888.0,1.0,0.16727543892373944
2013-07-16,57.5,57.6,57.35,57.5,9554028.0,1.0,0.16727543892373944
2013-07-17,57.4,57.75,57.35,57.6,12990199.0,1.0,0.16727543892373944
2013-07-18,57.6,57.65,57.1,57.2,12640447.0,1.0,0.16727543892373944
2013-07-19,56.9,56.9,55.75,55.95,24692954.0,1.0,0.16727543892373944
2013-07-22,56.15,56.4,56.1,56.15,5257632.0,1.0,0.16727543892373944
2013-07-23,56.5,57.2,56.5,57.05,8971869.0,1.0,0.16727543892373944
2013-07-24,56.8,57.15,56.8,56.9,4960850.0,1.0,0.16727543892373944
2013-07-25,56.8,57.15,56.5,57.0,4111707.0,1.0,0.16727543892373944
2013-07-26,57.0,57.4,56.7,56.9,4896127.0,1.0,0.16727543892373944
2013-07-29,56.7,56.85,56.25,56.5,5925434.0,1.0,0.16727543892373944
2013-07-30,56.75,57.15,56.5,56.95,10121624.0,1.0,0.16727543892373944
2013-07-31,56.95,56.95,56.55,56.6,4383656.0,1.0,0.16727543892373944
2013-08-01,56.55,56.65,56.05,56.2,7468236.0,1.0,0.16727543892373944
2013-08-02,56.6,57.0,56.35,56.55,6840267.0,1.0,0.16727543892373944
2013-08-05,56.5,56.8,56.25,56.7,2877732.0,1.0,0.16727543892373944
2013-08-06,56.4,56.4,55.75,55.9,20739753.0,1.0,0.16727543892373944
2013-08-07,55.55,55.55,55.1,55.1,21061146.0,1.0,0.16727543892373944
2013-08-08,55.0,55.1,54.8,54.9,25089681.0,1.0,0.16727543892373944
2013-08-09,54.9,55.1,54.65,54.85,25862360.0,1.0,0.16727543892373944
2013-08-12,55.0,55.05,54.7,55.0,12024912.0,1.0,0.16727543892373944
2013-08-13,55.35,55.55,55.3,55.55,7627486.0,1.0,0.16727543892373944
2013-08-14,55.55,55.55,55.1,55.4,11120302.0,1.0,0.16727543892373944
2013-08-15,54.85,55.05,54.5,55.0,17432561.0,1.0,0.16727543892373944
2013-08-16,54.65,55.45,54.65,55.25,17785551.0,1.0,0.16727543892373944
2013-08-19,55.05,55.1,54.85,55.1,8438620.0,1.0,0.16727543892373944
2013-08-20,54.85,55.15,54.5,54.6,19856498.0,1.0,0.16727543892373944
2013-08-22,54.3,54.35,53.85,54.15,30612447.0,1.0,0.16727543892373944
2013-08-23,54.5,55.0,54.5,54.85,16798781.0,1.0,0.16727543892373944
2013-08-26,55.0,55.2,54.75,55.1,6650143.0,1.0,0.16727543892373944
2013-08-27,55.0,55.0,54.6,54.6,7339895.0,1.0,0.16727543892373944
2013-08-28,54.35,54.75,54.3,54.75,9583954.0,1.0,0.16727543892373944
2013-08-29,54.85,55.6,54.85,55.5,12791404.0,1.0,0.16727543892373944
2013-08-30,55.6,55.85,55.4,55.85,11435856.0,1.0,0.16727543892373944
2013-09-02,55.95,56.4,55.9,56.3,20804919.0,1.0,0.16727543892373944
2013-09-03,56.6,56.7,56.4,56.65,20556239.0,1.0,0.16727543892373944
2013-09-04,56.5,56.6,56.25,56.55,10480444.0,1.0,0.16727543892373944
2013-09-05,56.7,56.95,56.55,56.9,21411913.0,1.0,0.16727543892373944
2013-09-06,56.85,57.05,56.85,57.0,22393275.0,1.0,0.16727543892373944
2013-09-09,57.0,57.3,56.7,57.2,17058581.0,1.0,0.16727543892373944
2013-09-10,57.35,57.6,57.15,57.35,23422376.0,1.0,0.16727543892373944
2013-09-11,57.5,57.5,57.1,57.5,20577058.0,1.0,0.16727543892373944
2013-09-12,57.4,57.7,57.3,57.55,12988288.0,1.0,0.16727543892373944
2013-09-13,57.5,57.6,57.1,57.1,5616027.0,1.0,0.16727543892373944
2013-09-14,57.15,57.25,57.05,57.1,6236106.0,1.0,0.16727543892373944
2013-09-16,57.45,57.95,57.45,57.8,14816216.0,1.0,0.16727543892373944
2013-09-17,57.5,57.75,57.5,57.75,6240628.0,1.0,0.16727543892373944
2013-09-18,57.9,58.0,57.55,57.55,14816839.0,1.0,0.16727543892373944
2013-09-23,57.55,58.15,57.5,58.0,10272430.0,1.0,0.16727543892373944
2013-09-24,58.0,58.1,57.75,58.05,10109391.0,1.0,0.16727543892373944
2013-09-25,58.0,58.0,57.6,57.8,4177369.0,1.0,0.16727543892373944
2013-09-26,57.7,57.8,57.2,57.25,4355788.0,1.0,0.16727543892373944
2013-09-27,57.4,57.55,57.35,57.4,4768533.0,1.0,0.16727543892373944
2013-09-30,57.0,57.3,56.75,57.15,16694045.0,1.0,0.16727543892373944
2013-10-01,57.0,57.3,57.0,57.15,15431775.0,1.0,0.16727543892373944
2013-10-02,57.5,57.5,57.25,57.35,11303711.0,1.0,0.16727543892373944
2013-10-03,57.5,58.8,57.45,58.55,23774643.0,1.0,0.16727543892373944
2013-10-04,58.5,58.55,58.25,58.45,16689318.0,1.0,0.16727543892373944
2013-10-07,58.15,58.15,57.85,57.9,4869744.0,1.0,0.16727543892373944
2013-10-08,57.85,58.45,57.8,58.35,9440826.0,1.0,0.16727543892373944
2013-10-09,58.1,58.35,58.0,58.2,6006272.0,1.0,0.16727543892373944
2013-10-11,58.85,58.95,58.4,58.45,9045228.0,1.0,0.16727543892373944
2013-10-14,58.4,58.4,57.95,58.0,6623978.0,1.0,0.16727543892373944
2013-10-15,58.45,58.6,58.3,58.5,8042634.0,1.0,0.16727543892373944
2013-10-16,58.45,58.6,58.25,58.25,7029103.0,1.0,0.16727543892373944
2013-10-17,58.65,58.85,58.45,58.55,5062547.0,1.0,0.16727543892373944
2013-10-18,58.65,59.1,58.65,59.05,14818570.0,1.0,0.16727543892373944
2013-10-21,59.05,59.15,58.85,59.0,6552193.0,1.0,0.16727543892373944
2013-10-22,58.8,59.1,58.6,59.0,7199462.0,1.0,0.16727543892373944
2013-10-23,59.1,59.1,58.6,58.7,8639415.0,1.0,0.16727543892373944
2013-10-24,57.7,57.7,57.15,57.55,7935549.0,0.9770017035775127,0.17121304733781179
2013-10-25,57.35,57.35,56.85,57.1,11177175.0,1.0,0.17121304733781179
2013-10-28,57.15,57.65,57.1,57.5,6936708.0,1.0,0.17121304733781179
2013-10-29,57.45,57.8,57.3,57.75,5790985.0,1.0,0.17121304733781179
2013-10-30,57.8,57.9,57.65,57.9,4375748.0,1.0,0.17121304733781179
2013-10-31,57.85,58.05,57.6,57.9,6045775.0,1.0,0.17121304733781179
2013-11-01,58.0,58.1,57.45,57.6,6293364.0,1.0,0.17121304733781179
2013-11-04,57.4,57.4,57.1,57.35,6647499.0,1.0,0.17121304733781179
2013-11-05,57.25,57.35,56.75,56.8,7879372.0,1.0,0.17121304733781179
2013-11-06,56.8,56.9,56.6,56.8,4717161.0,1.0,0.17121304733781179
2013-11-07,56.85,56.85,56.5,56.65,4901449.0,1.0,0.17121304733781179
2013-11-08,56.6,56.65,56.35,56.45,6209803.0,1.0,0.17121304733781179
2013-11-11,56.45,56.5,56.2,56.3,8237847.0,1.0,0.17121304733781179
2013-11-12,56.6,56.6,56.2,56.5,6243339.0,1.0,0.17121304733781179
2013-11-13,56.25,56.3,55.7,55.75,17168796.0,1.0,0.17121304733781179
2013-11-14,56.0,56.1,55.65,55.9,15583085.0,1.0,0.17121304733781179
2013-11-15,56.1,56.35,55.9,56.15,12722507.0,1.0,0.17121304733781179
2013-11-18,56.35,56.5,56.2,56.45,5565731.0,1.0,0.17121304733781179
2013-11-19,56.55,56.85,56.55,56.8,8478759.0,1.0,0.17121304733781179
2013-11-20,56.65,56.7,56.35,56.45,9701799.0,1.0,0.17121304733781179
2013-11-21,56.1,56.1,55.4,55.45,35062264.0,1.0,0.17121304733781179
2013-11-22,55.5,55.7,55.5,55.5,10937407.0,1.0,0.17121304733781179
2013-11-25,56.15,56.5,56.15,56.25,10345365.0,1.0,0.17121304733781179
2013-11-26,56.0,56.9,56.0,56.7,9878559.0,1.0,0.17121304733781179
2013-11-27,56.7,57.05,56.65,57.0,8118057.0,1.0,0.17121304733781179
2013-11-28,57.35,57.45,57.2,57.35,11237010.0,1.0,0.17121304733781179
2013-11-29,57.35,57.7,57.25,57.55,14720545.0,1.0,0.17121304733781179
2013-12-02,57.6,57.7,57.35,57.45,5600990.0,1.0,0.17121304733781179
2013-12-03,57.35,57.5,57.15,57.5,7385103.0,1.0,0.17121304733781179
2013-12-04,57.25,57.65,57.2,57.45,7401796.0,1.0,0.17121304733781179
2013-12-05,57.45,57.5,57.0,57.1,6056780.0,1.0,0.17121304733781179
2013-12-06,57.05,57.4,56.9,57.15,4023610.0,1.0,0.17121304733781179
2013-12-09,57.55,57.95,57.55,57.65,8645140.0,1.0,0.17121304733781179
2013-12-10,57.55,57.9,57.55,57.8,6866804.0,1.0,0.17121304733781179
2013-12-11,57.95,58.3,57.65,57.85,10106222.0,1.0,0.17121304733781179
2013-12-12,57.6,57.6,57.2,57.4,4216323.0,1.0,0.17121304733781179
2013-12-13,57.1,57.4,57.05,57.35,5099860.0,1.0,0.17121304733781179
2013-12-16,57.25,57.25,56.7,56.9,6971824.0,1.0,0.17121304733781179
2013-12-17,57.15,57.3,57.1,57.2,3090413.0,1.0,0.17121304733781179
2013-12-18,57.2,57.2,56.85,57.0,3488194.0,1.0,0.17121304733781179
2013-12-19,57.4,57.5,57.15,57.35,6051598.0,1.0,0.17121304733781179
2013-12-20,57.35,57.55,57.2,57.45,4317836.0,1.0,0.17121304733781179
2013-12-23,57.55,58.0,57.55,57.85,9016858.0,1.0,0.17121304733781179
2013-12-24,57.85,57.9,57.7,57.8,5052909.0,1.0,0.17121304733781179
2013-12-25,57.9,57.95,57.75,57.85,3321019.0,1.0,0.17121304733781179
2013-12-26,57.85,57.95,57.8,57.85,3417207.0,1.0,0.17121304733781179
2013-12-27,57.8,58.4,57.8,58.3,12606977.0,1.0,0.17121304733781179
2013-12-30,58.35,58.95,58.35,58.8,18118818.0,1.0,0.17121304733781179
2013-12-31,59.05,59.05,58.7,58.7,12256516.0,1.0,0.17121304733781179
2014-01-02,58.7,58.75,58.35,58.55,10762073.0,1.0,0.17121304733781179
2014-01-03,58.45,58.45,57.7,57.85,14509506.0,1.0,0.17121304733781179
2014-01-06,57.75,57.95,57.55,57.7,14870810.0,1.0,0.17121304733781179
2014-01-07,57.75,57.9,57.7,57.7,13128332.0,1.0,0.17121304733781179
2014-01-08,57.7,57.95,57.7,57.8,7605215.0,1.0,0.17121304733781179
2014-01-09,57.65,57.8,57.4,57.55,8571228.0,1.0,0.17121304733781179
2014-01-10,57.5,57.65,57.5,57.55,4741624.0,1.0,0.17121304733781179
2014-01-13,58.0,58.2,57.8,57.9,6179869.0,1.0,0.17121304733781179
2014-01-14,57.7,57.85,57.6,57.8,4276441.0,1.0,0.17121304733781179
2014-01-15,57.95,58.45,57.95,58.4,11675845.0,1.0,0.17121304733781179
2014-01-16,58.5,58.75,58.5,58.55,12771698.0,1.0,0.17121304733781179
2014-01-17,58.6,58.7,58.3,58.65,8169584.0,1.0,0.17121304733781179
2014-01-20,58.4,58.8,58.4,58.8,5627156.0,1.0,0.17121304733781179
2014-01-21,58.75,58.85,58.5,58.55,6963662.0,1.0,0.17121304733781179
2014-01-22,58.45,58.65,58.35,58.65,6838219.0,1.0,0.17121304733781179
2014-01-23,58.6,58.75,58.35,58.5,6904868.0,1.0,0.17121304733781179
2014-01-24,58.3,58.8,58.3,58.65,10706035.0,1.0,0.17121304733781179
2014-01-27,58.1,58.2,57.45,57.6,21325343.0,1.0,0.17121304733781179
2014-02-05,56.4,56.4,55.6,55.8,57559609.0,1.0,0.17121304733781179
2014-02-06,55.95,56.2,55.8,56.0,12853797.0,1.0,0.17121304733781179
2014-02-07,56.4,56.7,56.3,56.6,16027524.0,1.0,0.17121304733781179
2014-02-10,56.9,56.9,56.6,56.6,6020179.0,1.0,0.17121304733781179
2014-02-11,56.6,56.95,56.6,56.95,5582078.0,1.0,0.17121304733781179
2014-02-12,57.15,57.55,57.15,57.55,18604541.0,1.0,0.17121304733781179
2014-02-13,57.45,57.55,57.35,57.4,8235696.0,1.0,0.17121304733781179
2014-02-14,57.7,58.2,57.7,57.95,22328857.0,1.0,0.17121304733781179
2014-02-17,58.1,58.25,57.95,57.95,15434959.0,1.0,0.17121304733781179
2014-02-18,57.95,58.15,57.8,58.15,13088686.0,1.0,0.17121304733781179
2014-02-19,58.1,58.2,58.05,58.15,13366688.0,1.0,0.17121304733781179
2014-02-20,58.05,58.05,57.6,57.65,13737331.0,1.0,0.17121304733781179
2014-02-21,58.4,58.45,58.2,58.2,17317428.0,1.0,0.17121304733781179
2014-02-24,58.4,58.45,57.8,57.9,7368063.0,1.0,0.17121304733781179
2014-02-25,58.25,58.25,57.95,58.15,8621993.0,1.0,0.17121304733781179
2014-02-26,58.0,58.5,57.95,58.4,8953651.0,1.0,0.17121304733781179
2014-02-27,58.3,58.45,58.3,58.3,3676458.0,1.0,0.17121304733781179
2014-03-03,57.8,58.15,57.5,57.95,8020935.0,1.0,0.17121304733781179
2014-03-04,57.9,58.0,57.7,57.7,6185686.0,1.0,0.17121304733781179
2014-03-05,58.2,58.45,58.2,58.3,6901618.0,1.0,0.17121304733781179
2014-03-06,58.35,59.2,58.35,59.15,26226639.0,1.0,0.17121304733781179
2014-03-07,59.3,59.8,59.3,59.4,30394804.0,1.0,0.17121304733781179
2014-03-10,59.3,59.4,58.95,59.05,7930817.0,1.0,0.17121304733781179
2014-03-11,59.25,59.45,59.15,59.35,4967719.0,1.0,0.17121304733781179
2014-03-12,58.85,59.0,58.75,58.8,2671739.0,1.0,0.17121304733781179
2014-03-13,59.25,59.8,59.25,59.75,25692825.0,1.0,0.17121304733781179
2014-03-14,59.15,59.3,59.1,59.15,13449615.0,1.0,0.17121304733781179
2014-03-17,59.15,59.2,58.9,59.05,8983182.0,1.0,0.17121304733781179
2014-03-18,59.4,59.5,59.2,59.4,14863279.0,1.0,0.17121304733781179
2014-03-19,59.4,59.45,58.95,59.25,9855394.0,1.0,0.17121304733781179
2014-03-20,58.7,58.7,58.3,58.5,18482909.0,1.0,0.17121304733781179
2014-03-21,58.65,58.65,58.4,58.5,4142984.0,1.0,0.17121304733781179
2014-03-24,58.45,58.65,58.25,58.65,11346270.0,1.0,0.17121304733781179
2014-03-25,58.5,59.15,58.5,59.15,4915027.0,1.0,0.17121304733781179
2014-03-26,59.45,59.7,59.35,59.7,9980170.0,1.0,0.17121304733781179
2014-03-27,59.5,59.85,59.45,59.8,11258157.0,1.0,0.17121304733781179
2014-03-28,59.85,60.1,59.8,59.9,20164890.0,1.0,0.17121304733781179
2014-03-31,60.05,60.15,59.9,60.1,17186901.0,1.0,0.17121304733781179
2014-04-01,60.25,60.6,60.2,60.6,28836222.0,1.0,0.17121304733781179
2014-04-02,60.8,61.15,60.8,60.8,19104855.0,1.0,0.17121304733781179
2014-04-03,60.8,60.95,60.65,60.65,12620330.0,1.0,0.17121304733781179
2014-04-07,60.4,60.5,60.3,60.5,11380319.0,1.0,0.17121304733781179
2014-04-08,60.45,60.9,60.45,60.8,14011887.0,1.0,0.17121304733781179
2014-04-09,60.8,61.1,60.8,61.0,12067064.0,1.0,0.17121304733781179
2014-04-10,61.25,61.3,60.9,61.2,13486974.0,1.0,0.17121304733781179
2014-04-11,60.8,61.15,60.8,61.15,15019135.0,1.0,0.17121304733781179
2014-04-14,61.1,61.2,60.9,61.05,13397003.0,1.0,0.17121304733781179
2014-04-15,61.2,61.45,61.2,61.35,13893416.0,1.0,0.17121304733781179
2014-04-16,61.35,61.5,61.1,61.3,7049691.0,1.0,0.17121304733781179
2014-04-17,61.3,61.4,61.1,61.15,3531783.0,1.0,0.17121304733781179
2014-04-18,61.75,61.9,61.5,61.55,7072752.0,1.0,0.17121304733781179
2014-04-21,61.45,61.65,61.45,61.55,3405648.0,1.0,0.17121304733781179
2014-04-22,61.55,61.95,61.55,61.75,9137755.0,1.0,0.17121304733781179
2014-04-23,61.85,62.05,61.5,61.65,5487114.0,1.0,0.17121304733781179
2014-04-24,61.7,61.8,61.6,61.75,4518205.0,1.0,0.17121304733781179
2014-04-25,61.65,61.8,60.6,60.7,22903168.0,1.0,0.17121304733781179
2014-04-28,60.3,61.5,60.3,61.25,8482863.0,1.0,0.17121304733781179
2014-04-29,61.25,61.5,61.1,61.35,6518965.0,1.0,0.17121304733781179
2014-04-30,61.4,61.45,60.8,61.0,5598140.0,1.0,0.17121304733781179
2014-05-02,61.15,61.65,61.15,61.3,7646838.0,1.0,0.17121304733781179
2014-05-05,61.55,61.6,61.0,61.2,6845893.0,1.0,0.17121304733781179
2014-05-06,61.5,61.75,61.1,61.55,10313513.0,1.0,0.17121304733781179
2014-05-07,61.5,61.6,61.2,61.4,7877926.0,1.0,0.17121304733781179
2014-05-08,61.6,61.85,61.4,61.85,3831478.0,1.0,0.17121304733781179
2014-05-09,61.7,61.85,61.45,61.45,3932389.0,1.0,0.17121304733781179
2014-05-12,61.5,61.5,61.1,61.15,3933661.0,1.0,0.17121304733781179
2014-05-13,61.6,61.75,61.35,61.45,5610714.0,1.0,0.17121304733781179
2014-05-14,61.6,61.8,61.45,61.8,10739563.0,1.0,0.17121304733781179
2014-05-15,61.75,61.85,61.55,61.75,8903574.0,1.0,0.17121304733781179
2014-05-16,61.65,61.85,61.4,61.85,9138648.0,1.0,0.17121304733781179
2014-05-19,61.85,62.0,61.8,61.85,7165881.0,1.0,0.17121304733781179
2014-05-20,61.9,62.3,61.9,62.1,9946886.0,1.0,0.17121304733781179
2014-05-21,62.0,62.2,61.75,61.8,6524205.0,1.0,0.17121304733781179
2014-05-22,62.0,62.65,61.95,62.65,14665439.0,1.0,0.17121304733781179
2014-05-23,62.85,62.9,62.65,62.75,13448718.0,1.0,0.17121304733781179
2014-05-26,62.85,63.1,62.85,63.05,8643880.0,1.0,0.17121304733781179
2014-05-27,63.05,63.2,62.95,63.1,8034252.0,1.0,0.17121304733781179
2014-05-28,63.15,63.8,63.15,63.7,11647085.0,1.0,0.17121304733781179
2014-05-29,63.7,63.7,63.4,63.4,9544840.0,1.0,0.17121304733781179
2014-05-30,63.4,63.45,63.1,63.1,6715690.0,1.0,0.17121304733781179
2014-06-03,63.15,63.45,62.8,63.15,5110138.0,1.0,0.17121304733781179
2014-06-04,63.4,63.55,63.3,63.4,3390223.0,1.0,0.17121304733781179
2014-06-05,63.3,63.4,63.1,63.4,1703159.0,1.0,0.17121304733781179
2014-06-06,63.65,63.75,63.4,63.55,3489349.0,1.0,0.17121304733781179
2014-06-09,63.6,63.85,63.6,63.8,3894834.0,1.0,0.17121304733781179
2014-06-10,63.85,64.3,63.85,64.2,6843134.0,1.0,0.17121304733781179
2014-06-11,64.2,64.25,64.05,64.15,5038545.0,1.0,0.17121304733781179
2014-06-12,64.0,64.1,63.9,64.0,4508091.0,1.0,0.17121304733781179
2014-06-13,63.9,63.9,63.7,63.85,3322318.0,1.0,0.17121304733781179
2014-06-16,63.85,64.0,63.6,63.9,2605436.0,1.0,0.17121304733781179
2014-06-17,63.9,64.45,63.85,64.35,3853708.0,1.0,0.17121304733781179
2014-06-18,64.4,64.8,64.3,64.5,9534569.0,1.0,0.17121304733781179
2014-06-19,64.65,65.05,64.55,64.95,9933277.0,1.0,0.17121304733781179
2014-06-20,64.95,65.1,64.7,64.75,3557667.0,1.0,0.17121304733781179
2014-06-23,64.8,65.0,64.6,64.7,13750447.0,1.0,0.17121304733781179
2014-06-24,64.85,65.05,64.7,64.8,7963338.0,1.0,0.17121304733781179
2014-06-25,64.65,64.8,64.6,64.65,7516190.0,1.0,0.17121304733781179
2014-06-26,64.75,65.4,64.75,65.35,9208018.0,1.0,0.17121304733781179
2014-06-27,65.35,65.35,64.5,65.35,9225169.0,1.0,0.17121304733781179
2014-06-30,65.3,66.0,65.2,65.95,7584505.0,1.0,0.17121304733781179
2014-07-01,65.95,66.75,65.85,66.55,9614792.0,1.0,0.17121304733781179
2014-07-02,66.8,67.55,66.65,67.1,11640582.0,1.0,0.17121304733781179
2014-07-03,67.1,67.8,66.9,67.7,8115059.0,1.0,0.17121304733781179
2014-07-04,67.8,67.9,67.35,67.7,7081035.0,1.0,0.17121304733781179
2014-07-07,67.5,67.7,67.3,67.6,5515011.0,1.0,0.17121304733781179
2014-07-08,67.8,67.9,67.6,67.75,5506198.0,1.0,0.17121304733781179
2014-07-09,67.65,67.85,67.5,67.85,3129845.0,1.0,0.17121304733781179
2014-07-10,67.8,68.45,67.8,68.35,5627537.0,1.0,0.17121304733781179
2014-07-11,68.35,68.7,68.15,68.3,7800458.0,1.0,0.17121304733781179
2014-07-14,68.25,68.8,68.25,68.7,3077528.0,1.0,0.17121304733781179
2014-07-15,68.95,69.05,68.75,68.95,3956132.0,1.0,0.17121304733781179
2014-07-16,68.95,69.0,68.1,68.35,5002973.0,1.0,0.17121304733781179
2014-07-17,67.95,68.0,67.3,67.5,8012978.0,1.0,0.17121304733781179
2014-07-18,67.05,67.6,67.0,67.5,6375175.0,1.0,0.17121304733781179
2014-07-21,67.75,67.95,67.5,67.5,5309448.0,1.0,0.17121304733781179
2014-07-22,67.7,68.2,67.5,68.1,4156126.0,1.0,0.17121304733781179
2014-07-24,68.3,68.4,68.1,68.4,3849330.0,1.0,0.17121304733781179
2014-07-25,68.4,68.4,67.45,67.65,5548433.0,1.0,0.17121304733781179
2014-07-28,67.45,67.8,67.3,67.5,2764903.0,1.0,0.17121304733781179
2014-07-29,67.75,67.95,67.2,67.45,7204003.0,1.0,0.17121304733781179
2014-07-30,67.45,67.95,67.45,67.85,2800462.0,1.0,0.17121304733781179
2014-07-31,67.85,67.85,66.6,66.75,11131485.0,1.0,0.17121304733781179
2014-08-01,65.95,66.3,65.9,66.25,12831792.0,1.0,0.17121304733781179
2014-08-04,66.2,66.7,66.1,66.6,3754385.0,1.0,0.17121304733781179
2014-08-05,66.4,66.4,65.1,65.25,19581384.0,1.0,0.17121304733781179
2014-08-06,65.3,65.75,65.05,65.7,6860410.0,1.0,0.17121304733781179
2014-08-07,65.75,65.9,65.4,65.7,6005594.0,1.0,0.17121304733781179
2014-08-08,65.45,65.7,65.05,65.7,14251196.0,1.0,0.17121304733781179
2014-08-11,66.0,66.15,65.75,66.05,8083747.0,1.0,0.17121304733781179
2014-08-12,66.0,66.3,65.85,66.1,4360382.0,1.0,0.17121304733781179
2014-08-13,66.15,66.75,66.05,66.75,5217269.0,1.0,0.17121304733781179
2014-08-14,67.0,67.25,66.95,67.1,5985133.0,1.0,0.17121304733781179
2014-08-15,67.1,67.25,66.75,67.1,3889652.0,1.0,0.17121304733781179
2014-08-18,67.1,67.1,66.6,66.9,2431156.0,1.0,0.17121304733781179
2014-08-19,67.3,67.75,67.0,67.75,6729759.0,1.0,0.17121304733781179
2014-08-20,67.7,68.05,67.7,68.0,8462251.0,1.0,0.17121304733781179
2014-08-21,68.0,68.1,67.8,67.9,3052384.0,1.0,0.17121304733781179
2014-08-22,68.1,68.95,68.1,68.75,7540274.0,1.0,0.17121304733781179
2014-08-25,68.75,68.9,68.6,68.65,2955425.0,1.0,0.17121304733781179
2014-08-26,68.6,68.8,68.55,68.6,1734004.0,1.0,0.17121304733781179
2014-08-27,68.95,69.4,68.95,69.25,7614061.0,1.0,0.17121304733781179
2014-08-28,69.25,69.45,69.2,69.35,3895335.0,1.0,0.17121304733781179
2014-08-29,69.05,69.3,68.85,69.2,2432166.0,1.0,0.17121304733781179
2014-09-01,69.25,69.95,69.25,69.8,5273975.0,1.0,0.17121304733781179
2014-09-02,69.7,69.7,68.6,68.75,17741570.0,1.0,0.17121304733781179
2014-09-03,68.9,69.45,68.85,69.25,6908361.0,1.0,0.17121304733781179
2014-09-04,69.0,69.15,68.8,69.0,5388338.0,1.0,0.17121304733781179
2014-09-05,69.3,69.3,68.65,69.0,7409895.0,1.0,0.17121304733781179
2014-09-09,69.4,69.5,69.25,69.25,7410533.0,1.0,0.17121304733781179
2014-09-10,68.95,68.95,68.05,68.65,17854876.0,1.0,0.17121304733781179
2014-09-11,68.7,68.7,68.4,68.4,8677472.0,1.0,0.17121304733781179
2014-09-12,68.4,68.4,67.6,67.75,19509840.0,1.0,0.17121304733781179
2014-09-15,67.15,67.75,67.15,67.75,13125698.0,1.0,0.17121304733781179
2014-09-16,67.65,67.65,67.15,67.2,18030287.0,1.0,0.17121304733781179
2014-09-17,67.5,68.2,67.45,67.7,16515909.0,1.0,0.17121304733781179
2014-09-18,67.7,68.05,67.6,67.85,16231841.0,1.0,0.17121304733781179
2014-09-19,68.2,68.25,67.85,68.0,12117026.0,1.0,0.17121304733781179
2014-09-22,67.35,67.35,66.55,66.95,27057800.0,1.0,0.17121304733781179
2014-09-23,66.9,67.0,66.65,66.8,14803800.0,1.0,0.17121304733781179
2014-09-24,66.55,66.8,66.3,66.55,25198120.0,1.0,0.17121304733781179
2014-09-25,66.7,66.85,65.7,65.95,23056032.0,1.0,0.17121304733781179
2014-09-26,65.5,65.85,65.25,65.6,23172009.0,1.0,0.17121304733781179
2014-09-29,65.65,65.7,65.2,65.4,17179426.0,1.0,0.17121304733781179
2014-09-30,65.3,65.65,64.65,65.3,20703888.0,1.0,0.17121304733781179
2014-10-01,65.05,65.65,64.85,65.5,17507959.0,1.0,0.17121304733781179
2014-10-02,65.0,65.75,64.9,65.5,11487395.0,1.0,0.17121304733781179
2014-10-03,65.8,66.7,65.6,66.7,16238916.0,1.0,0.17121304733781179
2014-10-06,66.65,66.7,66.15,66.65,6657762.0,1.0,0.17121304733781179
2014-10-07,66.25,66.25,65.7,66.1,11314185.0,1.0,0.17121304733781179
2014-10-08,65.8,66.05,65.7,65.7,8106253.0,1.0,0.17121304733781179
2014-10-09,66.1,66.45,65.7,66.0,15003660.0,1.0,0.17121304733781179
2014-10-13,64.15,64.55,63.8,64.0,19670686.0,1.0,0.17121304733781179
2014-10-14,64.0,64.6,64.0,64.55,12914248.0,1.0,0.17121304733781179
2014-10-15,64.45,64.8,63.95,64.1,14412455.0,1.0,0.17121304733781179
2014-10-16,63.65,64.35,63.25,64.0,24720177.0,1.0,0.17121304733781179
2014-10-17,64.25,64.4,63.35,63.35,15739726.0,1.0,0.17121304733781179
2014-10-20,64.25,64.6,63.9,64.6,10883538.0,1.0,0.17121304733781179
2014-10-21,64.4,64.55,64.2,64.3,7237011.0,1.0,0.17121304733781179
2014-10-22,65.1,65.45,65.0,65.3,9342412.0,1.0,0.17121304733781179
2014-10-23,65.3,65.3,65.0,65.05,7088255.0,1.0,0.17121304733781179
2014-10-24,63.85,63.85,62.8,63.05,22503457.0,0.9761721752498079,0.17539226345393158
2014-10-27,63.4,63.45,63.0,63.25,8078219.0,1.0,0.17539226345393158
2014-10-28,64.0,64.35,64.0,64.35,11178563.0,1.0,0.17539226345393158
2014-10-29,64.6,65.0,64.5,65.0,9403650.0,1.0,0.17539226345393158
2014-10-30,64.85,64.95,64.55,64.8,9083758.0,1.0,0.17539226345393158
2014-10-31,65.0,65.3,64.7,65.3,16609131.0,1.0,0.17539226345393158
2014-11-03,65.3,65.9,65.3,65.6,10607272.0,1.0,0.17539226345393158
2014-11-04,65.75,66.05,65.55,65.65,11030190.0,1.0,0.17539226345393158
2014-11-05,65.8,65.85,65.35,65.5,10539898.0,1.0,0.17539226345393158
2014-11-06,65.55,65.7,64.95,65.1,21140332.0,1.0,0.17539226345393158
2014-11-07,65.0,65.25,64.7,65.2,10652381.0,1.0,0.17539226345393158
2014-11-10,65.4,66.3,65.25,66.15,16374760.0,1.0,0.17539226345393158
2014-11-11,66.25,66.35,65.95,65.95,15092009.0,1.0,0.17539226345393158
2014-11-12,65.75,65.85,64.9,65.0,18800660.0,1.0,0.17539226345393158
2014-11-13,65.0,65.65,65.0,65.65,10844738.0,1.0,0.17539226345393158
2014-11-14,65.3,65.8,65.3,65.7,11059784.0,1.0,0.17539226345393158
2014-11-17,66.05,66.1,64.8,65.1,17461938.0,1.0,0.17539226345393158
2014-11-18,65.3,65.6,64.8,64.9,9940608.0,1.0,0.17539226345393158
2014-11-19,65.15,66.1,65.15,65.85,18485249.0,1.0,0.17539226345393158
2014-11-20,66.05,66.7,66.05,66.6,20762772.0,1.0,0.17539226345393158
2014-11-21,66.6,66.8,66.45,66.65,11947733.0,1.0,0.17539226345393158
2014-11-24,66.9,67.2,66.75,66.8,13197946.0,1.0,0.17539226345393158
2014-11-25,66.65,67.05,66.45,66.85,13192380.0,1.0,0.17539226345393158
2014-11-26,66.75,66.9,66.65,66.85,8909455.0,1.0,0.17539226345393158
2014-11-27,67.15,67.85,67.15,67.5,16528637.0,1.0,0.17539226345393158
2014-11-28,67.55,67.7,67.35,67.5,9382047.0,1.0,0.17539226345393158
2014-12-01,66.3,67.45,66.15,66.8,21282946.0,1.0,0.17539226345393158
2014-12-02,66.35,66.5,65.65,65.8,19739586.0,1.0,0.17539226345393158
2014-12-03,65.8,67.0,65.7,66.85,11865879.0,1.0,0.17539226345393158
2014-12-04,67.25,67.45,67.1,67.1,11366115.0,1.0,0.17539226345393158
2014-12-05,67.1,67.1,66.75,66.85,4318019.0,1.0,0.17539226345393158
2014-12-08,67.05,67.05,66.35,66.35,7633033.0,1.0,0.17539226345393158
2014-12-09,66.25,66.3,66.0,66.2,4620781.0,1.0,0.17539226345393158
2014-12-10,65.95,66.15,65.15,65.3,12851799.0,1.0,0.17539226345393158
2014-12-11,65.05,65.35,64.7,65.25,6920153.0,1.0,0.17539226345393158
2014-12-12,65.25,65.5,65.15,65.3,4477502.0,1.0,0.17539226345393158
2014-12-15,64.75,65.1,64.5,65.1,10562481.0,1.0,0.17539226345393158
2014-12-16,64.8,65.0,64.55,64.55,12711030.0,1.0,0.17539226345393158
2014-12-17,64.55,64.55,63.4,63.55,19575407.0,1.0,0.17539226345393158
2014-12-18,63.95,64.1,63.65,63.7,8593542.0,1.0,0.17539226345393158
2014-12-19,64.7,65.3,64.6,65.2,17192608.0,1.0,0.17539226345393158
2014-12-22,65.35,66.0,65.3,66.0,7443958.0,1.0,0.17539226345393158
2014-12-23,66.15,66.3,65.75,65.8,5242007.0,1.0,0.17539226345393158
2014-12-24,65.9,66.4,65.85,66.3,6957429.0,1.0,0.17539226345393158
2014-12-25,66.35,66.4,66.15,66.3,4417764.0,1.0,0.17539226345393158
2014-12-26,66.35,66.5,66.2,66.45,21313397.0,1.0,0.17539226345393158
2014-12-27,66.75,66.75,66.45,66.6,3791680.0,1.0,0.17539226345393158
2014-12-29,66.6,67.3,66.55,67.2,11101377.0,1.0,0.17539226345393158
2014-12-30,67.15,67.45,66.85,66.85,8583907.0,1.0,0.17539226345393158
2014-12-31,66.8,67.0,66.6,66.85,7418884.0,1.0,0.17539226345393158
2015-01-05,66.4,66.75,66.0,66.55,6295612.0,1.0,0.17539226345393158
2015-01-06,65.75,65.75,64.75,64.9,19501826.0,1.0,0.17539226345393158
2015-01-07,64.7,65.25,64.7,65.0,6991542.0,1.0,0.17539226345393158
2015-01-08,65.5,66.6,65.5,66.5,13153525.0,1.0,0.17539226345393158
2015-01-09,66.9,66.95,66.05,66.15,5891981.0,1.0,0.17539226345393158
2015-01-12,65.8,66.15,65.65,65.75,9060329.0,1.0,0.17539226345393158
2015-01-13,65.6,66.4,65.4,65.95,6151627.0,1.0,0.17539226345393158
2015-01-14,66.0,66.05,65.4,65.6,7205239.0,1.0,0.17539226345393158
2015-01-15,65.65,65.95,65.35,65.8,3525540.0,1.0,0.17539226345393158
2015-01-16,66.25,66.4,65.35,65.5,9317659.0,1.0,0.17539226345393158
2015-01-19,66.3,66.75,66.05,66.25,17591339.0,1.0,0.17539226345393158
2015-01-20,66.5,66.9,66.35,66.75,10097725.0,1.0,0.17539226345393158
2015-01-21,67.2,67.3,67.0,67.25,17556111.0,1.0,0.17539226345393158
2015-01-22,67.5,67.9,67.45,67.6,16125035.0,1.0,0.17539226345393158
2015-01-23,68.25,68.7,68.25,68.7,35859685.0,1.0,0.17539226345393158
2015-01-26,68.55,68.85,68.45,68.7,20460334.0,1.0,0.17539226345393158
2015-01-27,69.0,69.25,68.8,69.15,36217348.0,1.0,0.17539226345393158
2015-01-28,68.8,69.2,68.8,69.15,35993620.0,1.0,0.17539226345393158
2015-01-29,69.05,69.05,68.15,68.3,19790454.0,1.0,0.17539226345393158
2015-01-30,68.6,68.6,68.0,68.0,4264474.0,1.0,0.17539226345393158
2015-02-02,68.2,68.35,67.9,68.15,5810959.0,1.0,0.17539226345393158
2015-02-03,68.35,68.85,68.1,68.65,16645523.0,1.0,0.17539226345393158
2015-02-04,69.2,69.5,69.05,69.4,20357668.0,1.0,0.17539226345393158
2015-02-05,69.05,69.25,68.8,69.1,4783568.0,1.0,0.17539226345393158
2015-02-06,69.1,69.2,68.65,68.75,4107898.0,1.0,0.17539226345393158
2015-02-09,68.75,68.75,68.25,68.5,3512269.0,1.0,0.17539226345393158
2015-02-10,68.45,68.5,68.2,68.25,8023091.0,1.0,0.17539226345393158
2015-02-11,68.7,69.25,68.7,69.0,7199400.0,1.0,0.17539226345393158
2015-02-12,69.0,69.2,68.8,69.0,9310387.0,1.0,0.17539226345393158
2015-02-13,69.35,69.65,69.35,69.45,7599922.0,1.0,0.17539226345393158
2015-02-24,69.95,70.45,69.95,70.25,14549700.0,1.0,0.17539226345393158
2015-02-25,70.7,70.9,70.55,70.8,23253921.0,1.0,0.17539226345393158
2015-02-26,70.55,70.65,70.05,70.3,8688633.0,1.0,0.17539226345393158
2015-03-02,70.3,70.55,69.75,70.0,6589376.0,1.0,0.17539226345393158
2015-03-03,70.05,70.1,69.5,69.9,5067933.0,1.0,0.17539226345393158
2015-03-04,69.55,70.05,69.5,69.95,6414710.0,1.0,0.17539226345393158
2015-03-05,69.95,70.0,69.35,69.7,3761886.0,1.0,0.17539226345393158
2015-03-06,69.55,69.9,69.3,69.8,3067298.0,1.0,0.17539226345393158
2015-03-09,69.45,69.5,68.9,69.1,7464997.0,1.0,0.17539226345393158
2015-03-10,69.0,69.05,68.6,68.95,6958375.0,1.0,0.17539226345393158
2015-03-11,68.35,69.15,68.3,69.05,10039248.0,1.0,0.17539226345393158
2015-03-12,68.85,69.65,68.8,69.65,5710306.0,1.0,0.17539226345393158
2015-03-13,69.65,69.75,69.45,69.45,4527676.0,1.0,0.17539226345393158
2015-03-16,69.35,69.35,68.85,68.9,6079977.0,1.0,0.17539226345393158
2015-03-17,69.2,69.75,69.0,69.15,7096344.0,1.0,0.17539226345393158
2015-03-18,69.2,70.15,69.2,69.9,18621093.0,1.0,0.17539226345393158
2015-03-19,70.5,70.9,70.25,70.65,12488588.0,1.0,0.17539226345393158
2015-03-20,70.65,70.65,70.4,70.55,4499069.0,1.0,0.17539226345393158
2015-03-23,70.55,70.9,70.45,70.75,7600178.0,1.0,0.17539226345393158
2015-03-24,70.55,70.85,70.35,70.5,4504710.0,1.0,0.17539226345393158
2015-03-25,70.5,70.6,70.1,70.25,4458758.0,1.0,0.17539226345393158
2015-03-26,69.4,69.7,69.15,69.4,9508125.0,1.0,0.17539226345393158
2015-03-27,69.4,69.4,68.65,68.75,10014444.0,1.0,0.17539226345393158
2015-03-30,68.75,68.9,68.55,68.8,10353567.0,1.0,0.17539226345393158
2015-03-31,69.0,69.25,68.8,69.05,7643034.0,1.0,0.17539226345393158
2015-04-01,68.7,68.85,68.5,68.65,8234217.0,1.0,0.17539226345393158
2015-04-02,68.9,69.75,68.9,69.5,7800933.0,1.0,0.17539226345393158
2015-04-07,69.55,69.7,69.35,69.6,3447972.0,1.0,0.17539226345393158
2015-04-08,69.6,69.6,68.85,69.0,5069880.0,1.0,0.17539226345393158
2015-04-09,69.0,69.85,68.95,69.1,6205517.0,1.0,0.17539226345393158
2015-04-10,69.7,69.8,69.45,69.65,4600451.0,1.0,0.17539226345393158
2015-04-13,69.9,69.95,69.65,69.85,4199759.0,1.0,0.17539226345393158
2015-04-14,69.85,69.85,69.5,69.5,4562606.0,1.0,0.17539226345393158
2015-04-15,69.25,69.5,68.4,68.65,17266917.0,1.0,0.17539226345393158
2015-04-16,68.95,69.7,68.9,69.7,15774474.0,1.0,0.17539226345393158
2015-04-17,69.55,69.55,68.9,69.05,9237191.0,1.0,0.17539226345393158
2015-04-20,68.7,69.15,68.55,68.95,9571501.0,1.0,0.17539226345393158
2015-04-21,69.05,69.3,68.85,68.95,2864363.0,1.0,0.17539226345393158
2015-04-22,69.3,69.8,69.25,69.65,11311979.0,1.0,0.17539226345393158
2015-04-23,70.2,71.5,70.15,71.5,24334093.0,1.0,0.17539226345393158
2015-04-24,71.7,72.85,71.7,72.2,26527170.0,1.0,0.17539226345393158
2015-04-27,73.0,73.3,72.6,72.75,13281661.0,1.0,0.17539226345393158
2015-04-28,72.85,73.1,72.35,72.6,16465262.0,1.0,0.17539226345393158
2015-04-29,72.5,72.7,71.6,71.8,10074684.0,1.0,0.17539226345393158
2015-04-30,71.6,71.8,71.15,71.45,6780532.0,1.0,0.17539226345393158
2015-05-04,71.45,71.65,70.85,71.6,5381376.0,1.0,0.17539226345393158
2015-05-05,71.4,71.4,70.9,71.2,6801050.0,1.0,0.17539226345393158
2015-05-06,70.8,71.4,70.5,71.3,6603488.0,1.0,0.17539226345393158
2015-05-07,70.8,70.8,70.15,70.45,10204224.0,1.0,0.17539226345393158
2015-05-08,70.45,70.65,70.45,70.5,5647296.0,1.0,0.17539226345393158
2015-05-11,71.0,71.2,70.3,70.85,11222257.0,1.0,0.17539226345393158
2015-05-12,70.6,70.85,70.55,70.7,9064022.0,1.0,0.17539226345393158
2015-05-13,70.7,71.2,70.7,71.1,6874083.0,1.0,0.17539226345393158
2015-05-14,70.85,70.95,70.0,70.1,16520264.0,1.0,0.17539226345393158
2015-05-15,70.3,70.35,69.7,70.0,11642867.0,1.0,0.17539226345393158
2015-05-18,70.05,70.3,70.0,70.25,3248292.0,1.0,0.17539226345393158
2015-05-19,70.4,71.45,70.4,71.3,8458272.0,1.0,0.17539226345393158
2015-05-20,71.25,71.25,70.8,70.8,7530606.0,1.0,0.17539226345393158
2015-05-21,70.15,70.2,69.75,70.15,11567932.0,1.0,0.17539226345393158
2015-05-22,70.2,70.95,70.2,70.7,6152758.0,1.0,0.17539226345393158
2015-05-25,70.45,70.95,70.3,70.7,2391058.0,1.0,0.17539226345393158
2015-05-26,71.2,71.6,70.8,71.0,7521312.0,1.0,0.17539226345393158
2015-05-27,70.85,71.3,70.7,71.15,5812358.0,1.0,0.17539226345393158
2015-05-28,71.75,71.9,71.25,71.5,5790144.0,1.0,0.17539226345393158
2015-05-29,71.7,71.7,71.05,71.1,4900148.0,1.0,0.17539226345393158
2015-06-01,71.1,71.15,70.25,70.5,7850223.0,1.0,0.17539226345393158
2015-06-02,70.45,70.5,70.0,70.4,4867412.0,1.0,0.17539226345393158
2015-06-03,70.3,70.4,69.9,69.95,6558304.0,1.0,0.17539226345393158
2015-06-04,69.8,69.9,68.35,68.6,28182317.0,1.0,0.17539226345393158
2015-06-05,68.5,68.6,68.2,68.45,15106306.0,1.0,0.17539226345393158
2015-06-08,68.3,69.05,68.0,68.9,9094127.0,1.0,0.17539226345393158
2015-06-09,68.5,68.6,68.0,68.35,18429951.0,1.0,0.17539226345393158
2015-06-10,68.55,68.9,68.45,68.65,8666901.0,1.0,0.17539226345393158
2015-06-11,68.8,68.9,68.4,68.85,7352571.0,1.0,0.17539226345393158
2015-06-12,68.9,69.0,68.45,68.8,3175799.0,1.0,0.17539226345393158
2015-06-15,68.8,69.0,68.5,68.65,3761616.0,1.0,0.17539226345393158
2015-06-16,68.65,68.65,68.05,68.2,8681702.0,1.0,0.17539226345393158
2015-06-17,68.2,68.75,68.2,68.5,5564580.0,1.0,0.17539226345393158
2015-06-18,68.45,68.55,68.2,68.4,10688270.0,1.0,0.17539226345393158
2015-06-22,68.75,69.4,68.75,69.35,11310165.0,1.0,0.17539226345393158
2015-06-23,69.55,69.85,69.35,69.55,5311263.0,1.0,0.17539226345393158
2015-06-24,69.6,69.7,69.4,69.65,6127048.0,1.0,0.17539226345393158
2015-06-25,70.0,70.65,70.0,70.45,13815425.0,1.0,0.17539226345393158
2015-06-26,70.45,70.45,70.15,70.45,4926733.0,1.0,0.17539226345393158
2015-06-29,69.35,69.6,68.75,68.8,11576161.0,1.0,0.17539226345393158
2015-06-30,68.8,69.4,68.8,69.4,4093490.0,1.0,0.17539226345393158
2015-07-01,69.4,70.3,69.25,70.05,6063171.0,1.0,0.17539226345393158
2015-07-02,70.2,70.25,69.85,70.1,4340672.0,1.0,0.17539226345393158
2015-07-03,70.0,70.2,69.25,70.1,7762464.0,1.0,0.17539226345393158
2015-07-06,69.55,70.05,69.2,69.3,7584634.0,1.0,0.17539226345393158
2015-07-07,69.65,70.1,69.45,69.6,4706919.0,1.0,0.17539226345393158
2015-07-08,69.2,69.2,67.45,67.5,37899765.0,1.0,0.17539226345393158
2015-07-09,66.8,67.35,66.1,67.1,33083128.0,1.0,0.17539226345393158
2015-07-13,68.0,68.1,67.2,68.1,15806729.0,1.0,0.17539226345393158
2015-07-14,68.3,68.7,68.05,68.1,9618532.0,1.0,0.17539226345393158
2015-07-15,68.3,68.65,68.0,68.25,8865704.0,1.0,0.17539226345393158
2015-07-16,68.6,68.95,68.2,68.6,6939583.0,1.0,0.17539226345393158
2015-07-17,68.35,68.65,68.3,68.5,3432139.0,1.0,0.17539226345393158
2015-07-20,69.0,69.2,67.8,68.0,7832044.0,1.0,0.17539226345393158
2015-07-21,68.35,68.65,68.0,68.65,3363698.0,1.0,0.17539226345393158
2015-07-22,68.2,68.3,67.7,67.8,14139939.0,1.0,0.17539226345393158
2015-07-23,67.5,67.85,66.85,67.15,20981081.0,1.0,0.17539226345393158
2015-07-24,67.05,67.25,66.5,66.75,19922048.0,1.0,0.17539226345393158
2015-07-27,66.4,66.55,65.55,65.8,28446312.0,1.0,0.17539226345393158
2015-07-28,65.75,66.3,65.5,65.85,17518780.0,1.0,0.17539226345393158
2015-07-29,65.9,65.9,65.1,65.4,18492599.0,1.0,0.17539226345393158
2015-07-30,65.6,66.55,65.55,66.5,7473893.0,1.0,0.17539226345393158
2015-07-31,66.5,66.55,65.8,66.15,11169527.0,1.0,0.17539226345393158
2015-08-03,65.9,65.9,64.9,65.25,15758422.0,1.0,0.17539226345393158
2015-08-04,65.5,66.0,65.0,65.3,12310425.0,1.0,0.17539226345393158
2015-08-05,65.55,66.0,65.3,65.7,9875104.0,1.0,0.17539226345393158
2015-08-06,66.0,66.05,64.55,65.0,23620938.0,1.0,0.17539226345393158
2015-08-07,64.5,65.0,64.2,64.7,6898672.0,1.0,0.17539226345393158
2015-08-10,64.6,64.75,64.0,64.55,10082526.0,1.0,0.17539226345393158
2015-08-11,65.3,65.8,64.4,64.55,17411425.0,1.0,0.17539226345393158
2015-08-12,64.25,64.45,63.0,63.45,24218973.0,1.0,0.17539226345393158
2015-08-13,63.45,63.9,63.35,63.55,16147105.0,1.0,0.17539226345393158
2015-08-14,63.45,63.75,63.15,63.3,8405034.0,1.0,0.17539226345393158
2015-08-17,63.3,63.3,62.7,62.9,13852886.0,1.0,0.17539226345393158
2015-08-18,63.0,63.3,62.45,62.55,9841681.0,1.0,0.17539226345393158
2015-08-19,62.4,62.5,61.3,61.6,17595647.0,1.0,0.17539226345393158
2015-08-20,61.25,61.85,60.95,61.4,19329341.0,1.0,0.17539226345393158
2015-08-21,60.6,60.75,59.8,59.8,28076492.0,1.0,0.17539226345393158
2015-08-24,59.1,59.1,55.4,57.5,61317409.0,1.0,0.17539226345393158
2015-08-25,57.5,60.0,57.5,60.0,43487996.0,1.0,0.17539226345393158
2015-08-26,59.3,60.5,58.65,60.35,17123903.0,1.0,0.17539226345393158
2015-08-27,60.6,60.65,60.0,60.15,18326474.0,1.0,0.17539226345393158
2015-08-28,61.0,61.9,61.0,61.8,18684824.0,1.0,0.17539226345393158
2015-08-31,61.3,62.35,61.2,62.3,18957915.0,1.0,0.17539226345393158
2015-09-01,61.9,62.6,61.5,61.75,12340652.0,1.0,0.17539226345393158
2015-09-02,61.1,62.3,60.95,62.1,18170477.0,1.0,0.17539226345393158
2015-09-03,62.35,62.4,61.6,62.15,7543894.0,1.0,0.17539226345393158
2015-09-04,62.15,62.55,61.35,61.35,15808961.0,1.0,0.17539226345393158
2015-09-07,61.3,62.3,61.1,61.25,10155526.0,1.0,0.17539226345393158
2015-09-08,61.5,61.65,61.1,61.45,9642248.0,1.0,0.17539226345393158
2015-09-09,62.65,64.15,62.65,64.15,24002263.0,1.0,0.17539226345393158
2015-09-10,63.8,63.8,63.15,63.45,10184783.0,1.0,0.17539226345393158
2015-09-11,63.3,63.7,63.05,63.5,7961292.0,1.0,0.17539226345393158
2015-09-14,63.9,64.0,63.25,63.65,4389671.0,1.0,0.17539226345393158
2015-09-15,63.75,63.85,63.05,63.15,5767862.0,1.0,0.17539226345393158
2015-09-16,63.65,64.0,63.4,63.9,7422817.0,1.0,0.17539226345393158
2015-09-17,64.5,65.15,64.5,65.0,12909851.0,1.0,0.17539226345393158
2015-09-18,65.0,65.0,64.55,64.85,3507233.0,1.0,0.17539226345393158
2015-09-21,64.05,64.1,63.2,63.45,9987594.0,1.0,0.17539226345393158
2015-09-22,63.55,63.95,63.55,63.8,4330875.0,1.0,0.17539226345393158
2015-09-23,63.2,63.2,62.2,62.35,10045603.0,1.0,0.17539226345393158
2015-09-24,62.55,62.85,61.9,62.0,7364956.0,1.0,0.17539226345393158
2015-09-25,62.15,62.35,61.6,62.25,5982179.0,1.0,0.17539226345393158
2015-09-30,61.45,62.6,61.45,62.4,8574123.0,1.0,0.17539226345393158
2015-10-01,62.6,63.7,62.2,63.6,11986849.0,1.0,0.17539226345393158
2015-10-02,63.35,63.6,63.1,63.25,7571907.0,1.0,0.17539226345393158
2015-10-05,63.8,64.0,63.25,63.4,5383188.0,1.0,0.17539226345393158
2015-10-06,64.15,64.7,63.85,63.9,8300522.0,1.0,0.17539226345393158
2015-10-07,63.9,64.85,63.9,64.85,8637044.0,1.0,0.17539226345393158
2015-10-08,65.1,65.3,64.6,64.7,12360377.0,1.0,0.17539226345393158
2015-10-12,65.05,65.9,65.05,65.55,17465643.0,1.0,0.17539226345393158
2015-10-13,65.6,65.65,65.15,65.3,7489789.0,1.0,0.17539226345393158
2015-10-14,65.3,65.3,64.95,65.05,7135958.0,1.0,0.17539226345393158
2015-10-15,65.65,66.35,65.65,66.0,14357990.0,1.0,0.17539226345393158
2015-10-16,65.95,66.0,65.6,65.75,8189426.0,1.0,0.17539226345393158
2015-10-19,66.0,66.2,65.7,65.95,7411159.0,1.0,0.17539226345393158
2015-10-20,66.0,66.1,65.8,65.95,4526773.0,1.0,0.17539226345393158
2015-10-21,66.1,66.15,65.4,65.5,11498457.0,1.0,0.17539226345393158
2015-10-22,65.3,65.6,65.25,65.5,8066236.0,1.0,0.17539226345393158
2015-10-23,66.2,66.5,65.85,65.9,20687758.0,1.0,0.17539226345393158
2015-10-26,64.5,64.85,64.45,64.55,12082040.0,0.9696509863429439,0.18088184916453975
2015-10-27,64.5,64.55,63.95,64.2,5723238.0,1.0,0.18088184916453975
2015-10-28,64.2,64.25,63.6,63.75,5075690.0,1.0,0.18088184916453975
2015-10-29,64.1,64.3,63.1,63.3,8413837.0,1.0,0.18088184916453975
2015-10-30,63.3,63.45,62.8,63.2,5991825.0,1.0,0.18088184916453975
2015-11-02,63.1,63.4,62.6,63.3,4831277.0,1.0,0.18088184916453975
2015-11-03,63.8,64.4,63.8,64.3,9293247.0,1.0,0.18088184916453975
2015-11-04,64.75,65.6,64.7,65.55,16551361.0,1.0,0.18088184916453975
2015-11-05,65.65,65.65,65.25,65.4,5902342.0,1.0,0.18088184916453975
2015-11-06,65.4,65.4,63.65,64.1,11915559.0,1.0,0.18088184916453975
2015-11-09,64.0,64.35,63.6,63.65,5532819.0,1.0,0.18088184916453975
2015-11-10,63.3,63.4,62.85,62.9,8847191.0,1.0,0.18088184916453975
2015-11-11,62.9,63.0,61.95,62.15,16293154.0,1.0,0.18088184916453975
2015-11-12,62.2,62.4,61.85,62.25,14213968.0,1.0,0.18088184916453975
2015-11-13,61.8,62.45,61.55,61.6,20384559.0,1.0,0.18088184916453975
2015-11-16,61.2,61.3,60.6,61.15,13429751.0,1.0,0.18088184916453975
2015-11-17,62.0,62.6,62.0,62.35,8728448.0,1.0,0.18088184916453975
2015-11-18,62.35,62.35,61.2,61.4,14981437.0,1.0,0.18088184916453975
2015-11-19,61.95,62.3,61.55,62.3,10131326.0,1.0,0.18088184916453975
2015-11-20,62.35,62.5,62.05,62.3,5421687.0,1.0,0.18088184916453975
2015-11-23,62.6,62.75,62.15,62.6,3462828.0,1.0,0.18088184916453975
2015-11-24,62.5,62.65,61.85,61.95,6598498.0,1.0,0.18088184916453975
2015-11-25,61.85,62.1,61.5,61.95,5964136.0,1.0,0.18088184916453975
2015-11-26,62.3,62.95,62.3,62.8,8642337.0,1.0,0.18088184916453975
2015-11-27,62.9,62.9,61.8,61.95,6290726.0,1.0,0.18088184916453975
2015-11-30,60.9,61.2,60.45,61.2,23268522.0,1.0,0.18088184916453975
2015-12-01,61.7,62.45,61.45,62.4,8409979.0,1.0,0.18088184916453975
2015-12-02,62.45,62.75,62.15,62.3,6361207.0,1.0,0.18088184916453975
2015-12-03,61.9,62.55,61.7,62.4,6065078.0,1.0,0.18088184916453975
2015-12-04,61.95,61.95,61.4,61.75,15048650.0,1.0,0.18088184916453975
2015-12-07,62.2,63.0,62.2,62.5,14814433.0,1.0,0.18088184916453975
2015-12-08,62.25,62.3,61.2,61.5,9200859.0,1.0,0.18088184916453975
2015-12-09,61.2,61.35,60.7,60.75,16089442.0,1.0,0.18088184916453975
2015-12-10,60.4,60.75,59.75,60.55,16616017.0,1.0,0.18088184916453975
2015-12-11,60.55,60.7,59.8,59.85,13835782.0,1.0,0.18088184916453975
2015-12-14,59.25,59.65,59.0,59.4,9528711.0,1.0,0.18088184916453975
2015-12-15,59.7,60.05,59.35,59.45,6796842.0,1.0,0.18088184916453975
2015-12-16,60.0,60.4,59.7,60.35,6530297.0,1.0,0.18088184916453975
2015-12-17,60.55,61.05,60.35,61.05,7609249.0,1.0,0.18088184916453975
2015-12-18,60.85,61.25,60.5,60.75,4893146.0,1.0,0.18088184916453975
2015-12-21,60.05,60.75,59.9,60.65,4340637.0,1.0,0.18088184916453975
2015-12-22,60.7,60.9,60.4,60.8,5138591.0,1.0,0.18088184916453975
2015-12-23,60.95,61.3,60.8,60.9,7263567.0,1.0,0.18088184916453975
2015-12-24,61.35,61.65,61.2,61.2,8456472.0,1.0,0.18088184916453975
2015-12-25,61.2,61.6,61.2,61.6,6546008.0,1.0,0.18088184916453975
2015-12-28,61.7,61.7,61.4,61.45,3449303.0,1.0,0.18088184916453975
2015-12-29,61.4,61.4,60.8,61.0,3966552.0,1.0,0.18088184916453975
2015-12-30,61.15,61.15,60.45,60.55,7262466.0,1.0,0.18088184916453975
2015-12-31,60.55,60.95,60.5,60.75,3894479.0,1.0,0.18088184916453975
2016-01-04,60.8,60.95,59.05,59.55,16928063.0,1.0,0.18088184916453975
2016-01-05,59.5,59.75,58.85,59.05,21783969.0,1.0,0.18088184916453975
2016-01-06,59.05,59.05,57.9,58.45,28939550.0,1.0,0.18088184916453975
2016-01-07,58.3,58.3,56.7,57.35,39962301.0,1.0,0.18088184916453975
2016-01-08,57.0,57.7,56.85,57.45,25450734.0,1.0,0.18088184916453975
2016-01-11,56.9,56.95,56.0,56.55,24356269.0,1.0,0.18088184916453975
2016-01-12,56.8,57.0,56.3,56.5,17649886.0,1.0,0.18088184916453975
2016-01-13,57.0,57.5,56.75,57.15,11848432.0,1.0,0.18088184916453975
2016-01-14,56.5,56.7,55.85,56.7,15487360.0,1.0,0.18088184916453975
2016-01-15,57.1,57.5,56.25,56.7,20847878.0,1.0,0.18088184916453975
2016-01-18,55.9,57.3,55.8,57.1,13014340.0,1.0,0.18088184916453975
2016-01-19,57.0,57.25,56.65,57.25,8110815.0,1.0,0.18088184916453975
2016-01-20,56.85,56.85,55.6,55.9,22688368.0,1.0,0.18088184916453975
2016-01-21,56.1,56.3,55.6,55.8,10450055.0,1.0,0.18088184916453975
2016-01-22,56.35,56.6,56.0,56.55,13943516.0,1.0,0.18088184916453975
2016-01-25,57.0,57.8,57.0,57.55,12773195.0,1.0,0.18088184916453975
2016-01-26,57.0,57.15,56.7,57.0,7583870.0,1.0,0.18088184916453975
2016-01-27,57.4,57.45,56.95,57.25,9101121.0,1.0,0.18088184916453975
2016-01-28,57.15,57.75,57.0,57.55,10224860.0,1.0,0.18088184916453975
2016-01-29,57.5,59.1,57.25,59.0,20207611.0,1.0,0.18088184916453975
2016-01-30,59.45,59.7,59.2,59.55,13202648.0,1.0,0.18088184916453975
2016-02-01,59.5,59.6,59.1,59.55,7967600.0,1.0,0.18088184916453975
2016-02-02,59.45,59.55,59.0,59.35,4584277.0,1.0,0.18088184916453975
2016-02-03,59.0,59.25,58.6,58.95,6990419.0,1.0,0.18088184916453975
2016-02-15,58.3,59.1,58.1,59.0,7221411.0,1.0,0.18088184916453975
2016-02-16,59.1,60.35,59.1,60.25,17822419.0,1.0,0.18088184916453975
2016-02-17,60.4,60.5,59.95,59.95,12473522.0,1.0,0.18088184916453975
2016-02-18,60.8,61.15,60.5,60.9,16986739.0,1.0,0.18088184916453975
2016-02-19,60.8,61.05,60.6,60.85,11352431.0,1.0,0.18088184916453975
2016-02-22,60.85,61.6,60.55,60.8,11614403.0,1.0,0.18088184916453975
2016-02-23,61.0,61.15,60.7,60.85,4916180.0,1.0,0.18088184916453975
2016-02-24,60.8,61.3,60.2,60.3,7764348.0,1.0,0.18088184916453975
2016-02-25,60.6,61.35,60.5,61.1,16933970.0,1.0,0.18088184916453975
2016-02-26,61.35,61.7,60.9,61.25,14513092.0,1.0,0.18088184916453975
2016-03-01,61.25,61.95,61.1,61.85,17236846.0,1.0,0.18088184916453975
2016-03-02,62.35,62.75,62.25,62.35,22870541.0,1.0,0.18088184916453975
2016-03-03,62.35,63.3,62.35,62.95,32602730.0,1.0,0.18088184916453975
2016-03-04,62.9,63.3,62.75,63.1,24050775.0,1.0,0.18088184916453975
2016-03-07,63.2,63.7,62.9,63.1,21497714.0,1.0,0.18088184916453975
2016-03-08,63.0,63.1,62.5,63.05,13634860.0,1.0,0.18088184916453975
2016-03-09,63.05,63.15,62.65,63.1,8097374.0,1.0,0.18088184916453975
2016-03-10,63.05,63.4,62.85,63.25,21352778.0,1.0,0.18088184916453975
2016-03-11,63.2,63.75,63.05,63.55,22682346.0,1.0,0.18088184916453975
2016-03-14,64.0,64.25,63.95,64.0,25831819.0,1.0,0.18088184916453975
2016-03-15,64.0,64.1,63.0,63.05,18905608.0,1.0,0.18088184916453975
2016-03-16,63.35,63.75,63.35,63.6,36277393.0,1.0,0.18088184916453975
2016-03-17,64.55,64.9,64.05,64.3,20031419.0,1.0,0.18088184916453975
2016-03-18,64.4,64.85,64.3,64.7,31120204.0,1.0,0.18088184916453975
2016-03-21,64.9,65.05,64.2,64.6,6056792.0,1.0,0.18088184916453975
2016-03-22,64.35,64.55,63.85,64.4,8180504.0,1.0,0.18088184916453975
2016-03-23,64.4,64.85,64.25,64.35,11996985.0,1.0,0.18088184916453975
2016-03-24,64.25,64.5,63.7,64.35,8530772.0,1.0,0.18088184916453975
2016-03-25,64.5,64.5,63.95,64.05,3814633.0,1.0,0.18088184916453975
2016-03-28,64.05,64.4,63.8,64.1,7346998.0,1.0,0.18088184916453975
2016-03-29,64.0,64.3,63.5,63.65,10741646.0,1.0,0.18088184916453975
2016-03-30,64.05,64.9,64.0,64.7,29118588.0,1.0,0.18088184916453975
2016-03-31,65.1,65.4,64.45,64.65,16046959.0,1.0,0.18088184916453975
2016-04-01,64.25,64.35,63.6,63.9,4654364.0,1.0,0.18088184916453975
2016-04-06,63.3,63.3,62.35,62.4,8957175.0,1.0,0.18088184916453975
2016-04-07,62.5,62.5,61.6,62.15,20224614.0,1.0,0.18088184916453975
2016-04-08,61.8,62.8,61.8,62.75,6752732.0,1.0,0.18088184916453975
2016-04-11,62.5,63.1,62.15,63.0,5355410.0,1.0,0.18088184916453975
2016-04-12,63.05,63.5,62.75,62.95,2753865.0,1.0,0.18088184916453975
2016-04-13,63.25,64.2,63.25,64.05,11846507.0,1.0,0.18088184916453975
2016-04-14,64.4,64.6,64.1,64.25,8125157.0,1.0,0.18088184916453975
2016-04-15,63.8,64.3,63.55,64.25,11673490.0,1.0,0.18088184916453975
2016-04-18,64.05,64.2,63.85,63.85,2145729.0,1.0,0.18088184916453975
2016-04-19,64.3,64.65,63.5,63.6,5841194.0,1.0,0.18088184916453975
2016-04-20,63.5,64.1,62.55,62.65,8981513.0,1.0,0.18088184916453975
2016-04-21,62.9,63.15,62.55,62.95,3097142.0,1.0,0.18088184916453975
2016-04-22,62.95,63.4,62.8,63.2,2685186.0,1.0,0.18088184916453975
2016-04-25,63.2,63.35,62.9,63.25,2864460.0,1.0,0.18088184916453975
2016-04-26,63.1,63.9,63.1,63.5,4894769.0,1.0,0.18088184916453975
2016-04-27,63.2,63.6,63.0,63.4,2470120.0,1.0,0.18088184916453975
2016-04-28,63.5,63.55,62.15,62.4,10321711.0,1.0,0.18088184916453975
2016-04-29,61.85,62.0,61.35,61.6,7266758.0,1.0,0.18088184916453975
2016-05-03,61.6,61.6,60.7,60.75,9711627.0,1.0,0.18088184916453975
2016-05-04,60.75,60.85,59.8,60.1,14504138.0,1.0,0.18088184916453975
2016-05-05,60.1,60.25,59.65,60.2,14591369.0,1.0,0.18088184916453975
2016-05-06,60.0,60.0,59.45,59.7,22004644.0,1.0,0.18088184916453975
2016-05-09,59.9,60.0,59.4,59.7,14499071.0,1.0,0.18088184916453975
2016-05-10,59.7,60.2,59.4,60.0,13152643.0,1.0,0.18088184916453975
2016-05-11,60.2,60.3,59.55,59.85,19053550.0,1.0,0.18088184916453975
2016-05-12,59.7,60.0,59.65,59.8,13397317.0,1.0,0.18088184916453975
2016-05-13,59.55,59.55,59.0,59.15,29668619.0,1.0,0.18088184916453975
2016-05-16,59.15,59.7,59.1,59.6,6645541.0,1.0,0.18088184916453975
2016-05-17,59.65,60.1,59.25,60.05,12344892.0,1.0,0.18088184916453975
2016-05-18,59.7,60.0,59.25,59.95,8579957.0,1.0,0.18088184916453975
2016-05-19,60.0,60.05,59.3,59.65,8050497.0,1.0,0.18088184916453975
2016-05-20,59.85,60.3,59.6,60.0,8126104.0,1.0,0.18088184916453975
2016-05-23,60.1,62.0,59.85,62.0,21664315.0,1.0,0.18088184916453975
2016-05-24,61.75,61.85,61.35,61.35,6417840.0,1.0,0.18088184916453975
2016-05-25,61.75,62.25,61.75,62.0,25858751.0,1.0,0.18088184916453975
2016-05-26,62.05,62.15,61.8,62.15,26044897.0,1.0,0.18088184916453975
2016-05-27,62.4,62.65,62.2,62.6,25759714.0,1.0,0.18088184916453975
2016-05-30,62.6,63.35,62.5,63.15,26912233.0,1.0,0.18088184916453975
2016-05-31,63.05,63.35,62.8,63.15,8678987.0,1.0,0.18088184916453975
2016-06-01,62.95,63.85,62.95,63.7,25001628.0,1.0,0.18088184916453975
2016-06-02,63.7,64.05,63.4,63.7,13721372.0,1.0,0.18088184916453975
2016-06-03,63.6,64.0,63.6,63.85,11793067.0,1.0,0.18088184916453975
2016-06-04,63.75,64.0,63.7,63.95,3201144.0,1.0,0.18088184916453975
2016-06-06,64.0,64.6,63.65,64.05,12991446.0,1.0,0.18088184916453975
2016-06-07,64.3,64.95,64.3,64.9,30837577.0,1.0,0.18088184916453975
2016-06-08,65.0,65.55,65.0,65.25,26064591.0,1.0,0.18088184916453975
2016-06-13,64.3,64.45,63.7,63.75,9520123.0,1.0,0.18088184916453975
2016-06-14,63.5,64.2,63.5,64.15,6411945.0,1.0,0.18088184916453975
2016-06-15,64.15,64.4,63.6,64.25,22583365.0,1.0,0.18088184916453975
2016-06-16,64.1,64.1,63.0,63.35,8999131.0,1.0,0.18088184916453975
2016-06-17,63.85,64.4,63.85,64.05,5808972.0,1.0,0.18088184916453975
2016-06-20,64.5,64.65,64.35,64.5,10307567.0,1.0,0.18088184916453975
2016-06-21,64.5,64.95,64.45,64.75,18113336.0,1.0,0.18088184916453975
2016-06-22,64.75,64.95,64.55,64.95,10556831.0,1.0,0.18088184916453975
2016-06-23,64.8,64.85,64.55,64.8,32188327.0,1.0,0.18088184916453975
2016-06-24,64.75,64.9,62.05,63.1,31665065.0,1.0,0.18088184916453975
2016-06-27,63.2,63.75,63.0,63.75,4931264.0,1.0,0.18088184916453975
2016-06-28,63.1,64.05,63.05,64.0,5345578.0,1.0,0.18088184916453975
2016-06-29,64.15,65.0,64.15,64.7,9101408.0,1.0,0.18088184916453975
2016-06-30,65.15,65.45,64.65,65.45,25345136.0,1.0,0.18088184916453975
2016-07-01,65.85,66.4,65.65,66.25,30668430.0,1.0,0.18088184916453975
2016-07-04,66.1,66.75,66.0,66.3,9989687.0,1.0,0.18088184916453975
2016-07-05,66.2,66.25,65.85,66.1,5997962.0,1.0,0.18088184916453975
2016-07-06,65.6,65.6,64.7,64.9,8730638.0,1.0,0.18088184916453975
2016-07-07,65.45,65.75,65.35,65.7,6587558.0,1.0,0.18088184916453975
2016-07-11,66.7,67.25,66.7,67.0,22208282.0,1.0,0.18088184916453975
2016-07-12,67.15,67.6,67.15,67.6,15397426.0,1.0,0.18088184916453975
2016-07-13,67.85,67.9,67.1,67.65,9434916.0,1.0,0.18088184916453975
2016-07-14,67.5,67.85,67.3,67.7,10109848.0,1.0,0.18088184916453975
2016-07-15,67.8,68.5,67.8,68.5,15543146.0,1.0,0.18088184916453975
2016-07-18,68.45,69.15,68.45,69.15,36847905.0,1.0,0.18088184916453975
2016-07-19,69.2,69.3,68.8,69.25,17045587.0,1.0,0.18088184916453975
2016-07-20,69.0,69.3,68.8,69.2,24718112.0,1.0,0.18088184916453975
2016-07-21,69.45,69.9,69.35,69.55,9980071.0,1.0,0.18088184916453975
2016-07-22,69.55,69.7,69.2,69.3,3265094.0,1.0,0.18088184916453975
2016-07-25,69.5,69.95,68.35,69.0,11676473.0,1.0,0.18088184916453975
2016-07-26,69.0,69.4,68.85,69.4,13212330.0,1.0,0.18088184916453975
2016-07-27,69.65,69.95,69.5,69.7,11118196.0,1.0,0.18088184916453975
2016-07-28,69.0,69.25,68.6,69.05,11452443.0,0.9878048780487806,0.18311495841348466
2016-07-29,68.85,69.2,68.55,68.55,19390373.0,1.0,0.18311495841348466
2016-08-01,68.8,69.45,68.8,69.3,10407371.0,1.0,0.18311495841348466
2016-08-02,69.25,69.4,69.1,69.3,7116974.0,1.0,0.18311495841348466
2016-08-03,68.5,68.9,68.05,68.75,13801107.0,1.0,0.18311495841348466
2016-08-04,68.85,68.95,68.35,68.9,10674699.0,1.0,0.18311495841348466
2016-08-05,69.1,69.75,68.9,69.6,12422864.0,1.0,0.18311495841348466
2016-08-08,70.0,70.25,69.7,70.05,7902947.0,1.0,0.18311495841348466
2016-08-09,70.0,70.45,69.95,70.4,11568485.0,1.0,0.18311495841348466
2016-08-10,70.3,70.6,70.05,70.6,6497798.0,1.0,0.18311495841348466
2016-08-11,70.2,70.55,69.45,69.95,10903420.0,1.0,0.18311495841348466
2016-08-12,70.15,70.5,70.05,70.2,5258706.0,1.0,0.18311495841348466
2016-08-15,70.2,70.5,69.9,70.35,4797475.0,1.0,0.18311495841348466
2016-08-16,70.3,70.5,69.7,69.95,4431992.0,1.0,0.18311495841348466
2016-08-17,69.9,70.1,69.75,70.05,8925360.0,1.0,0.18311495841348466
2016-08-18,70.0,70.15,69.8,69.9,3275034.0,1.0,0.18311495841348466
2016-08-19,69.9,70.45,69.2,69.2,8299801.0,1.0,0.18311495841348466
2016-08-22,69.0,69.15,68.45,68.7,7083411.0,1.0,0.18311495841348466
2016-08-23,68.9,69.6,68.9,69.4,7084009.0,1.0,0.18311495841348466
2016-08-24,69.35,69.55,69.2,69.2,5071479.0,1.0,0.18311495841348466
2016-08-25,69.3,70.15,69.3,70.0,8022568.0,1.0,0.18311495841348466
2016-08-26,69.95,70.3,69.8,70.1,2991939.0,1.0,0.18311495841348466
2016-08-29,69.9,70.15,69.2,70.05,3554924.0,1.0,0.18311495841348466
2016-08-30,70.0,70.25,69.8,70.0,3791222.0,1.0,0.18311495841348466
2016-08-31,69.85,70.05,69.3,69.4,5206081.0,1.0,0.18311495841348466
2016-09-01,69.3,69.3,68.6,69.05,5965179.0,1.0,0.18311495841348466
2016-09-02,69.1,69.3,68.8,69.15,2615482.0,1.0,0.18311495841348466
2016-09-05,69.8,70.3,69.8,70.3,8523041.0,1.0,0.18311495841348466
2016-09-06,70.25,70.9,70.25,70.85,7342971.0,1.0,0.18311495841348466
2016-09-07,70.95,71.9,70.95,71.85,9686777.0,1.0,0.18311495841348466
2016-09-08,71.8,71.8,71.4,71.6,4674329.0,1.0,0.18311495841348466
2016-09-09,70.9,70.9,70.35,70.4,5230374.0,1.0,0.18311495841348466
2016-09-10,69.15,69.6,69.0,69.4,8825756.0,1.0,0.18311495841348466
2016-09-12,69.35,69.35,68.7,68.85,7236436.0,1.0,0.18311495841348466
2016-09-13,69.1,69.2,68.2,68.85,7123286.0,1.0,0.18311495841348466
2016-09-14,68.5,69.05,68.45,68.45,5624161.0,1.0,0.18311495841348466
2016-09-19,69.4,71.0,69.4,71.0,9887905.0,1.0,0.18311495841348466
2016-09-20,70.9,71.0,70.6,70.9,2795180.0,1.0,0.18311495841348466
2016-09-21,70.75,71.35,70.55,71.25,12156219.0,1.0,0.18311495841348466
2016-09-22,71.9,72.0,71.25,71.4,4929382.0,1.0,0.18311495841348466
2016-09-23,71.5,71.9,71.4,71.9,4215738.0,1.0,0.18311495841348466
2016-09-26,71.5,71.5,71.0,71.0,3736578.0,1.0,0.18311495841348466
2016-09-29,71.85,72.15,71.4,71.9,9624483.0,1.0,0.18311495841348466
2016-09-30,71.15,71.35,70.8,70.95,5843939.0,1.0,0.18311495841348466
2016-10-03,71.2,71.6,71.1,71.45,3888034.0,1.0,0.18311495841348466
2016-10-04,71.45,71.75,71.3,71.75,5169849.0,1.0,0.18311495841348466
2016-10-05,71.6,71.85,71.45,71.5,2838310.0,1.0,0.18311495841348466
2016-10-06,71.7,71.75,71.45,71.7,2071768.0,1.0,0.18311495841348466
2016-10-07,71.6,71.8,71.6,71.65,3053425.0,1.0,0.18311495841348466
2016-10-11,72.35,72.45,71.2,71.45,6945823.0,1.0,0.18311495841348466
2016-10-12,71.5,72.3,71.35,72.25,6057198.0,1.0,0.18311495841348466
2016-10-13,72.2,72.3,71.45,71.7,5454942.0,1.0,0.18311495841348466
2016-10-14,71.3,71.9,71.3,71.45,3633218.0,1.0,0.18311495841348466
2016-10-17,71.45,71.6,70.6,71.45,4422098.0,1.0,0.18311495841348466
2016-10-18,71.5,71.95,71.3,71.95,3619946.0,1.0,0.18311495841348466
2016-10-19,72.0,72.6,72.0,72.35,21575332.0,1.0,0.18311495841348466
2016-10-20,72.35,72.75,72.35,72.65,4836032.0,1.0,0.18311495841348466
2016-10-21,72.65,73.05,72.55,72.6,4234740.0,1.0,0.18311495841348466
2016-10-24,72.85,72.95,72.6,72.7,3265122.0,1.0,0.18311495841348466
2016-10-25,72.85,73.5,72.85,73.4,3715773.0,1.0,0.18311495841348466
2016-10-26,73.0,73.15,72.9,73.0,2868454.0,1.0,0.18311495841348466
2016-10-27,73.0,73.15,72.4,72.6,3170404.0,1.0,0.18311495841348466
2016-10-28,72.6,72.75,72.45,72.6,4275037.0,1.0,0.18311495841348466
2016-10-31,72.25,72.7,71.7,72.6,5464146.0,1.0,0.18311495841348466
2016-11-01,72.25,72.6,72.1,72.6,2024337.0,1.0,0.18311495841348466
2016-11-02,71.95,72.0,71.6,71.75,5502479.0,1.0,0.18311495841348466
2016-11-03,71.45,71.6,71.1,71.2,4554732.0,1.0,0.18311495841348466
2016-11-04,71.0,71.2,70.85,71.0,4346371.0,1.0,0.18311495841348466
2016-11-07,71.8,72.0,71.45,72.0,3235375.0,1.0,0.18311495841348466
2016-11-08,72.15,72.4,72.0,72.35,2694109.0,1.0,0.18311495841348466
2016-11-09,72.85,73.05,70.0,70.0,19936675.0,1.0,0.18311495841348466
2016-11-10,71.8,72.1,71.75,72.0,6699699.0,1.0,0.18311495841348466
2016-11-11,70.35,70.7,69.95,70.05,8375831.0,1.0,0.18311495841348466
2016-11-14,69.95,70.3,69.45,70.1,7117151.0,1.0,0.18311495841348466
2016-11-15,69.8,70.1,69.75,69.9,4015684.0,1.0,0.18311495841348466
2016-11-16,70.2,70.5,69.95,70.0,24749610.0,1.0,0.18311495841348466
2016-11-17,70.0,70.2,69.75,70.2,3313486.0,1.0,0.18311495841348466
2016-11-18,70.1,70.4,69.9,70.4,2119539.0,1.0,0.18311495841348466
2016-11-21,70.3,70.5,70.1,70.5,2649990.0,1.0,0.18311495841348466
2016-11-22,70.75,71.65,70.75,71.45,5293782.0,1.0,0.18311495841348466
2016-11-23,71.5,71.9,71.45,71.8,1907717.0,1.0,0.18311495841348466
2016-11-24,71.6,71.6,71.2,71.4,2303410.0,1.0,0.18311495841348466
2016-11-25,71.35,71.65,71.25,71.35,2649250.0,1.0,0.18311495841348466
2016-11-28,71.35,72.0,71.35,71.75,2646049.0,1.0,0.18311495841348466
2016-11-29,71.9,72.0,71.65,71.65,1417871.0,1.0,0.18311495841348466
2016-11-30,71.7,71.9,71.5,71.7,1918325.0,1.0,0.18311495841348466
2016-12-01,71.6,72.1,71.6,72.0,1955817.0,1.0,0.18311495841348466
2016-12-02,71.2,71.2,70.9,71.2,3307698.0,1.0,0.18311495841348466
2016-12-05,71.2,71.2,70.8,71.1,1388169.0,1.0,0.18311495841348466
2016-12-06,71.8,72.2,71.75,72.0,2435954.0,1.0,0.18311495841348466
2016-12-07,72.2,72.35,71.9,72.0,1467377.0,1.0,0.18311495841348466
2016-12-08,72.3,73.0,72.3,72.9,6085595.0,1.0,0.18311495841348466
2016-12-09,73.05,73.2,72.95,73.15,5418281.0,1.0,0.18311495841348466
2016-12-12,73.3,73.55,72.75,72.85,3208556.0,1.0,0.18311495841348466
2016-12-13,72.85,73.0,72.65,72.95,2548640.0,1.0,0.18311495841348466
2016-12-14,73.2,73.3,72.9,73.1,2827980.0,1.0,0.18311495841348466
2016-12-15,72.55,73.0,72.4,73.0,3017786.0,1.0,0.18311495841348466
2016-12-16,72.8,72.8,72.3,72.3,2148428.0,1.0,0.18311495841348466
2016-12-19,72.25,72.3,71.85,71.85,2680960.0,1.0,0.18311495841348466
2016-12-20,71.95,71.95,71.55,71.75,2029791.0,1.0,0.18311495841348466
2016-12-21,71.75,71.85,71.5,71.7,9321197.0,1.0,0.18311495841348466
2016-12-22,71.55,71.55,70.8,70.8,4971537.0,1.0,0.18311495841348466
2016-12-23,70.6,70.85,70.35,70.55,5125956.0,1.0,0.18311495841348466
2016-12-26,70.65,70.8,70.55,70.8,2104929.0,1.0,0.18311495841348466
2016-12-27,70.8,70.9,70.65,70.75,2494279.0,1.0,0.18311495841348466
2016-12-28,70.85,71.6,70.85,71.6,3686010.0,1.0,0.18311495841348466
2016-12-29,71.45,71.45,71.2,71.25,1911106.0,1.0,0.18311495841348466
2016-12-30,71.65,72.0,71.55,71.8,2726453.0,1.0,0.18311495841348466
2017-01-03,71.7,71.9,71.5,71.9,2331431.0,1.0,0.18311495841348466
2017-01-04,72.0,72.1,71.75,71.85,4284195.0,1.0,0.18311495841348466
2017-01-05,71.85,72.5,71.8,72.5,4573600.0,1.0,0.18311495841348466
2017-01-06,72.45,72.75,72.45,72.65,3752998.0,1.0,0.18311495841348466
2017-01-09,72.75,72.95,72.3,72.45,5038290.0,1.0,0.18311495841348466
2017-01-10,72.45,72.6,72.4,72.4,1857853.0,1.0,0.18311495841348466
2017-01-11,72.8,72.85,72.4,72.4,1898053.0,1.0,0.18311495841348466
2017-01-12,72.6,73.3,72.6,73.15,4857459.0,1.0,0.18311495841348466
2017-01-13,72.8,72.8,72.6,72.6,3909860.0,1.0,0.18311495841348466
2017-01-16,72.4,72.4,71.8,72.0,2418439.0,1.0,0.18311495841348466
2017-01-17,72.0,72.4,72.0,72.3,1572741.0,1.0,0.18311495841348466
2017-01-18,72.2,72.2,72.05,72.15,3837818.0,1.0,0.18311495841348466
2017-01-19,71.85,72.1,71.6,71.95,4065559.0,1.0,0.18311495841348466
2017-01-20,71.95,72.25,71.95,72.15,2422174.0,1.0,0.18311495841348466
2017-01-23,72.55,73.0,72.55,72.75,5965089.0,1.0,0.18311495841348466
2017-01-24,73.0,73.3,72.9,73.3,4575104.0,1.0,0.18311495841348466
2017-02-02,73.5,73.65,72.75,72.9,6999147.0,1.0,0.18311495841348466
2017-02-03,72.95,73.15,72.65,72.85,2809194.0,1.0,0.18311495841348466
2017-02-06,73.0,73.4,72.95,73.25,2947246.0,1.0,0.18311495841348466
2017-02-07,73.1,73.45,73.1,73.3,4305232.0,1.0,0.18311495841348466
2017-02-08,71.9,71.9,71.35,71.75,4433939.0,0.9768076398362892,0.1874626599400618
2017-02-09,71.75,72.2,71.65,72.0,3548420.0,1.0,0.1874626599400618
2017-02-10,72.1,72.95,72.1,72.8,4869787.0,1.0,0.1874626599400618
2017-02-13,72.8,73.1,72.8,72.95,3330147.0,1.0,0.1874626599400618
2017-02-14,73.4,73.5,73.1,73.2,6071668.0,1.0,0.1874626599400618
2017-02-15,73.3,73.9,73.2,73.9,9407004.0,1.0,0.1874626599400618
2017-02-16,74.0,74.2,73.35,73.45,5466631.0,1.0,0.1874626599400618
2017-02-17,73.65,73.7,73.35,73.35,5192773.0,1.0,0.1874626599400618
2017-02-18,73.3,73.55,73.2,73.5,3227803.0,1.0,0.1874626599400618
2017-02-20,73.55,73.65,73.1,73.1,2802606.0,1.0,0.1874626599400618
2017-02-21,73.2,73.4,73.05,73.25,3337389.0,1.0,0.1874626599400618
2017-02-22,73.6,73.7,73.15,73.3,2938397.0,1.0,0.1874626599400618
2017-02-23,73.25,73.55,73.1,73.1,2332442.0,1.0,0.1874626599400618
2017-02-24,73.05,73.3,72.85,73.15,1844790.0,1.0,0.1874626599400618
2017-03-01,73.1,73.1,72.35,72.35,3107350.0,1.0,0.1874626599400618
2017-03-02,72.95,73.25,72.25,72.55,7057872.0,1.0,0.1874626599400618
2017-03-03,72.3,72.35,72.0,72.1,4410226.0,1.0,0.1874626599400618
2017-03-06,72.05,72.25,72.0,72.15,2177363.0,1.0,0.1874626599400618
2017-03-07,72.25,72.6,72.25,72.45,2027296.0,1.0,0.1874626599400618
2017-03-08,72.65,72.85,72.45,72.85,2182147.0,1.0,0.1874626599400618
2017-03-09,72.6,72.6,71.95,72.05,3381395.0,1.0,0.1874626599400618
2017-03-10,71.95,72.05,71.55,72.0,5423285.0,1.0,0.1874626599400618
2017-03-13,72.15,72.5,72.15,72.5,2515382.0,1.0,0.1874626599400618
2017-03-14,72.6,73.1,72.6,73.0,3948353.0,1.0,0.1874626599400618
2017-03-15,72.8,73.0,72.6,72.85,3490372.0,1.0,0.1874626599400618
2017-03-16,73.3,73.85,73.3,73.8,7545149.0,1.0,0.1874626599400618
2017-03-17,73.85,74.1,73.75,74.0,5265875.0,1.0,0.1874626599400618
2017-03-20,73.95,74.15,73.85,73.95,5073186.0,1.0,0.1874626599400618
2017-03-21,74.3,74.9,74.3,74.9,8511270.0,1.0,0.1874626599400618
2017-03-22,74.25,74.25,74.0,74.2,4939975.0,1.0,0.1874626599400618
2017-03-23,74.6,74.65,74.15,74.35,4105955.0,1.0,0.1874626599400618
2017-03-24,74.35,74.4,74.1,74.25,3308120.0,1.0,0.1874626599400618
2017-03-27,74.0,74.4,73.85,74.2,2474340.0,1.0,0.1874626599400618
2017-03-28,74.55,74.6,73.95,74.25,5565534.0,1.0,0.1874626599400618
2017-03-29,74.45,74.5,74.0,74.0,2464193.0,1.0,0.1874626599400618
2017-03-30,74.0,74.25,73.9,73.9,2181458.0,1.0,0.1874626599400618
2017-03-31,73.95,74.1,73.7,73.7,2008887.0,1.0,0.1874626599400618
2017-04-05,73.95,74.8,73.95,74.65,3594368.0,1.0,0.1874626599400618
2017-04-06,74.8,74.8,74.3,74.4,2811150.0,1.0,0.1874626599400618
2017-04-07,74.3,74.3,73.4,74.1,1889165.0,1.0,0.1874626599400618
2017-04-10,74.1,74.25,74.0,74.2,1060789.0,1.0,0.1874626599400618
2017-04-11,74.1,74.4,73.75,73.9,1266959.0,1.0,0.1874626599400618
2017-04-12,73.9,74.1,73.65,74.05,1940147.0,1.0,0.1874626599400618
2017-04-13,73.9,74.45,73.9,74.4,6004675.0,1.0,0.1874626599400618
2017-04-14,73.9,73.9,73.5,73.55,2674280.0,1.0,0.1874626599400618
2017-04-17,73.55,73.8,73.35,73.6,5339490.0,1.0,0.1874626599400618
2017-04-18,73.85,74.0,73.5,73.6,4099924.0,1.0,0.1874626599400618
2017-04-19,73.1,73.25,72.65,72.8,9185446.0,1.0,0.1874626599400618
2017-04-20,72.55,72.9,72.5,72.8,3142256.0,1.0,0.1874626599400618
2017-04-21,73.25,73.5,73.1,73.5,3247213.0,1.0,0.1874626599400618
2017-04-24,73.9,73.95,73.45,73.65,4309464.0,1.0,0.1874626599400618
2017-04-25,73.85,74.4,73.7,74.35,5698061.0,1.0,0.1874626599400618
2017-04-26,74.7,74.7,74.4,74.55,4117953.0,1.0,0.1874626599400618
2017-04-27,74.35,74.5,74.15,74.5,3685290.0,1.0,0.1874626599400618
2017-04-28,74.5,74.6,74.3,74.55,4423100.0,1.0,0.1874626599400618
2017-05-02,75.0,75.4,75.0,75.2,15728364.0,1.0,0.1874626599400618
2017-05-03,75.3,75.65,75.3,75.55,4711953.0,1.0,0.1874626599400618
2017-05-04,75.55,75.65,75.35,75.65,3996825.0,1.0,0.1874626599400618
2017-05-05,75.45,75.45,75.1,75.15,5287815.0,1.0,0.1874626599400618
2017-05-08,75.55,75.7,75.25,75.7,4083374.0,1.0,0.1874626599400618
2017-05-09,75.7,76.5,75.7,75.95,4190236.0,1.0,0.1874626599400618
2017-05-10,76.15,76.35,76.0,76.25,1763035.0,1.0,0.1874626599400618
2017-05-11,76.1,76.5,76.0,76.5,2018313.0,1.0,0.1874626599400618
2017-05-12,76.25,76.5,76.15,76.3,2810989.0,1.0,0.1874626599400618
2017-05-15,76.3,76.55,76.2,76.5,1285720.0,1.0,0.1874626599400618
2017-05-16,76.5,76.6,76.25,76.5,1598332.0,1.0,0.1874626599400618
2017-05-17,76.3,76.4,76.05,76.3,1331528.0,1.0,0.1874626599400618
2017-05-18,75.65,75.9,75.3,75.9,4271928.0,1.0,0.1874626599400618
2017-05-19,75.65,75.9,75.65,75.85,1162847.0,1.0,0.1874626599400618
2017-05-22,75.95,76.15,75.75,76.05,2576137.0,1.0,0.1874626599400618
2017-05-23,76.05,76.45,76.0,76.35,3844351.0,1.0,0.1874626599400618
2017-05-24,76.35,76.45,76.25,76.3,2886268.0,1.0,0.1874626599400618
2017-05-25,76.7,77.0,76.45,77.0,4681977.0,1.0,0.1874626599400618
2017-05-26,77.0,77.15,76.75,76.95,4018329.0,1.0,0.1874626599400618
2017-05-31,76.95,77.5,76.4,76.5,2701301.0,1.0,0.1874626599400618
2017-06-01,76.5,76.9,76.5,76.9,2221692.0,1.0,0.1874626599400618
2017-06-02,77.3,77.3,77.05,77.2,3540934.0,1.0,0.1874626599400618
2017-06-03,77.25,77.4,77.25,77.4,2052295.0,1.0,0.1874626599400618
2017-06-05,77.35,78.0,77.25,78.0,3281752.0,1.0,0.1874626599400618
2017-06-06,77.95,77.95,77.7,77.95,1203007.0,1.0,0.1874626599400618
2017-06-07,77.9,78.1,77.7,77.95,1844790.0,1.0,0.1874626599400618
2017-06-08,77.95,78.25,77.8,78.25,1886861.0,1.0,0.1874626599400618
2017-06-09,78.05,78.35,77.95,78.0,3010414.0,1.0,0.1874626599400618
2017-06-12,77.15,77.5,77.05,77.15,3300815.0,1.0,0.1874626599400618
2017-06-13,77.15,77.3,77.0,77.25,1615980.0,1.0,0.1874626599400618
2017-06-14,77.4,77.4,76.5,76.85,3380592.0,1.0,0.1874626599400618
2017-06-15,76.8,76.9,76.6,76.9,1507476.0,1.0,0.1874626599400618
2017-06-16,76.9,77.7,76.85,77.7,4233093.0,1.0,0.1874626599400618
2017-06-19,77.7,78.55,77.7,78.55,5144835.0,1.0,0.1874626599400618
2017-06-20,78.6,79.65,78.6,79.45,4046834.0,1.0,0.1874626599400618
2017-06-21,79.2,79.9,78.85,79.55,13612954.0,1.0,0.1874626599400618
2017-06-22,79.6,79.85,79.55,79.75,6112800.0,1.0,0.1874626599400618
2017-06-23,79.75,80.05,79.65,79.7,8517089.0,1.0,0.1874626599400618
2017-06-26,79.8,81.5,79.8,81.4,14254481.0,1.0,0.1874626599400618
2017-06-27,81.4,81.5,81.0,81.3,3026202.0,1.0,0.1874626599400618
2017-06-28,80.9,81.05,80.3,80.55,6286912.0,1.0,0.1874626599400618
2017-06-29,81.0,81.05,80.5,80.65,1427255.0,1.0,0.1874626599400618
2017-06-30,80.1,80.4,79.8,80.4,3070653.0,1.0,0.1874626599400618
2017-07-03,80.4,80.6,80.2,80.45,1551046.0,1.0,0.1874626599400618
2017-07-04,80.45,80.6,80.0,80.0,1237199.0,1.0,0.1874626599400618
2017-07-05,80.1,80.75,79.75,80.75,2274312.0,1.0,0.1874626599400618
2017-07-06,80.75,80.75,80.2,80.4,2492419.0,1.0,0.1874626599400618
2017-07-07,80.25,80.25,79.8,79.95,3569810.0,1.0,0.1874626599400618
2017-07-10,80.0,80.45,80.0,80.35,3549929.0,1.0,0.1874626599400618
2017-07-11,80.7,81.55,80.55,81.55,4138771.0,1.0,0.1874626599400618
2017-07-12,81.5,81.8,81.3,81.55,3948227.0,1.0,0.1874626599400618
2017-07-13,81.95,82.4,81.75,82.2,3992624.0,1.0,0.1874626599400618
2017-07-14,82.0,82.15,81.8,82.05,2281634.0,1.0,0.1874626599400618
2017-07-17,82.5,82.55,82.0,82.2,2687643.0,1.0,0.1874626599400618
2017-07-18,82.2,82.4,81.85,82.4,3277706.0,1.0,0.1874626599400618
2017-07-19,82.35,83.0,82.35,82.7,7267690.0,1.0,0.1874626599400618
2017-07-20,82.85,82.9,82.55,82.65,2020686.0,1.0,0.1874626599400618
2017-07-21,82.6,82.6,82.05,82.1,4465912.0,1.0,0.1874626599400618
2017-07-24,81.95,82.3,81.75,82.3,2364317.0,1.0,0.1874626599400618
2017-07-25,82.3,82.5,82.1,82.45,2126646.0,1.0,0.1874626599400618
2017-07-26,82.55,82.75,82.05,82.15,2357445.0,1.0,0.1874626599400618
2017-07-27,82.2,83.0,82.2,83.0,2213720.0,1.0,0.1874626599400618
2017-07-28,82.4,82.45,81.95,82.1,4401601.0,1.0,0.1874626599400618
2017-07-31,81.45,81.5,81.05,81.35,2806599.0,0.9914738124238733,0.18907474669630311
2017-08-01,82.15,82.15,81.55,81.8,2642390.0,1.0,0.18907474669630311
2017-08-02,82.0,82.65,82.0,82.5,5045458.0,1.0,0.18907474669630311
2017-08-03,81.85,82.35,81.7,82.2,4029108.0,1.0,0.18907474669630311
2017-08-04,82.15,82.35,82.05,82.35,1143998.0,1.0,0.18907474669630311
2017-08-07,82.45,83.0,82.45,82.95,4108819.0,1.0,0.18907474669630311
2017-08-08,83.05,83.25,82.55,82.9,2985746.0,1.0,0.18907474669630311
2017-08-09,82.55,82.6,82.05,82.15,3122228.0,1.0,0.18907474669630311
2017-08-10,82.35,82.45,81.35,81.6,3168994.0,1.0,0.18907474669630311
2017-08-11,80.85,81.35,80.75,81.25,2747290.0,1.0,0.18907474669630311
2017-08-14,81.45,81.6,80.75,80.75,2245412.0,1.0,0.18907474669630311
2017-08-15,81.3,81.5,80.95,81.3,2708861.0,1.0,0.18907474669630311
2017-08-16,81.15,81.25,80.6,81.0,6282836.0,1.0,0.18907474669630311
2017-08-17,81.25,81.7,81.15,81.65,1968802.0,1.0,0.18907474669630311
2017-08-18,81.0,81.15,80.65,81.15,2315643.0,1.0,0.18907474669630311
2017-08-21,81.05,81.2,80.75,81.05,2050279.0,1.0,0.18907474669630311
2017-08-22,81.45,81.9,81.45,81.85,3986645.0,1.0,0.18907474669630311
2017-08-23,82.0,82.25,81.75,81.75,5504507.0,1.0,0.18907474669630311
2017-08-24,81.85,82.55,81.85,82.55,3487871.0,1.0,0.18907474669630311
2017-08-25,82.65,82.75,82.4,82.7,2614758.0,1.0,0.18907474669630311
2017-08-28,82.7,82.8,82.4,82.55,2773226.0,1.0,0.18907474669630311
2017-08-29,82.25,82.4,81.95,82.3,1228682.0,1.0,0.18907474669630311
2017-08-30,82.65,82.9,82.6,82.7,4119943.0,1.0,0.18907474669630311
2017-08-31,83.15,83.15,82.7,82.95,3284317.0,1.0,0.18907474669630311
2017-09-01,82.95,83.2,82.65,83.0,4429357.0,1.0,0.18907474669630311
2017-09-04,82.9,83.05,82.7,82.85,2595960.0,1.0,0.18907474669630311
2017-09-05,82.9,83.0,82.65,82.95,2564014.0,1.0,0.18907474669630311
2017-09-06,82.7,82.9,82.35,82.6,2891459.0,1.0,0.18907474669630311
2017-09-07,82.8,82.85,82.2,82.25,1368850.0,1.0,0.18907474669630311
2017-09-08,82.4,82.9,82.4,82.7,2841807.0,1.0,0.18907474669630311
2017-09-11,83.25,83.35,82.5,82.55,1627740.0,1.0,0.18907474669630311
2017-09-12,82.95,83.05,82.65,82.85,1394251.0,1.0,0.18907474669630311
2017-09-13,82.9,83.0,82.25,82.3,2175414.0,1.0,0.18907474669630311
2017-09-14,82.3,82.55,82.15,82.35,1749686.0,1.0,0.18907474669630311
2017-09-15,82.35,82.5,82.1,82.35,1821006.0,1.0,0.18907474669630311
2017-09-18,82.85,83.15,82.6,83.15,2692818.0,1.0,0.18907474669630311
2017-09-19,83.2,83.3,82.65,82.75,1456448.0,1.0,0.18907474669630311
2017-09-20,82.5,82.65,82.1,82.2,9963674.0,1.0,0.18907474669630311
2017-09-21,82.05,82.8,81.95,82.7,1830228.0,1.0,0.18907474669630311
2017-09-22,82.6,82.6,81.55,81.6,5605786.0,1.0,0.18907474669630311
2017-09-25,81.55,81.55,80.75,80.95,7071046.0,1.0,0.18907474669630311
2017-09-26,80.8,81.05,80.3,80.3,11752300.0,1.0,0.18907474669630311
2017-09-27,80.6,80.9,80.55,80.7,6242902.0,1.0,0.18907474669630311
2017-09-28,80.75,80.8,80.3,80.4,6899317.0,1.0,0.18907474669630311
2017-09-29,80.45,80.65,80.3,80.65,3443865.0,1.0,0.18907474669630311
2017-09-30,81.0,81.2,80.85,81.2,1585133.0,1.0,0.18907474669630311
2017-10-02,81.25,81.6,81.25,81.5,3261192.0,1.0,0.18907474669630311
2017-10-03,81.55,81.7,81.3,81.5,1578103.0,1.0,0.18907474669630311
2017-10-05,81.5,82.1,81.5,81.85,6407078.0,1.0,0.18907474669630311
2017-10-06,82.1,82.2,81.95,82.1,4126781.0,1.0,0.18907474669630311
2017-10-11,82.45,83.4,82.45,83.4,15975456.0,1.0,0.18907474669630311
2017-10-12,83.55,84.2,83.55,84.2,8770044.0,1.0,0.18907474669630311
2017-10-13,83.95,84.05,83.75,84.05,3596016.0,1.0,0.18907474669630311
2017-10-16,84.05,84.5,84.05,84.5,4045713.0,1.0,0.18907474669630311
2017-10-17,84.55,84.7,84.3,84.3,3233897.0,1.0,0.18907474669630311
2017-10-18,84.8,85.0,84.3,84.6,4472628.0,1.0,0.18907474669630311
2017-10-19,84.7,85.2,84.7,84.9,2447441.0,1.0,0.18907474669630311
2017-10-20,84.4,84.85,84.4,84.55,1725562.0,1.0,0.18907474669630311
2017-10-23,84.7,84.95,84.45,84.5,1771858.0,1.0,0.18907474669630311
2017-10-24,84.5,84.5,84.2,84.4,1072153.0,1.0,0.18907474669630311
2017-10-25,84.3,84.6,84.2,84.35,2416641.0,1.0,0.18907474669630311
2017-10-26,84.15,84.4,84.0,84.25,3226482.0,1.0,0.18907474669630311
2017-10-27,84.3,84.75,84.2,84.3,2141138.0,1.0,0.18907474669630311
2017-10-30,85.1,85.35,84.8,84.95,3357992.0,1.0,0.18907474669630311
2017-10-31,85.0,85.35,84.8,85.2,2131434.0,1.0,0.18907474669630311
2017-11-01,85.35,85.4,84.95,85.1,1313748.0,1.0,0.18907474669630311
2017-11-02,84.95,85.05,84.7,84.8,1562537.0,1.0,0.18907474669630311
2017-11-03,84.95,85.05,84.6,84.7,1455869.0,1.0,0.18907474669630311
2017-11-06,85.2,85.3,84.6,84.85,1573301.0,1.0,0.18907474669630311
2017-11-07,85.0,85.3,84.85,85.3,2211471.0,1.0,0.18907474669630311
2017-11-08,85.2,85.2,84.95,84.95,809880.0,1.0,0.18907474669630311
2017-11-09,84.95,85.05,84.4,84.4,1258299.0,1.0,0.18907474669630311
2017-11-10,84.3,84.55,83.95,84.55,923206.0,1.0,0.18907474669630311
2017-11-13,84.25,84.4,84.2,84.3,979282.0,1.0,0.18907474669630311
2017-11-14,84.3,84.3,83.95,84.15,1015799.0,1.0,0.18907474669630311
2017-11-15,83.8,83.85,83.15,83.3,6270191.0,1.0,0.18907474669630311
2017-11-16,83.3,83.75,83.2,83.6,2176812.0,1.0,0.18907474669630311
2017-11-17,84.3,84.45,84.15,84.35,7196119.0,1.0,0.18907474669630311
2017-11-20,84.4,84.45,83.9,84.0,2301024.0,1.0,0.18907474669630311
2017-11-21,83.9,84.8,83.9,84.75,4469688.0,1.0,0.18907474669630311
2017-11-22,85.15,85.6,84.9,85.15,4913723.0,1.0,0.18907474669630311
2017-11-23,85.15,85.35,84.95,85.2,1552051.0,1.0,0.18907474669630311
2017-11-24,85.25,85.3,84.95,85.15,1068534.0,1.0,0.18907474669630311
2017-11-27,85.15,85.15,84.1,84.15,2127304.0,1.0,0.18907474669630311
2017-11-28,83.95,84.0,83.5,83.6,2007123.0,1.0,0.18907474669630311
2017-11-29,83.65,83.95,83.55,83.7,1381859.0,1.0,0.18907474669630311
2017-11-30,83.0,83.0,82.25,82.25,8038492.0,1.0,0.18907474669630311
2017-12-01,82.15,82.9,81.65,82.6,5620322.0,1.0,0.18907474669630311
2017-12-04,82.65,82.95,82.35,82.9,1503749.0,1.0,0.18907474669630311
2017-12-05,82.55,82.65,82.2,82.25,1880132.0,1.0,0.18907474669630311
2017-12-06,82.1,82.1,80.85,80.85,13235403.0,1.0,0.18907474669630311
2017-12-07,81.2,81.25,80.45,80.9,7309030.0,1.0,0.18907474669630311
2017-12-08,81.5,81.5,80.65,80.9,6280017.0,1.0,0.18907474669630311
2017-12-11,81.2,81.65,81.2,81.5,2738995.0,1.0,0.18907474669630311
2017-12-12,81.4,81.5,80.55,80.95,3940646.0,1.0,0.18907474669630311
2017-12-13,81.1,81.2,80.9,81.0,1676999.0,1.0,0.18907474669630311
2017-12-14,81.55,82.0,81.35,81.75,2246280.0,1.0,0.18907474669630311
2017-12-15,81.65,81.65,80.65,81.1,4077161.0,1.0,0.18907474669630311
2017-12-18,81.2,81.25,80.85,81.2,3842614.0,1.0,0.18907474669630311
2017-12-19,81.2,81.4,80.7,80.8,4095098.0,1.0,0.18907474669630311
2017-12-20,80.8,81.1,80.75,81.05,4652274.0,1.0,0.18907474669630311
2017-12-21,81.1,81.35,81.0,81.0,1240823.0,1.0,0.18907474669630311
2017-12-22,80.8,81.35,80.7,81.3,1644841.0,1.0,0.18907474669630311
2017-12-25,81.3,81.55,81.3,81.45,1002933.0,1.0,0.18907474669630311
2017-12-26,81.45,81.45,80.5,80.65,2578196.0,1.0,0.18907474669630311
2017-12-27,80.6,80.9,80.55,80.9,3600143.0,1.0,0.18907474669630311
2017-12-28,81.25,81.75,81.25,81.7,3094816.0,1.0,0.18907474669630311
2017-12-29,81.75,82.2,81.75,82.15,4690296.0,1.0,0.18907474669630311
2018-01-02,82.15,82.6,82.15,82.6,3613199.0,1.0,0.18907474669630311
2018-01-03,82.95,83.45,82.95,83.35,7196437.0,1.0,0.18907474669630311
2018-01-04,83.5,83.65,83.2,83.5,5627565.0,1.0,0.18907474669630311
2018-01-05,83.5,83.8,83.3,83.75,7616796.0,1.0,0.18907474669630311
2018-01-08,83.8,84.15,83.7,84.1,5189611.0,1.0,0.18907474669630311
2018-01-09,84.1,84.25,83.9,84.15,3664716.0,1.0,0.18907474669630311
2018-01-10,84.1,84.25,83.55,83.75,5749597.0,1.0,0.18907474669630311
2018-01-11,83.65,83.7,83.1,83.4,2579225.0,1.0,0.18907474669630311
2018-01-12,83.55,84.2,83.5,84.1,2871193.0,1.0,0.18907474669630311
2018-01-15,84.55,84.7,84.4,84.65,2819852.0,1.0,0.18907474669630311
2018-01-16,84.65,85.0,84.5,85.0,3955841.0,1.0,0.18907474669630311
2018-01-17,84.65,85.45,84.65,85.15,5698268.0,1.0,0.18907474669630311
2018-01-18,85.5,86.55,85.5,86.3,6898803.0,1.0,0.18907474669630311
2018-01-19,86.35,87.15,86.35,87.15,5302072.0,1.0,0.18907474669630311
2018-01-22,87.15,87.95,87.15,87.95,4441061.0,1.0,0.18907474669630311
2018-01-23,88.05,88.4,87.9,88.3,5799932.0,1.0,0.18907474669630311
2018-01-24,88.0,88.0,86.85,87.2,5103429.0,1.0,0.18907474669630311
2018-01-25,87.25,88.3,87.15,87.45,4983684.0,1.0,0.18907474669630311
2018-01-26,87.45,87.6,86.85,87.5,7774673.0,1.0,0.18907474669630311
2018-01-29,85.5,86.15,85.2,85.55,6445797.0,0.9748571428571429,0.19395123488776697
2018-01-30,85.2,85.35,84.5,84.55,4966261.0,1.0,0.19395123488776697
2018-01-31,84.4,85.0,84.15,84.65,4251739.0,1.0,0.19395123488776697
2018-02-01,84.75,85.5,84.75,85.25,2914539.0,1.0,0.19395123488776697
2018-02-02,84.85,85.15,84.35,84.9,3081592.0,1.0,0.19395123488776697
2018-02-05,83.2,83.75,82.9,83.6,7075902.0,1.0,0.19395123488776697
2018-02-06,80.85,81.1,78.8,79.65,32222595.0,1.0,0.19395123488776697
2018-02-07,81.35,81.4,80.6,80.65,10181907.0,1.0,0.19395123488776697
2018-02-08,80.65,80.95,80.3,80.6,4514691.0,1.0,0.19395123488776697
2018-02-09,78.6,79.2,78.0,79.05,16211237.0,1.0,0.19395123488776697
2018-02-12,79.55,79.9,79.4,79.7,8443795.0,1.0,0.19395123488776697
2018-02-21,81.4,81.7,81.1,81.5,11646085.0,1.0,0.19395123488776697
2018-02-22,81.5,81.5,80.75,81.0,3749910.0,1.0,0.19395123488776697
2018-02-23,81.4,82.1,81.4,82.0,3779316.0,1.0,0.19395123488776697
2018-02-26,82.55,82.8,82.35,82.4,3289207.0,1.0,0.19395123488776697
2018-02-27,83.1,83.2,82.35,82.35,7663746.0,1.0,0.19395123488776697
2018-03-01,81.55,81.95,81.15,81.75,4344220.0,1.0,0.19395123488776697
2018-03-02,80.85,81.2,80.45,81.15,6262361.0,1.0,0.19395123488776697
2018-03-05,81.1,81.5,80.65,80.75,3723757.0,1.0,0.19395123488776697
2018-03-06,81.65,82.15,81.6,82.15,5732204.0,1.0,0.19395123488776697
2018-03-07,81.75,82.45,81.7,81.8,2619161.0,1.0,0.19395123488776697
2018-03-08,82.15,82.8,82.15,82.75,3232583.0,1.0,0.19395123488776697
2018-03-09,82.9,83.0,82.7,82.85,2832064.0,1.0,0.19395123488776697
2018-03-12,83.6,84.25,83.55,84.15,8752324.0,1.0,0.19395123488776697
2018-03-13,84.35,84.95,84.3,84.95,9837435.0,1.0,0.19395123488776697
2018-03-14,84.35,84.45,84.0,84.3,3415928.0,1.0,0.19395123488776697
2018-03-15,84.0,84.3,83.9,84.25,3506898.0,1.0,0.19395123488776697
2018-03-16,84.0,84.2,83.1,83.9,5510671.0,1.0,0.19395123488776697
2018-03-19,83.65,84.1,83.45,83.85,2035534.0,1.0,0.19395123488776697
2018-03-20,83.2,83.8,83.2,83.8,2895350.0,1.0,0.19395123488776697
2018-03-21,83.8,84.1,83.6,83.85,4891527.0,1.0,0.19395123488776697
2018-03-22,84.0,84.6,83.45,83.55,3429925.0,1.0,0.19395123488776697
2018-03-23,81.85,82.4,81.8,82.1,8259738.0,1.0,0.19395123488776697
2018-03-26,81.85,82.2,81.6,82.2,4369122.0,1.0,0.19395123488776697
2018-03-27,83.0,83.4,82.95,83.4,3277568.0,1.0,0.19395123488776697
2018-03-28,82.9,82.9,82.2,82.25,4161192.0,1.0,0.19395123488776697
2018-03-29,82.25,82.35,81.8,82.1,4099855.0,1.0,0.19395123488776697
2018-03-30,82.65,83.05,82.65,82.85,4994090.0,1.0,0.19395123488776697
2018-03-31,82.85,83.05,82.75,82.95,878295.0,1.0,0.19395123488776697
2018-04-02,82.85,82.95,82.15,82.25,3737299.0,1.0,0.19395123488776697
2018-04-03,81.5,81.55,81.2,81.5,6187523.0,1.0,0.19395123488776697
2018-04-09,82.15,82.3,81.6,82.2,3401430.0,1.0,0.19395123488776697
2018-04-10,82.1,82.85,81.75,82.5,3860497.0,1.0,0.19395123488776697
2018-04-11,82.9,83.1,82.75,82.85,2603653.0,1.0,0.19395123488776697
2018-04-12,83.05,83.15,82.25,82.5,3591573.0,1.0,0.19395123488776697
2018-04-13,82.7,82.8,82.3,82.5,2982732.0,1.0,0.19395123488776697
2018-04-16,82.65,82.65,82.0,82.3,1809198.0,1.0,0.19395123488776697
2018-04-17,82.4,82.4,81.35,81.4,4325040.0,1.0,0.19395123488776697
2018-04-18,81.6,82.1,81.35,81.6,3739837.0,1.0,0.19395123488776697
2018-04-19,81.9,82.65,81.9,82.65,4461269.0,1.0,0.19395123488776697
2018-04-20,81.0,81.1,80.5,80.75,9017715.0,1.0,0.19395123488776697
2018-04-23,80.25,80.45,79.9,79.95,10624780.0,1.0,0.19395123488776697
2018-04-24,79.9,79.95,79.05,79.55,16867787.0,1.0,0.19395123488776697
2018-04-25,79.25,79.3,78.8,79.3,16460997.0,1.0,0.19395123488776697
2018-04-26,79.7,79.7,78.8,79.05,16485778.0,1.0,0.19395123488776697
2018-04-27,79.6,79.65,78.8,79.2,12395611.0,1.0,0.19395123488776697
2018-04-30,79.65,80.15,79.05,80.0,6516983.0,1.0,0.19395123488776697
2018-05-02,80.05,80.15,79.4,79.4,5513498.0,1.0,0.19395123488776697
2018-05-03,79.05,79.05,78.35,78.55,8823434.0,1.0,0.19395123488776697
2018-05-04,78.55,79.0,78.4,78.95,3475423.0,1.0,0.19395123488776697
2018-05-07,79.5,79.55,78.8,79.5,3858382.0,1.0,0.19395123488776697
2018-05-08,79.4,80.05,79.35,80.0,5352116.0,1.0,0.19395123488776697
2018-05-09,80.0,80.55,80.0,80.45,3359022.0,1.0,0.19395123488776697
2018-05-10,80.7,80.7,80.45,80.65,5977304.0,1.0,0.19395123488776697
2018-05-11,81.1,81.7,81.05,81.6,17654297.0,1.0,0.19395123488776697
2018-05-14,82.0,82.6,81.9,82.5,17197686.0,1.0,0.19395123488776697
2018-05-15,82.35,82.4,81.65,81.65,7222482.0,1.0,0.19395123488776697
2018-05-16,81.45,81.8,81.4,81.75,8293601.0,1.0,0.19395123488776697
2018-05-17,81.95,82.0,81.2,81.2,1940778.0,1.0,0.19395123488776697
2018-05-18,81.2,81.5,80.85,80.95,2360712.0,1.0,0.19395123488776697
2018-05-21,81.2,82.1,81.2,82.05,3889661.0,1.0,0.19395123488776697
2018-05-22,81.8,82.3,81.75,81.75,1837449.0,1.0,0.19395123488776697
2018-05-23,81.9,82.0,81.3,81.35,2124373.0,1.0,0.19395123488776697
2018-05-24,81.35,81.7,81.25,81.55,1135324.0,1.0,0.19395123488776697
2018-05-25,81.55,82.05,81.4,81.85,3115748.0,1.0,0.19395123488776697
2018-05-28,82.05,82.25,82.0,82.2,2940383.0,1.0,0.19395123488776697
2018-05-29,82.2,82.2,81.5,81.85,1388540.0,1.0,0.19395123488776697
2018-05-30,81.4,81.4,80.3,80.4,6177819.0,1.0,0.19395123488776697
2018-05-31,80.8,80.95,80.55,80.75,1605922.0,1.0,0.19395123488776697
2018-06-01,80.8,81.45,80.8,81.35,1848694.0,1.0,0.19395123488776697
2018-06-04,81.8,82.6,81.8,82.6,7081064.0,1.0,0.19395123488776697
2018-06-05,82.7,82.7,82.25,82.5,2695921.0,1.0,0.19395123488776697
2018-06-06,82.65,83.35,82.65,83.3,6398322.0,1.0,0.19395123488776697
2018-06-07,83.5,83.6,83.0,83.45,6704318.0,1.0,0.19395123488776697
2018-06-08,83.3,83.3,82.5,82.55,3469539.0,1.0,0.19395123488776697
2018-06-11,82.8,82.95,82.4,82.65,3264375.0,1.0,0.19395123488776697
2018-06-12,82.25,82.5,81.95,82.5,2243224.0,1.0,0.19395123488776697
2018-06-13,82.45,83.1,82.35,83.0,4668145.0,1.0,0.19395123488776697
2018-06-14,82.5,82.55,81.75,81.75,3564268.0,1.0,0.19395123488776697
2018-06-15,81.6,81.95,81.2,81.95,3862122.0,1.0,0.19395123488776697
2018-06-19,81.1,81.2,80.6,80.6,4994238.0,1.0,0.19395123488776697
2018-06-20,80.65,81.7,80.3,81.5,7866995.0,1.0,0.19395123488776697
2018-06-21,81.5,81.6,81.2,81.25,2134851.0,1.0,0.19395123488776697
2018-06-22,80.8,81.2,80.35,81.15,6482461.0,1.0,0.19395123488776697
2018-06-25,80.85,81.05,80.7,80.9,7993181.0,1.0,0.19395123488776697
2018-06-26,80.7,80.7,80.0,80.7,16434141.0,1.0,0.19395123488776697
2018-06-27,80.75,80.9,80.3,80.4,8308049.0,1.0,0.19395123488776697
2018-06-28,80.05,80.4,79.8,80.05,12064020.0,1.0,0.19395123488776697
2018-06-29,80.3,81.55,80.2,81.45,6584213.0,1.0,0.19395123488776697
2018-07-02,81.5,81.9,81.0,81.05,4175628.0,1.0,0.19395123488776697
2018-07-03,81.3,81.95,80.6,81.15,5023687.0,1.0,0.19395123488776697
2018-07-04,81.15,81.6,81.1,81.4,1746449.0,1.0,0.19395123488776697
2018-07-05,81.45,81.45,80.6,80.75,3119082.0,1.0,0.19395123488776697
2018-07-06,81.1,81.15,80.2,80.95,5351492.0,1.0,0.19395123488776697
2018-07-09,81.75,82.45,81.55,82.25,9040778.0,1.0,0.19395123488776697
2018-07-10,82.65,82.8,82.35,82.45,4913802.0,1.0,0.19395123488776697
2018-07-11,81.7,81.9,81.3,81.7,3899069.0,1.0,0.19395123488776697
2018-07-12,81.6,82.65,81.5,82.65,6882846.0,1.0,0.19395123488776697
2018-07-13,83.0,83.4,82.8,83.35,13661779.0,1.0,0.19395123488776697
2018-07-16,83.3,83.45,83.0,83.0,5332432.0,1.0,0.19395123488776697
2018-07-17,82.85,82.85,82.4,82.55,2992751.0,1.0,0.19395123488776697
2018-07-18,83.15,83.5,82.95,83.05,13174455.0,1.0,0.19395123488776697
2018-07-19,83.1,83.8,83.05,83.3,13217661.0,1.0,0.19395123488776697
2018-07-20,84.0,84.7,84.0,84.65,18403370.0,1.0,0.19395123488776697
2018-07-23,84.3,84.75,83.85,84.55,8504472.0,0.9917306556408741,0.1955684578111909
2018-07-24,84.45,84.7,84.15,84.7,5116814.0,1.0,0.1955684578111909
2018-07-25,84.05,84.85,84.05,84.75,6352201.0,1.0,0.1955684578111909
2018-07-26,84.75,85.25,84.75,85.0,8471170.0,1.0,0.1955684578111909
2018-07-27,85.1,85.75,85.1,85.7,5947118.0,1.0,0.1955684578111909
2018-07-30,85.65,85.9,85.4,85.55,3230410.0,1.0,0.1955684578111909
2018-07-31,85.35,85.7,85.05,85.55,2739663.0,1.0,0.1955684578111909
2018-08-01,85.8,86.2,85.8,86.15,4012507.0,1.0,0.1955684578111909
2018-08-02,86.1,86.15,84.85,84.85,4774950.0,1.0,0.1955684578111909
2018-08-03,85.4,85.7,85.35,85.55,1225166.0,1.0,0.1955684578111909
2018-08-06,85.55,86.1,85.35,85.7,2424671.0,1.0,0.1955684578111909
2018-08-07,85.7,85.8,85.4,85.5,1199281.0,1.0,0.1955684578111909
2018-08-08,85.8,86.4,85.8,86.15,4074984.0,1.0,0.1955684578111909
2018-08-09,86.1,86.25,85.7,86.15,1631789.0,1.0,0.1955684578111909
2018-08-10,85.7,86.15,85.65,85.7,1279917.0,1.0,0.1955684578111909
2018-08-13,85.05,85.05,83.65,83.95,7284934.0,1.0,0.1955684578111909
2018-08-14,84.4,84.6,84.05,84.55,2243205.0,1.0,0.1955684578111909
2018-08-15,84.5,84.5,83.45,83.75,4279671.0,1.0,0.1955684578111909
2018-08-16,83.25,84.1,83.05,83.8,4532542.0,1.0,0.1955684578111909
2018-08-17,83.95,84.15,83.6,83.65,4640039.0,1.0,0.1955684578111909
2018-08-20,83.9,84.1,83.7,83.95,3147996.0,1.0,0.1955684578111909
2018-08-21,83.9,84.65,83.9,84.55,5023058.0,1.0,0.1955684578111909
2018-08-22,84.7,84.85,84.35,84.65,3545768.0,1.0,0.1955684578111909
2018-08-23,84.8,85.2,84.6,85.05,3869236.0,1.0,0.1955684578111909
2018-08-24,85.0,85.1,84.45,84.8,2549174.0,1.0,0.1955684578111909
2018-08-27,85.0,85.55,85.0,85.55,5025454.0,1.0,0.1955684578111909
2018-08-28,85.95,86.4,85.95,86.25,8288078.0,1.0,0.1955684578111909
2018-08-29,86.45,87.35,86.45,87.25,13383846.0,1.0,0.1955684578111909
2018-08-30,87.8,88.35,87.45,87.55,9894177.0,1.0,0.1955684578111909
2018-08-31,87.0,87.0,86.45,86.95,4245610.0,1.0,0.1955684578111909
2018-09-03,86.95,87.2,86.4,86.45,3670077.0,1.0,0.1955684578111909
2018-09-04,86.8,87.0,86.45,87.0,2357725.0,1.0,0.1955684578111909
2018-09-05,87.0,87.3,86.7,87.0,2496308.0,1.0,0.1955684578111909
2018-09-06,86.9,86.9,86.2,86.5,1945889.0,1.0,0.1955684578111909
2018-09-07,86.2,86.45,86.0,86.4,2505908.0,1.0,0.1955684578111909
2018-09-10,86.6,86.6,85.65,86.0,5319281.0,1.0,0.1955684578111909
2018-09-11,85.95,86.0,85.4,85.65,19525404.0,1.0,0.1955684578111909
2018-09-12,85.85,85.9,85.25,85.55,18583973.0,1.0,0.1955684578111909
2018-09-13,85.8,85.8,84.9,84.95,20996200.0,1.0,0.1955684578111909
2018-09-14,85.75,86.5,85.6,86.5,8616375.0,1.0,0.1955684578111909
2018-09-17,86.5,86.5,85.7,85.85,8988960.0,1.0,0.1955684578111909
2018-09-18,85.6,85.7,85.2,85.4,6140571.0,1.0,0.1955684578111909
2018-09-19,85.8,86.3,85.7,86.15,6881627.0,1.0,0.1955684578111909
2018-09-20,86.45,86.55,85.8,85.9,4159776.0,1.0,0.1955684578111909
2018-09-21,86.25,86.85,85.9,86.85,7370439.0,1.0,0.1955684578111909
2018-09-25,86.65,87.15,86.6,87.1,7506252.0,1.0,0.1955684578111909
2018-09-26,86.9,87.0,86.75,86.9,8036503.0,1.0,0.1955684578111909
2018-09-27,86.6,87.45,86.6,87.35,27800036.0,1.0,0.1955684578111909
2018-09-28,87.35,87.65,86.6,86.9,13202371.0,1.0,0.1955684578111909
2018-10-01,86.9,87.4,86.9,87.35,5914234.0,1.0,0.1955684578111909
2018-10-02,87.25,87.25,86.0,86.05,5434332.0,1.0,0.1955684578111909
2018-10-03,86.05,86.3,85.8,85.95,4369690.0,1.0,0.1955684578111909
2018-10-04,85.7,85.7,84.8,84.9,9736968.0,1.0,0.1955684578111909
2018-10-05,84.5,84.5,83.0,83.45,26744096.0,1.0,0.1955684578111909
2018-10-08,82.95,83.4,82.5,83.0,46523204.0,1.0,0.1955684578111909
2018-10-09,83.05,83.4,82.8,83.25,20530897.0,1.0,0.1955684578111909
2018-10-11,80.15,80.15,77.35,77.4,68551624.0,1.0,0.1955684578111909
2018-10-12,77.7,80.05,77.5,80.05,23183282.0,1.0,0.1955684578111909
2018-10-15,79.5,79.5,78.65,79.2,49299658.0,1.0,0.1955684578111909
2018-10-16,79.0,79.5,78.6,79.3,16686645.0,1.0,0.1955684578111909
2018-10-17,80.45,80.5,79.35,79.4,20309037.0,1.0,0.1955684578111909
2018-10-18,79.5,79.75,78.95,79.15,7988282.0,1.0,0.1955684578111909
2018-10-19,78.2,79.3,78.0,79.3,12064036.0,1.0,0.1955684578111909
2018-10-22,78.35,79.55,78.0,79.2,12453453.0,1.0,0.1955684578111909
2018-10-23,78.1,78.6,77.7,77.75,24898392.0,1.0,0.1955684578111909
2018-10-24,77.8,77.95,76.7,77.4,13002500.0,1.0,0.1955684578111909
2018-10-25,75.5,76.2,75.3,75.5,28935886.0,1.0,0.1955684578111909
2018-10-26,76.25,76.45,74.5,75.4,17783781.0,1.0,0.1955684578111909
2018-10-29,75.85,76.1,75.35,75.75,9883260.0,1.0,0.1955684578111909
2018-10-30,75.8,76.25,75.5,75.95,6119050.0,1.0,0.1955684578111909
2018-10-31,76.6,77.55,76.6,77.55,9898224.0,1.0,0.1955684578111909
2018-11-01,77.85,78.45,77.55,78.4,6807294.0,1.0,0.1955684578111909
2018-11-02,78.4,78.8,78.0,78.65,6722329.0,1.0,0.1955684578111909
2018-11-05,78.1,78.25,77.6,78.25,4657750.0,1.0,0.1955684578111909
2018-11-06,78.45,78.5,77.75,78.0,6206482.0,1.0,0.1955684578111909
2018-11-07,78.2,78.55,78.05,78.4,6194750.0,1.0,0.1955684578111909
2018-11-08,79.15,79.4,78.5,78.85,10309985.0,1.0,0.1955684578111909
2018-11-09,78.5,78.5,77.65,77.8,36848011.0,1.0,0.1955684578111909
2018-11-12,77.75,78.3,77.55,78.0,6133260.0,1.0,0.1955684578111909
2018-11-13,76.15,77.25,75.7,77.1,10711869.0,1.0,0.1955684578111909
2018-11-14,77.25,77.4,77.0,77.35,6293375.0,1.0,0.1955684578111909
2018-11-15,77.5,77.65,76.75,77.6,5694368.0,1.0,0.1955684578111909
2018-11-16,77.95,77.95,76.85,76.95,8883904.0,1.0,0.1955684578111909
2018-11-19,77.05,77.15,76.6,76.7,7058370.0,1.0,0.1955684578111909
2018-11-20,76.4,76.5,75.75,76.0,8625123.0,1.0,0.1955684578111909
2018-11-21,75.3,76.05,74.85,76.0,15125043.0,1.0,0.1955684578111909
2018-11-22,76.1,76.25,75.6,75.6,5934803.0,1.0,0.1955684578111909
2018-11-23,75.7,75.85,75.05,75.35,4041215.0,1.0,0.1955684578111909
2018-11-26,75.9,76.95,75.75,76.15,6330267.0,1.0,0.1955684578111909
2018-11-27,75.95,76.05,75.2,76.05,7625933.0,1.0,0.1955684578111909
2018-11-28,76.15,76.95,75.75,76.9,7549760.0,1.0,0.1955684578111909
2018-11-29,77.7,77.95,77.05,77.05,8881587.0,1.0,0.1955684578111909
2018-11-30,77.2,77.35,76.75,76.75,4210211.0,1.0,0.1955684578111909
2018-12-03,77.85,79.0,77.8,78.8,13850986.0,1.0,0.1955684578111909
2018-12-04,78.5,78.5,78.1,78.25,4118284.0,1.0,0.1955684578111909
2018-12-05,77.1,77.2,76.65,76.65,9636366.0,1.0,0.1955684578111909
2018-12-06,75.85,75.85,74.85,75.1,20347421.0,1.0,0.1955684578111909
2018-12-07,75.6,75.75,75.3,75.45,6781008.0,1.0,0.1955684578111909
2018-12-10,74.5,74.9,74.45,74.45,13013284.0,1.0,0.1955684578111909
2018-12-11,74.5,75.1,74.45,75.05,5316228.0,1.0,0.1955684578111909
2018-12-12,75.65,76.25,75.4,76.2,8677695.0,1.0,0.1955684578111909
2018-12-13,76.2,76.5,75.95,76.3,6253580.0,1.0,0.1955684578111909
2018-12-14,75.8,75.8,74.95,75.35,8780839.0,1.0,0.1955684578111909
2018-12-17,75.35,76.05,75.15,75.95,5652433.0,1.0,0.1955684578111909
2018-12-18,75.5,75.55,75.05,75.3,7669001.0,1.0,0.1955684578111909
2018-12-19,75.5,75.95,75.35,75.9,4497460.0,1.0,0.1955684578111909
2018-12-20,75.0,75.55,75.0,75.05,9561713.0,1.0,0.1955684578111909
2018-12-21,74.95,75.25,74.45,75.2,8481143.0,1.0,0.1955684578111909
2018-12-22,74.85,74.85,74.7,74.85,3002630.0,1.0,0.1955684578111909
2018-12-24,74.85,75.0,74.55,74.7,5952329.0,1.0,0.1955684578111909
2018-12-25,74.15,74.15,73.3,73.75,12071254.0,1.0,0.1955684578111909
2018-12-26,74.0,74.3,73.5,73.55,8919969.0,1.0,0.1955684578111909
2018-12-27,74.8,75.15,74.5,75.05,9615359.0,1.0,0.1955684578111909
2018-12-28,75.1,75.5,74.85,75.5,4629875.0,1.0,0.1955684578111909
2019-01-02,75.85,75.9,73.95,74.05,8532073.0,1.0,0.1955684578111909
2019-01-03,73.8,74.0,73.25,73.35,13347147.0,1.0,0.1955684578111909
2019-01-04,72.8,72.8,72.0,72.2,21292465.0,1.0,0.1955684578111909
2019-01-07,73.55,74.05,73.25,73.95,14605638.0,1.0,0.1955684578111909
2019-01-08,74.15,74.15,73.55,73.65,11006700.0,1.0,0.1955684578111909
2019-01-09,73.95,75.15,73.95,75.0,11430523.0,1.0,0.1955684578111909
2019-01-10,74.8,74.9,74.5,74.8,2823283.0,1.0,0.1955684578111909
2019-01-11,75.3,75.75,75.15,75.5,10362915.0,1.0,0.1955684578111909
2019-01-14,75.45,75.45,74.75,75.0,5298405.0,1.0,0.1955684578111909
2019-01-15,75.05,75.8,75.05,75.65,11836450.0,1.0,0.1955684578111909
2019-01-16,75.65,75.7,75.35,75.55,15342503.0,1.0,0.1955684578111909
2019-01-17,75.6,75.9,75.15,75.55,10020739.0,1.0,0.1955684578111909
2019-01-18,75.75,76.1,75.4,75.95,8293491.0,1.0,0.1955684578111909
2019-01-21,76.35,76.7,76.25,76.5,10454756.0,1.0,0.1955684578111909
2019-01-22,74.4,74.4,73.8,74.05,8838931.0,0.9699346405228758,0.20163055286463752
2019-01-23,74.0,74.0,73.65,73.7,6407442.0,1.0,0.20163055286463752
2019-01-24,73.95,74.15,73.75,74.05,3500506.0,1.0,0.20163055286463752
2019-01-25,74.6,75.1,74.55,75.0,7320778.0,1.0,0.20163055286463752
2019-01-28,75.15,75.45,75.05,75.15,3825143.0,1.0,0.20163055286463752
2019-01-29,74.5,74.55,74.2,74.5,4419790.0,1.0,0.20163055286463752
2019-01-30,74.5,74.65,74.2,74.35,5255229.0,1.0,0.20163055286463752
2019-02-11,75.35,75.65,74.85,75.15,6614900.0,1.0,0.20163055286463752
2019-02-12,75.35,75.75,75.35,75.65,6164150.0,1.0,0.20163055286463752
2019-02-13,75.95,75.95,75.4,75.5,4157700.0,1.0,0.20163055286463752
2019-02-14,75.5,75.75,75.25,75.25,3641542.0,1.0,0.20163055286463752
2019-02-15,75.3,75.6,74.9,75.05,3516111.0,1.0,0.20163055286463752
2019-02-18,75.5,75.9,75.5,75.65,6596163.0,1.0,0.20163055286463752
2019-02-19,75.7,75.7,75.5,75.5,2862069.0,1.0,0.20163055286463752
2019-02-20,75.9,76.5,75.9,76.35,34307853.0,1.0,0.20163055286463752
2019-02-21,76.4,77.1,76.4,77.1,18664815.0,1.0,0.20163055286463752
2019-02-22,76.95,76.95,76.5,76.95,9881017.0,1.0,0.20163055286463752
2019-02-25,77.35,77.75,77.3,77.5,19365354.0,1.0,0.20163055286463752
2019-02-26,77.65,77.8,77.3,77.7,15903051.0,1.0,0.20163055286463752
2019-02-27,77.7,77.7,77.35,77.65,12907489.0,1.0,0.20163055286463752
2019-03-04,77.55,77.55,76.7,76.95,8469570.0,1.0,0.20163055286463752
2019-03-05,76.6,76.9,76.45,76.75,9400493.0,1.0,0.20163055286463752
2019-03-06,76.85,77.05,76.75,76.95,19579792.0,1.0,0.20163055286463752
2019-03-07,76.9,77.05,76.6,76.65,18239770.0,1.0,0.20163055286463752
2019-03-08,76.2,76.35,75.8,76.0,9975200.0,1.0,0.20163055286463752
2019-03-11,75.85,76.15,75.7,76.15,4642390.0,1.0,0.20163055286463752
2019-03-12,76.85,77.45,76.8,77.25,13857468.0,1.0,0.20163055286463752
2019-03-13,77.05,77.2,76.8,77.1,10148529.0,1.0,0.20163055286463752
2019-03-14,77.3,77.4,76.95,77.05,5208756.0,1.0,0.20163055286463752
2019-03-15,77.35,77.7,77.15,77.6,11483751.0,1.0,0.20163055286463752
2019-03-18,77.75,78.1,77.65,78.1,12218708.0,1.0,0.20163055286463752
2019-03-19,78.1,78.4,77.85,78.4,8604296.0,1.0,0.20163055286463752
2019-03-20,78.35,78.55,78.2,78.5,11856027.0,1.0,0.20163055286463752
2019-03-21,78.8,79.15,78.65,79.15,11341213.0,1.0,0.20163055286463752
2019-03-22,79.5,79.7,79.05,79.35,6930357.0,1.0,0.20163055286463752
2019-03-25,78.1,78.35,78.0,78.15,7020756.0,1.0,0.20163055286463752
2019-03-26,78.5,78.7,78.4,78.65,2700090.0,1.0,0.20163055286463752
2019-03-27,78.45,78.7,78.2,78.5,2555684.0,1.0,0.20163055286463752
2019-03-28,78.3,78.6,78.15,78.5,3415432.0,1.0,0.20163055286463752
2019-03-29,78.7,79.15,78.25,79.15,5680484.0,1.0,0.20163055286463752
2019-04-01,80.0,80.4,79.6,79.85,11053405.0,1.0,0.20163055286463752
2019-04-02,80.1,80.45,80.1,80.15,5605092.0,1.0,0.20163055286463752
2019-04-03,80.4,80.45,79.95,80.15,6867174.0,1.0,0.20163055286463752
2019-04-08,80.8,81.0,80.7,80.9,7990782.0,1.0,0.20163055286463752
2019-04-09,80.95,81.4,80.85,81.4,15272047.0,1.0,0.20163055286463752
2019-04-10,81.1,81.55,81.1,81.5,10863161.0,1.0,0.20163055286463752
2019-04-11,81.35,81.55,80.9,81.15,8272430.0,1.0,0.20163055286463752
2019-04-12,81.15,81.3,81.0,81.1,7498409.0,1.0,0.20163055286463752
2019-04-15,81.65,82.0,81.55,81.85,7681554.0,1.0,0.20163055286463752
2019-04-16,81.85,82.15,81.8,82.1,7767931.0,1.0,0.20163055286463752
2019-04-17,82.3,82.9,82.3,82.75,23104837.0,1.0,0.20163055286463752
2019-04-18,82.9,83.35,82.45,82.7,20690365.0,1.0,0.20163055286463752
2019-04-19,83.25,83.5,82.7,82.8,12515659.0,1.0,0.20163055286463752
2019-04-22,83.0,83.1,82.65,82.7,2874312.0,1.0,0.20163055286463752
2019-04-23,82.7,83.2,82.55,83.05,6012031.0,1.0,0.20163055286463752
2019-04-24,83.4,83.55,82.9,83.2,3108556.0,1.0,0.20163055286463752
2019-04-25,83.1,83.45,83.0,83.4,3529039.0,1.0,0.20163055286463752
2019-04-26,82.8,82.8,82.2,82.45,3815090.0,1.0,0.20163055286463752
2019-04-29,82.6,82.95,82.5,82.8,3161957.0,1.0,0.20163055286463752
2019-04-30,82.8,82.9,82.4,82.8,3247891.0,1.0,0.20163055286463752
2019-05-02,82.95,83.45,82.9,83.0,6155563.0,1.0,0.20163055286463752
2019-05-03,83.1,83.8,83.1,83.75,30324466.0,1.0,0.20163055286463752
2019-05-06,82.6,82.6,82.05,82.3,7463612.0,1.0,0.20163055286463752
2019-05-07,82.65,83.3,82.65,83.15,14011442.0,1.0,0.20163055286463752
2019-05-08,82.4,82.85,82.25,82.55,13573142.0,1.0,0.20163055286463752
2019-05-09,82.15,82.2,81.25,81.55,6923673.0,1.0,0.20163055286463752
2019-05-10,81.55,82.15,80.9,81.5,11794135.0,1.0,0.20163055286463752
2019-05-13,81.1,81.1,80.1,80.15,18678106.0,1.0,0.20163055286463752
2019-05-14,79.6,80.05,78.9,79.65,20279630.0,1.0,0.20163055286463752
2019-05-15,79.65,80.0,79.45,79.75,17261839.0,1.0,0.20163055286463752
2019-05-16,79.5,79.6,79.0,79.05,17099974.0,1.0,0.20163055286463752
2019-05-17,79.5,79.55,78.25,78.25,23573826.0,1.0,0.20163055286463752
2019-05-20,78.5,78.8,78.15,78.2,14304763.0,1.0,0.20163055286463752
2019-05-21,78.0,78.45,77.7,78.4,19814843.0,1.0,0.20163055286463752
2019-05-22,78.2,78.65,78.1,78.4,10557991.0,1.0,0.20163055286463752
2019-05-23,77.85,77.85,76.85,76.95,25682577.0,1.0,0.20163055286463752
2019-05-24,77.05,77.5,77.0,77.35,6029424.0,1.0,0.20163055286463752
2019-05-27,77.5,77.5,76.85,77.15,11541072.0,1.0,0.20163055286463752
2019-05-28,77.25,77.25,76.85,77.1,9812310.0,1.0,0.20163055286463752
2019-05-29,76.5,76.8,76.3,76.75,9659519.0,1.0,0.20163055286463752
2019-05-30,76.75,77.5,76.75,77.4,7658659.0,1.0,0.20163055286463752
2019-05-31,77.35,78.45,77.3,78.45,7566310.0,1.0,0.20163055286463752
2019-06-03,78.2,78.65,77.65,78.55,6017694.0,1.0,0.20163055286463752
2019-06-04,78.45,78.6,78.0,78.05,7228829.0,1.0,0.20163055286463752
2019-06-05,78.85,78.95,78.25,78.3,7051894.0,1.0,0.20163055286463752
2019-06-06,77.7,77.85,77.45,77.7,7456203.0,1.0,0.20163055286463752
2019-06-10,78.65,79.05,78.35,79.05,7666763.0,1.0,0.20163055286463752
2019-06-11,79.2,79.8,79.05,79.4,10623986.0,1.0,0.20163055286463752
2019-06-12,79.4,79.8,79.25,79.7,9258296.0,1.0,0.20163055286463752
2019-06-13,79.4,79.55,78.95,79.05,5914941.0,1.0,0.20163055286463752
2019-06-14,79.0,79.15,78.8,78.9,3164087.0,1.0,0.20163055286463752
2019-06-17,78.45,78.95,78.1,78.7,6141128.0,1.0,0.20163055286463752
2019-06-18,78.8,79.0,78.6,78.9,2890377.0,1.0,0.20163055286463752
2019-06-19,80.0,80.8,79.95,80.75,21832509.0,1.0,0.20163055286463752
2019-06-20,80.75,81.0,80.65,80.85,11581994.0,1.0,0.20163055286463752
2019-06-21,81.1,81.2,80.8,80.85,15343532.0,1.0,0.20163055286463752
2019-06-24,80.8,81.5,80.7,81.2,16600747.0,1.0,0.20163055286463752
2019-06-25,81.15,81.4,80.6,80.75,7941128.0,1.0,0.20163055286463752
2019-06-26,80.6,80.6,80.25,80.35,5913352.0,1.0,0.20163055286463752
2019-06-27,80.55,81.6,80.55,81.5,15351329.0,1.0,0.20163055286463752
2019-06-28,81.45,81.55,80.85,80.9,3940686.0,1.0,0.20163055286463752
2019-07-01,82.05,82.8,82.05,82.65,13771395.0,1.0,0.20163055286463752
2019-07-02,82.65,82.7,82.4,82.45,5209290.0,1.0,0.20163055286463752
2019-07-03,82.35,82.35,81.35,81.5,8615424.0,1.0,0.20163055286463752
2019-07-04,81.8,82.2,81.8,82.0,5777556.0,1.0,0.20163055286463752
2019-07-05,82.1,82.35,81.8,81.9,1612933.0,1.0,0.20163055286463752
2019-07-08,81.8,82.0,81.4,81.6,3859058.0,1.0,0.20163055286463752
2019-07-09,81.75,81.75,81.4,81.5,4083155.0,1.0,0.20163055286463752
2019-07-10,81.95,82.25,81.85,82.2,4427730.0,1.0,0.20163055286463752
2019-07-11,82.65,83.05,82.5,82.85,10379773.0,1.0,0.20163055286463752
2019-07-12,82.85,83.0,82.7,82.75,2972505.0,1.0,0.20163055286463752
2019-07-15,82.85,83.35,82.25,83.2,9336043.0,1.0,0.20163055286463752
2019-07-16,83.2,83.45,83.15,83.35,5503245.0,1.0,0.20163055286463752
2019-07-17,83.25,83.25,82.8,82.8,10598530.0,1.0,0.20163055286463752
2019-07-18,82.6,82.95,82.6,82.7,7541026.0,1.0,0.20163055286463752
2019-07-19,83.0,83.45,83.0,83.0,9780922.0,0.9915356711003627,0.20335178929153078
2019-07-22,83.1,83.5,83.1,83.4,8368544.0,1.0,0.20335178929153078
2019-07-23,83.6,83.9,83.5,83.6,5899116.0,1.0,0.20335178929153078
2019-07-24,83.75,83.9,83.55,83.55,3364336.0,1.0,0.20335178929153078
2019-07-25,83.55,83.8,83.4,83.8,4931659.0,1.0,0.20335178929153078
2019-07-26,83.4,83.4,83.2,83.25,3129687.0,1.0,0.20335178929153078
2019-07-29,83.1,83.45,83.05,83.45,3042246.0,1.0,0.20335178929153078
2019-07-30,83.6,83.7,83.2,83.2,2083374.0,1.0,0.20335178929153078
2019-07-31,83.15,83.15,82.45,82.8,3119262.0,1.0,0.20335178929153078
2019-08-01,82.2,82.55,82.1,82.3,5042943.0,1.0,0.20335178929153078
2019-08-02,81.05,81.2,80.6,80.95,16846402.0,1.0,0.20335178929153078
2019-08-05,80.7,80.85,79.9,80.15,20659506.0,1.0,0.20335178929153078
2019-08-06,78.65,80.45,78.5,80.1,24901846.0,1.0,0.20335178929153078
2019-08-07,80.15,80.2,79.55,79.7,16856004.0,1.0,0.20335178929153078
2019-08-08,80.05,80.8,80.0,80.65,5036121.0,1.0,0.20335178929153078
2019-08-12,80.65,80.85,80.15,80.6,3168030.0,1.0,0.20335178929153078
2019-08-13,80.15,80.15,79.55,79.7,7431519.0,1.0,0.20335178929153078
2019-08-14,80.7,80.8,80.3,80.3,7382138.0,1.0,0.20335178929153078
2019-08-15,79.2,79.6,79.1,79.4,15972089.0,1.0,0.20335178929153078
2019-08-16,79.45,80.35,79.25,80.35,6158748.0,1.0,0.20335178929153078
2019-08-19,80.75,80.9,80.3,80.8,6475352.0,1.0,0.20335178929153078
2019-08-20,80.85,81.1,80.8,81.0,4179197.0,1.0,0.20335178929153078
2019-08-21,80.95,81.15,80.9,81.1,6092896.0,1.0,0.20335178929153078
2019-08-22,81.3,81.65,80.8,80.9,9379398.0,1.0,0.20335178929153078
2019-08-23,80.9,81.1,80.75,81.0,3211036.0,1.0,0.20335178929153078
2019-08-26,79.8,80.1,79.6,79.65,12292310.0,1.0,0.20335178929153078
2019-08-27,80.15,80.2,79.75,79.85,2535864.0,1.0,0.20335178929153078
2019-08-28,80.1,80.55,80.1,80.4,3318188.0,1.0,0.20335178929153078
2019-08-29,80.45,80.6,80.0,80.55,3233649.0,1.0,0.20335178929153078
2019-08-30,81.15,81.9,81.15,81.85,19370894.0,1.0,0.20335178929153078
2019-09-02,81.8,82.0,81.65,81.9,6457870.0,1.0,0.20335178929153078
2019-09-03,81.85,82.0,81.2,81.2,5052925.0,1.0,0.20335178929153078
2019-09-04,81.45,82.2,81.4,82.15,10748771.0,1.0,0.20335178929153078
2019-09-05,82.55,83.2,82.55,83.0,25429390.0,1.0,0.20335178929153078
2019-09-06,83.25,83.55,83.25,83.5,17226303.0,1.0,0.20335178929153078
2019-09-09,83.7,84.0,83.65,83.8,12633348.0,1.0,0.20335178929153078
2019-09-10,83.95,83.95,83.2,83.4,5171847.0,1.0,0.20335178929153078
2019-09-11,83.75,83.9,83.3,83.45,4746200.0,1.0,0.20335178929153078
2019-09-12,84.1,84.25,83.75,83.9,9281122.0,1.0,0.20335178929153078
2019-09-16,84.0,84.45,83.95,84.4,10929792.0,1.0,0.20335178929153078
2019-09-17,84.4,84.45,84.2,84.25,4966780.0,1.0,0.20335178929153078
2019-09-18,84.4,85.0,84.35,84.95,16999486.0,1.0,0.20335178929153078
2019-09-19,84.95,85.15,84.4,84.45,7777364.0,1.0,0.20335178929153078
2019-09-20,84.65,84.9,84.65,84.7,8231699.0,1.0,0.20335178929153078
2019-09-23,84.65,84.85,84.5,84.5,4369839.0,1.0,0.20335178929153078
2019-09-24,84.5,84.85,84.35,84.65,4852012.0,1.0,0.20335178929153078
2019-09-25,84.35,84.35,83.9,84.1,3927674.0,1.0,0.20335178929153078
2019-09-26,84.45,84.7,84.15,84.3,5194687.0,1.0,0.20335178929153078
2019-09-27,84.9,85.2,84.5,84.6,8884695.0,1.0,0.20335178929153078
2019-10-01,84.8,86.0,84.8,85.95,9595908.0,1.0,0.20335178929153078
2019-10-02,85.6,85.9,85.6,85.65,5653658.0,1.0,0.20335178929153078
2019-10-03,84.4,85.1,84.3,84.8,4868237.0,1.0,0.20335178929153078
2019-10-04,85.2,85.4,84.75,85.15,3746987.0,1.0,0.20335178929153078
2019-10-07,85.4,85.65,85.2,85.45,4140747.0,1.0,0.20335178929153078
2019-10-08,85.85,86.6,85.85,86.5,12195435.0,1.0,0.20335178929153078
2019-10-09,86.15,86.2,85.8,85.8,6916829.0,1.0,0.20335178929153078
2019-10-14,87.0,87.55,87.0,87.55,9491298.0,1.0,0.20335178929153078
2019-10-15,87.55,87.85,87.3,87.7,4377610.0,1.0,0.20335178929153078
2019-10-16,88.0,88.15,87.85,88.1,3983672.0,1.0,0.20335178929153078
2019-10-17,88.05,88.15,87.8,88.15,2540883.0,1.0,0.20335178929153078
2019-10-18,88.15,88.65,87.9,87.95,2815798.0,1.0,0.20335178929153078
2019-10-21,87.95,88.0,87.75,87.85,1077652.0,1.0,0.20335178929153078
2019-10-22,88.2,88.8,88.2,88.7,3256399.0,1.0,0.20335178929153078
2019-10-23,88.7,88.8,88.3,88.45,2580656.0,1.0,0.20335178929153078
2019-10-24,88.7,88.8,88.5,88.8,2579559.0,1.0,0.20335178929153078
2019-10-25,89.2,89.2,88.6,88.8,7971190.0,1.0,0.20335178929153078
2019-10-28,89.25,89.3,89.0,89.2,5009774.0,1.0,0.20335178929153078
2019-10-29,89.5,89.65,89.35,89.45,7410985.0,1.0,0.20335178929153078
2019-10-30,89.45,89.85,89.3,89.85,5384270.0,1.0,0.20335178929153078
2019-10-31,89.9,90.6,89.9,90.1,9458164.0,1.0,0.20335178929153078
2019-11-01,90.0,90.2,89.75,90.1,2806778.0,1.0,0.20335178929153078
2019-11-04,90.55,92.25,90.55,92.2,6730681.0,1.0,0.20335178929153078
2019-11-05,92.4,92.9,92.35,92.9,3966279.0,1.0,0.20335178929153078
2019-11-06,92.95,93.35,92.75,93.35,4494319.0,1.0,0.20335178929153078
2019-11-07,93.2,93.2,92.35,92.85,3050118.0,1.0,0.20335178929153078
2019-11-08,93.0,93.05,92.4,92.55,2890536.0,1.0,0.20335178929153078
2019-11-11,92.4,92.45,91.05,91.15,5859344.0,1.0,0.20335178929153078
2019-11-12,91.55,92.0,91.55,92.0,2426297.0,1.0,0.20335178929153078
2019-11-13,91.55,91.65,91.05,91.45,1935545.0,1.0,0.20335178929153078
2019-11-14,91.6,91.8,91.2,91.4,2174281.0,1.0,0.20335178929153078
2019-11-15,92.0,92.5,92.0,92.3,2510879.0,1.0,0.20335178929153078
2019-11-18,92.5,92.9,92.4,92.9,2087613.0,1.0,0.20335178929153078
2019-11-19,92.9,93.6,92.65,93.6,2821624.0,1.0,0.20335178929153078
2019-11-20,93.6,93.6,93.1,93.25,7954619.0,1.0,0.20335178929153078
2019-11-21,92.3,92.55,91.8,92.5,3283838.0,1.0,0.20335178929153078
2019-11-22,92.55,92.75,92.4,92.55,1506544.0,1.0,0.20335178929153078
2019-11-25,93.0,93.1,92.55,92.6,2520694.0,1.0,0.20335178929153078
2019-11-26,92.95,93.3,92.8,92.85,3827480.0,1.0,0.20335178929153078
2019-11-27,92.85,93.2,92.75,93.2,1957676.0,1.0,0.20335178929153078
2019-11-28,93.25,93.25,92.8,92.95,1352720.0,1.0,0.20335178929153078
2019-11-29,92.85,92.85,91.45,91.5,5344208.0,1.0,0.20335178929153078
2019-12-02,91.95,92.15,91.75,92.05,2068341.0,1.0,0.20335178929153078
2019-12-03,91.7,92.2,91.6,92.05,1410794.0,1.0,0.20335178929153078
2019-12-04,91.85,91.9,91.4,91.7,2310508.0,1.0,0.20335178929153078
2019-12-05,92.35,93.0,92.2,92.9,3441050.0,1.0,0.20335178929153078
2019-12-06,93.3,93.5,92.75,93.05,3394433.0,1.0,0.20335178929153078
2019-12-09,93.2,93.8,93.2,93.65,2912194.0,1.0,0.20335178929153078
2019-12-10,93.4,93.4,92.8,93.0,5465431.0,1.0,0.20335178929153078
2019-12-11,93.0,93.75,92.95,93.75,1936772.0,1.0,0.20335178929153078
2019-12-12,94.35,96.1,94.35,95.85,8420111.0,1.0,0.20335178929153078
2019-12-13,96.75,97.4,96.7,96.9,5880136.0,1.0,0.20335178929153078
2019-12-16,96.95,97.05,96.65,96.85,4482448.0,1.0,0.20335178929153078
2019-12-17,96.75,98.15,96.7,98.15,4703223.0,1.0,0.20335178929153078
2019-12-18,98.0,98.3,97.8,98.2,3762355.0,1.0,0.20335178929153078
2019-12-19,98.15,98.2,97.55,97.65,2271007.0,1.0,0.20335178929153078
2019-12-20,97.55,97.55,96.7,96.95,3353485.0,1.0,0.20335178929153078
2019-12-23,97.0,97.3,96.95,97.15,3416729.0,1.0,0.20335178929153078
2019-12-24,97.3,97.45,97.2,97.2,1409728.0,1.0,0.20335178929153078
2019-12-25,97.2,97.45,97.05,97.35,1789167.0,1.0,0.20335178929153078
2019-12-26,97.55,97.55,97.1,97.35,3095969.0,1.0,0.20335178929153078
2019-12-27,97.6,98.15,97.6,98.0,2978047.0,1.0,0.20335178929153078
2019-12-30,98.0,98.25,97.6,97.8,3138762.0,1.0,0.20335178929153078
2019-12-31,97.1,97.2,96.95,96.95,4303947.0,1.0,0.20335178929153078
2020-01-02,97.05,98.0,97.05,97.65,4882015.0,1.0,0.20335178929153078
2020-01-03,98.3,98.7,97.0,97.65,6813547.0,1.0,0.20335178929153078
2020-01-06,97.05,97.1,96.4,96.4,9321768.0,1.0,0.20335178929153078
2020-01-07,96.45,96.7,95.4,96.1,6328602.0,1.0,0.20335178929153078
2020-01-08,95.2,96.2,95.05,95.65,8516995.0,1.0,0.20335178929153078
2020-01-09,96.3,97.1,96.3,96.95,7163943.0,1.0,0.20335178929153078
2020-01-10,97.5,97.8,96.95,97.3,9071925.0,1.0,0.20335178929153078
2020-01-13,97.85,98.1,97.5,98.0,6650898.0,1.0,0.20335178929153078
2020-01-14,98.5,98.85,98.4,98.6,11544956.0,1.0,0.20335178929153078
2020-01-15,98.7,98.7,97.45,97.6,10259354.0,1.0,0.20335178929153078
2020-01-16,97.15,97.5,97.0,97.3,8686499.0,1.0,0.20335178929153078
2020-01-17,97.7,97.75,97.1,97.3,8121134.0,1.0,0.20335178929153078
2020-01-20,97.55,98.0,97.55,97.7,6969945.0,1.0,0.20335178929153078
2020-01-30,95.0,95.0,92.15,92.15,32262874.0,1.0,0.20335178929153078
2020-01-31,90.65,90.65,89.65,89.95,22497767.0,0.968529571351058,0.20995929841136765
2020-02-03,88.5,89.15,87.6,89.05,15823593.0,1.0,0.20995929841136765
2020-02-04,89.45,90.95,89.2,90.6,8904471.0,1.0,0.20995929841136765
2020-02-05,91.0,91.3,90.3,90.85,6701508.0,1.0,0.20995929841136765
2020-02-06,91.65,92.3,91.35,92.3,10696477.0,1.0,0.20995929841136765
2020-02-07,91.65,91.65,90.95,91.2,9554828.0,1.0,0.20995929841136765
2020-02-10,90.0,91.2,89.6,91.0,7308908.0,1.0,0.20995929841136765
2020-02-11,91.35,91.95,91.35,91.75,5115402.0,1.0,0.20995929841136765
2020-02-12,92.0,92.9,92.0,92.65,5640117.0,1.0,0.20995929841136765
2020-02-13,93.0,93.25,92.7,92.8,5754317.0,1.0,0.20995929841136765
2020-02-14,92.8,93.25,92.55,92.95,4988165.0,1.0,0.20995929841136765
2020-02-17,92.3,92.55,91.95,92.3,6266211.0,1.0,0.20995929841136765
2020-02-18,91.4,91.6,91.0,91.05,12529356.0,1.0,0.20995929841136765
2020-02-19,91.15,92.25,91.05,92.1,7947011.0,1.0,0.20995929841136765
2020-02-20,92.35,92.5,91.35,91.7,6538336.0,1.0,0.20995929841136765
2020-02-21,91.65,91.95,90.95,91.25,5401188.0,1.0,0.20995929841136765
2020-02-24,90.25,90.4,89.7,90.1,13571936.0,1.0,0.20995929841136765
2020-02-25,89.5,90.5,89.45,90.35,8840104.0,1.0,0.20995929841136765
2020-02-26,89.15,89.75,88.9,89.45,15256003.0,1.0,0.20995929841136765
2020-02-27,89.35,89.5,88.35,88.65,24688054.0,1.0,0.20995929841136765
2020-03-02,87.5,88.25,86.85,87.35,27894641.0,1.0,0.20995929841136765
2020-03-03,88.85,88.95,88.25,88.6,11071900.0,1.0,0.20995929841136765
2020-03-04,88.8,89.2,88.4,89.2,8437415.0,1.0,0.20995929841136765
2020-03-05,89.8,90.25,89.75,90.2,9785483.0,1.0,0.20995929841136765
2020-03-06,89.65,89.65,88.3,88.35,17096376.0,1.0,0.20995929841136765
2020-03-09,86.8,86.8,85.6,85.85,27734426.0,1.0,0.20995929841136765
2020-03-10,85.0,86.3,84.9,86.3,23784345.0,1.0,0.20995929841136765
2020-03-11,86.45,86.55,85.05,85.3,15306570.0,1.0,0.20995929841136765
2020-03-12,84.5,84.5,81.15,82.15,44910246.0,1.0,0.20995929841136765
2020-03-13,78.0,81.4,75.95,81.0,53704860.0,1.0,0.20995929841136765
2020-03-16,80.0,80.4,76.95,77.3,33813951.0,1.0,0.20995929841136765
2020-03-17,74.3,76.7,74.3,74.85,51145832.0,1.0,0.20995929841136765
2020-03-18,74.95,75.25,72.8,72.8,46790503.0,1.0,0.20995929841136765
2020-03-19,71.0,71.0,67.25,68.55,68038340.0,1.0,0.20995929841136765
2020-03-20,71.0,74.0,70.9,74.0,40910533.0,1.0,0.20995929841136765
2020-03-23,71.0,72.1,69.55,70.8,22465117.0,1.0,0.20995929841136765
2020-03-24,73.85,75.3,73.7,74.25,26956843.0,1.0,0.20995929841136765
2020-03-25,76.8,77.45,76.1,76.85,32687820.0,1.0,0.20995929841136765
2020-03-26,77.4,77.45,76.0,77.2,19215688.0,1.0,0.20995929841136765
2020-03-27,78.3,78.7,76.45,76.6,21953901.0,1.0,0.20995929841136765
2020-03-30,74.7,76.15,74.05,75.85,13605883.0,1.0,0.20995929841136765
2020-03-31,76.8,77.2,75.6,76.15,9764000.0,1.0,0.20995929841136765
2020-04-01,76.5,76.65,75.85,75.9,9948017.0,1.0,0.20995929841136765
2020-04-06,76.95,77.1,75.75,77.05,12207626.0,1.0,0.20995929841136765
2020-04-07,78.5,78.9,78.05,78.5,15302038.0,1.0,0.20995929841136765
2020-04-08,78.5,79.7,78.35,79.6,15230698.0,1.0,0.20995929841136765
2020-04-09,79.85,80.1,78.85,79.25,15650105.0,1.0,0.20995929841136765
2020-04-10,79.0,79.35,78.7,79.3,5824779.0,1.0,0.20995929841136765
2020-04-13,79.0,79.4,78.55,78.8,7430914.0,1.0,0.20995929841136765
2020-04-14,79.05,80.95,79.05,80.95,13121792.0,1.0,0.20995929841136765
2020-04-15,81.25,81.5,81.0,81.2,17361116.0,1.0,0.20995929841136765
2020-04-16,80.2,81.1,80.05,80.8,12409525.0,1.0,0.20995929841136765
2020-04-17,83.0,84.0,82.7,83.25,34532038.0,1.0,0.20995929841136765
2020-04-20,83.25,83.5,82.8,83.0,12336416.0,1.0,0.20995929841136765
2020-04-21,82.65,82.65,80.5,80.6,21082454.0,1.0,0.20995929841136765
2020-04-22,80.0,80.6,79.5,80.6,10896151.0,1.0,0.20995929841136765
2020-04-23,81.15,82.0,80.3,80.9,13298948.0,1.0,0.20995929841136765
2020-04-24,80.8,81.0,80.45,80.9,5764752.0,1.0,0.20995929841136765
2020-04-27,82.15,82.6,81.65,82.55,13917724.0,1.0,0.20995929841136765
2020-04-28,82.9,82.9,82.0,82.55,7556661.0,1.0,0.20995929841136765
2020-04-29,83.05,83.9,82.95,83.7,11874079.0,1.0,0.20995929841136765
2020-04-30,84.45,85.5,84.4,85.5,18785156.0,1.0,0.20995929841136765
2020-05-04,82.4,83.3,82.2,83.0,15648380.0,1.0,0.20995929841136765
2020-05-05,83.5,83.8,83.0,83.4,7810636.0,1.0,0.20995929841136765
2020-05-06,83.3,83.75,82.6,83.5,6142593.0,1.0,0.20995929841136765
2020-05-07,83.5,84.15,83.3,83.85,6140995.0,1.0,0.20995929841136765
2020-05-08,84.6,84.75,84.0,84.35,6034013.0,1.0,0.20995929841136765
2020-05-11,85.0,85.4,84.7,85.05,6655422.0,1.0,0.20995929841136765
2020-05-12,84.6,84.6,83.65,84.05,11549365.0,1.0,0.20995929841136765
2020-05-13,83.7,84.4,83.6,84.3,4967165.0,1.0,0.20995929841136765
2020-05-14,83.8,83.85,83.2,83.3,8743268.0,1.0,0.20995929841136765
2020-05-15,84.05,84.25,83.05,83.85,6190781.0,1.0,0.20995929841136765
2020-05-18,83.05,83.45,82.8,83.15,8271703.0,1.0,0.20995929841136765
2020-05-19,84.4,84.5,83.65,83.9,5477775.0,1.0,0.20995929841136765
2020-05-20,84.0,84.2,83.5,83.8,9894141.0,1.0,0.20995929841136765
2020-05-21,84.15,84.8,84.1,84.5,7568047.0,1.0,0.20995929841136765
2020-05-22,83.8,83.9,82.9,82.95,13354146.0,1.0,0.20995929841136765
2020-05-25,83.15,83.5,82.15,83.5,5250544.0,1.0,0.20995929841136765
2020-05-26,84.25,84.65,83.85,84.45,15454949.0,1.0,0.20995929841136765
2020-05-27,84.7,84.85,84.05,84.35,4589767.0,1.0,0.20995929841136765
2020-05-28,84.9,84.9,83.55,83.85,7476909.0,1.0,0.20995929841136765
2020-05-29,83.4,84.45,83.0,84.45,5320690.0,1.0,0.20995929841136765
2020-06-01,84.45,85.15,84.4,84.9,8365321.0,1.0,0.20995929841136765
2020-06-02,85.0,85.5,85.0,85.3,11947060.0,1.0,0.20995929841136765
2020-06-03,86.15,86.9,86.1,86.8,18117244.0,1.0,0.20995929841136765
2020-06-04,87.5,87.75,87.15,87.6,15036553.0,1.0,0.20995929841136765
2020-06-05,87.7,88.35,87.7,88.35,9916582.0,1.0,0.20995929841136765
2020-06-08,88.9,89.8,88.8,89.5,15549542.0,1.0,0.20995929841136765
2020-06-09,89.6,89.8,88.95,89.6,11356579.0,1.0,0.20995929841136765
2020-06-10,89.65,90.7,89.55,90.45,10998897.0,1.0,0.20995929841136765
2020-06-11,90.45,90.85,89.0,89.05,14179192.0,1.0,0.20995929841136765
2020-06-12,87.25,88.5,87.1,88.25,21563371.0,1.0,0.20995929841136765
2020-06-15,88.1,88.3,86.9,87.0,9573700.0,1.0,0.20995929841136765
2020-06-16,88.15,89.2,88.15,88.9,10841047.0,1.0,0.20995929841136765
2020-06-17,89.2,89.2,88.3,89.0,11510236.0,1.0,0.20995929841136765
2020-06-18,89.05,89.3,88.35,88.9,5035751.0,1.0,0.20995929841136765
2020-06-19,89.0,89.15,88.65,88.85,2333985.0,1.0,0.20995929841136765
2020-06-22,88.85,89.7,88.85,89.05,10579456.0,1.0,0.20995929841136765
2020-06-23,89.6,90.05,88.8,89.45,8664889.0,1.0,0.20995929841136765
2020-06-24,89.8,90.5,89.8,90.0,10061904.0,1.0,0.20995929841136765
2020-06-29,89.25,89.6,88.65,89.1,9785007.0,1.0,0.20995929841136765
2020-06-30,89.55,89.95,89.4,89.9,8035137.0,1.0,0.20995929841136765
2020-07-01,89.95,90.9,89.95,90.5,9979250.0,1.0,0.20995929841136765
2020-07-02,90.65,91.5,90.6,91.5,7601474.0,1.0,0.20995929841136765
2020-07-03,92.1,92.75,92.1,92.55,14983163.0,1.0,0.20995929841136765
2020-07-06,93.2,94.3,93.2,94.15,14469339.0,1.0,0.20995929841136765
2020-07-07,95.0,95.5,94.1,94.5,13927773.0,1.0,0.20995929841136765
2020-07-08,94.5,95.4,94.4,95.15,11145368.0,1.0,0.20995929841136765
2020-07-09,95.7,95.85,95.15,95.45,7241657.0,1.0,0.20995929841136765
2020-07-10,95.55,95.7,94.6,94.65,11502554.0,1.0,0.20995929841136765
2020-07-13,95.4,96.1,95.25,96.05,12054512.0,1.0,0.20995929841136765
2020-07-14,95.8,96.65,95.7,96.65,13480664.0,1.0,0.20995929841136765
2020-07-15,97.3,97.95,96.7,97.05,21315724.0,1.0,0.20995929841136765
2020-07-16,97.0,97.0,95.85,96.1,7632129.0,1.0,0.20995929841136765
2020-07-17,97.05,97.7,96.7,97.2,18010470.0,1.0,0.20995929841136765
2020-07-20,97.2,97.35,96.25,97.05,9486407.0,1.0,0.20995929841136765
2020-07-21,97.15,99.1,97.1,98.7,24740975.0,0.9927872230808861,0.21148469030434075
2020-07-22,98.55,99.25,98.35,98.95,7243893.0,1.0,0.21148469030434075
2020-07-23,98.85,98.9,98.1,98.85,6008972.0,1.0,0.21148469030434075
2020-07-24,99.0,100.1,98.25,98.5,17377622.0,1.0,0.21148469030434075
2020-07-27,101.8,103.55,101.8,103.3,22874174.0,1.0,0.21148469030434075
2020-07-28,107.25,108.7,103.3,103.6,22422761.0,1.0,0.21148469030434075
2020-07-29,102.8,103.8,102.1,102.55,9636665.0,1.0,0.21148469030434075
2020-07-30,104.2,105.0,103.3,104.05,6587085.0,1.0,0.21148469030434075
2020-07-31,103.9,104.3,103.45,103.8,5314021.0,1.0,0.21148469030434075
2020-08-03,103.45,103.5,102.0,102.0,7258914.0,1.0,0.21148469030434075
2020-08-04,102.55,103.35,102.55,103.3,4798147.0,1.0,0.21148469030434075
2020-08-05,104.1,104.5,103.75,104.3,5106381.0,1.0,0.21148469030434075
2020-08-06,105.45,105.95,104.85,105.4,7430095.0,1.0,0.21148469030434075
2020-08-07,105.55,105.55,104.3,104.65,6803730.0,1.0,0.21148469030434075
2020-08-10,104.1,105.85,104.1,105.6,5905752.0,1.0,0.21148469030434075
2020-08-11,105.4,105.65,104.75,104.8,3199141.0,1.0,0.21148469030434075
2020-08-12,104.0,104.0,103.0,103.25,5916723.0,1.0,0.21148469030434075
2020-08-13,104.7,104.9,104.05,104.25,5461251.0,1.0,0.21148469030434075
2020-08-14,103.8,104.5,103.5,104.5,3779950.0,1.0,0.21148469030434075
2020-08-17,104.5,105.7,104.25,105.6,5641660.0,1.0,0.21148469030434075
2020-08-18,105.7,105.9,104.65,105.0,3745611.0,1.0,0.21148469030434075
2020-08-19,105.0,105.45,104.1,104.25,6043314.0,1.0,0.21148469030434075
2020-08-20,103.8,103.8,98.7,100.6,18738215.0,1.0,0.21148469030434075
2020-08-21,102.15,103.0,101.7,102.8,8132713.0,1.0,0.21148469030434075
2020-08-24,102.85,103.55,102.3,103.1,3718559.0,1.0,0.21148469030434075
2020-08-25,103.45,104.35,103.35,103.9,3609809.0,1.0,0.21148469030434075
2020-08-26,104.0,104.35,103.6,104.3,2665520.0,1.0,0.21148469030434075
2020-08-27,105.1,105.7,104.45,104.55,5706106.0,1.0,0.21148469030434075
2020-08-28,103.85,104.25,103.0,103.5,3913299.0,1.0,0.21148469030434075
2020-08-31,104.1,104.25,101.8,101.8,5759933.0,1.0,0.21148469030434075
2020-09-01,102.45,103.35,101.85,103.35,5735637.0,1.0,0.21148469030434075
2020-09-02,103.65,104.05,102.3,103.0,4133083.0,1.0,0.21148469030434075
2020-09-03,103.7,104.3,103.2,103.3,5129198.0,1.0,0.21148469030434075
2020-09-04,102.0,102.7,101.9,102.55,5916012.0,1.0,0.21148469030434075
2020-09-07,102.55,103.05,101.9,102.4,5499657.0,1.0,0.21148469030434075
2020-09-08,102.75,103.1,102.45,103.0,4504453.0,1.0,0.21148469030434075
2020-09-09,101.75,102.35,101.15,102.3,6274033.0,1.0,0.21148469030434075
2020-09-10,102.8,103.35,102.6,103.2,3581337.0,1.0,0.21148469030434075
2020-09-11,103.2,103.35,102.8,103.25,2905291.0,1.0,0.21148469030434075
2020-09-14,103.5,104.55,103.25,104.55,5753474.0,1.0,0.21148469030434075
2020-09-15,104.45,105.2,104.25,104.95,5438768.0,1.0,0.21148469030434075
2020-09-16,106.55,107.0,106.35,106.55,14855265.0,1.0,0.21148469030434075
2020-09-17,106.05,106.35,105.1,105.4,8748846.0,1.0,0.21148469030434075
2020-09-18,105.4,105.7,104.85,105.3,4951719.0,1.0,0.21148469030434075
2020-09-21,105.2,105.9,104.35,104.45,5709735.0,1.0,0.21148469030434075
2020-09-22,104.3,104.3,102.95,103.1,6636055.0,1.0,0.21148469030434075
2020-09-23,103.5,103.5,102.4,102.95,9454100.0,1.0,0.21148469030434075
2020-09-24,101.55,101.8,100.25,100.45,15784773.0,1.0,0.21148469030434075
2020-09-25,100.75,101.45,100.05,100.65,9498930.0,1.0,0.21148469030434075
2020-09-28,101.35,102.3,101.0,102.3,6026880.0,1.0,0.21148469030434075
2020-09-29,102.75,103.25,102.15,102.55,3759262.0,1.0,0.21148469030434075
2020-09-30,102.75,103.45,102.6,103.0,3545485.0,1.0,0.21148469030434075
2020-10-05,103.45,104.05,103.0,103.05,5912599.0,1.0,0.21148469030434075
2020-10-06,104.0,104.35,103.85,104.25,6875260.0,1.0,0.21148469030434075
2020-10-07,104.0,105.0,103.5,104.8,4011139.0,1.0,0.21148469030434075
2020-10-08,105.45,106.35,105.3,106.2,13470899.0,1.0,0.21148469030434075
2020-10-12,106.7,107.7,106.7,107.05,9837999.0,1.0,0.21148469030434075
2020-10-13,107.35,107.6,106.2,107.1,5410614.0,1.0,0.21148469030434075
2020-10-14,107.05,107.2,106.45,106.7,2562860.0,1.0,0.21148469030434075
2020-10-15,106.5,106.5,105.1,105.7,4550154.0,1.0,0.21148469030434075
2020-10-16,105.7,106.3,105.1,105.25,3239005.0,1.0,0.21148469030434075
2020-10-19,105.65,106.6,105.6,106.6,3459323.0,1.0,0.21148469030434075
2020-10-20,106.4,106.45,106.0,106.0,1414032.0,1.0,0.21148469030434075
2020-10-21,106.0,106.55,105.65,105.95,8599387.0,1.0,0.21148469030434075
2020-10-22,105.7,106.1,105.5,106.1,2158260.0,1.0,0.21148469030434075
2020-10-23,106.5,106.65,105.65,106.1,3205830.0,1.0,0.21148469030434075
2020-10-26,106.1,106.6,105.8,106.1,2918339.0,1.0,0.21148469030434075
2020-10-27,105.75,105.75,105.15,105.5,3438003.0,1.0,0.21148469030434075
2020-10-28,105.5,105.5,104.8,105.0,4782251.0,1.0,0.21148469030434075
2020-10-29,104.0,104.1,103.25,103.85,7191693.0,1.0,0.21148469030434075
2020-10-30,103.55,103.6,102.7,103.0,6564423.0,1.0,0.21148469030434075
2020-11-02,103.15,103.45,102.3,103.4,10228786.0,1.0,0.21148469030434075
2020-11-03,104.2,104.85,104.05,104.6,4444060.0,1.0,0.21148469030434075
2020-11-04,105.0,106.2,104.7,106.15,5081769.0,1.0,0.21148469030434075
2020-11-05,106.2,106.4,105.55,106.05,4331427.0,1.0,0.21148469030434075
2020-11-06,106.35,107.05,106.3,106.7,6315479.0,1.0,0.21148469030434075
2020-11-09,107.75,108.4,107.25,108.1,11429760.0,1.0,0.21148469030434075
2020-11-10,108.0,108.0,106.8,107.1,4451469.0,1.0,0.21148469030434075
2020-11-11,107.1,108.75,107.1,108.75,8631279.0,1.0,0.21148469030434075
2020-11-12,109.0,109.4,108.7,108.8,3870766.0,1.0,0.21148469030434075
2020-11-13,108.6,109.3,108.45,109.25,3829664.0,1.0,0.21148469030434075
2020-11-16,110.4,112.8,110.4,112.8,9421082.0,1.0,0.21148469030434075
2020-11-17,115.0,115.75,113.4,113.6,8297028.0,1.0,0.21148469030434075
2020-11-18,113.6,114.95,113.15,114.35,19747534.0,1.0,0.21148469030434075
2020-11-19,114.45,114.55,113.8,114.15,4505205.0,1.0,0.21148469030434075
2020-11-20,114.15,114.15,113.35,114.0,4800675.0,1.0,0.21148469030434075
2020-11-23,114.65,115.85,114.65,115.45,5800114.0,1.0,0.21148469030434075
2020-11-24,115.95,115.95,114.75,114.9,6181698.0,1.0,0.21148469030434075
2020-11-25,115.7,115.7,113.9,113.95,4184128.0,1.0,0.21148469030434075
2020-11-26,114.05,115.0,114.05,114.85,2561228.0,1.0,0.21148469030434075
2020-11-27,114.5,114.85,114.1,114.65,5329935.0,1.0,0.21148469030434075
2020-11-30,114.8,115.15,113.3,113.3,9569902.0,1.0,0.21148469030434075
2020-12-01,113.8,114.3,113.35,114.3,5097362.0,1.0,0.21148469030434075
2020-12-02,115.0,115.55,114.5,115.4,6132300.0,1.0,0.21148469030434075
2020-12-03,115.45,116.1,115.0,115.4,5977208.0,1.0,0.21148469030434075
2020-12-04,115.9,117.45,115.9,117.3,12351997.0,1.0,0.21148469030434075
2020-12-07,118.5,118.75,117.5,118.4,6859570.0,1.0,0.21148469030434075
2020-12-08,118.45,120.05,117.95,120.05,6401980.0,1.0,0.21148469030434075
2020-12-09,120.0,120.2,119.5,120.05,6302763.0,1.0,0.21148469030434075
2020-12-10,119.15,119.15,118.05,118.6,8417879.0,1.0,0.21148469030434075
2020-12-11,118.8,119.15,117.25,118.75,4798609.0,1.0,0.21148469030434075
2020-12-14,118.65,118.65,118.0,118.25,2479991.0,1.0,0.21148469030434075
2020-12-15,117.95,118.0,116.75,117.05,9664754.0,1.0,0.21148469030434075
2020-12-16,117.9,119.3,117.85,119.25,13383363.0,1.0,0.21148469030434075
2020-12-17,119.15,119.15,118.0,118.6,3001579.0,1.0,0.21148469030434075
2020-12-18,118.55,118.7,118.0,118.2,2585473.0,1.0,0.21148469030434075
2020-12-21,118.25,119.4,117.5,119.35,4402203.0,1.0,0.21148469030434075
2020-12-22,119.05,119.5,117.85,118.0,5849363.0,1.0,0.21148469030434075
2020-12-23,117.85,118.3,117.5,118.15,4246980.0,1.0,0.21148469030434075
2020-12-24,118.4,118.85,118.2,118.8,2498996.0,1.0,0.21148469030434075
2020-12-25,119.1,119.6,118.6,118.95,2878357.0,1.0,0.21148469030434075
2020-12-28,119.05,120.0,119.05,120.0,3495974.0,1.0,0.21148469030434075
2020-12-29,120.05,120.2,119.35,119.9,3177140.0,1.0,0.21148469030434075
2020-12-30,120.0,121.6,119.9,121.6,5501727.0,1.0,0.21148469030434075
2020-12-31,122.15,122.4,121.7,122.25,5845572.0,1.0,0.21148469030434075
2021-01-04,122.2,124.5,122.0,124.35,6307525.0,1.0,0.21148469030434075
2021-01-05,124.2,124.65,123.75,124.6,4962514.0,1.0,0.21148469030434075
2021-01-06,126.1,127.15,124.1,125.95,10859755.0,1.0,0.21148469030434075
2021-01-07,126.55,129.0,126.55,128.9,6863448.0,1.0,0.21148469030434075
2021-01-08,130.6,131.25,129.55,131.2,13298515.0,1.0,0.21148469030434075
2021-01-11,131.2,132.3,130.5,132.3,10492804.0,1.0,0.21148469030434075
2021-01-12,132.3,133.15,131.6,132.1,11223083.0,1.0,0.21148469030434075
2021-01-13,132.75,135.45,132.7,135.3,10912897.0,1.0,0.21148469030434075
2021-01-14,135.0,135.05,133.35,134.05,12390589.0,1.0,0.21148469030434075
2021-01-15,137.15,138.0,134.4,134.5,21933080.0,1.0,0.21148469030434075
2021-01-18,134.6,134.95,132.1,134.4,14495824.0,1.0,0.21148469030434075
2021-01-19,135.2,138.1,135.2,137.95,12262208.0,1.0,0.21148469030434075
2021-01-20,138.1,139.5,137.65,138.2,30367315.0,1.0,0.21148469030434075
2021-01-21,138.4,143.25,138.35,143.0,14029981.0,1.0,0.21148469030434075
2021-01-22,138.2,139.0,135.0,137.45,24714046.0,0.9786713286713286,0.21609368141136642
2021-01-25,137.2,137.3,134.2,135.6,14258565.0,1.0,0.21609368141136642
2021-01-26,135.55,136.6,131.8,132.85,15080041.0,1.0,0.21609368141136642
2021-01-27,133.3,134.4,132.25,133.05,8124071.0,1.0,0.21609368141136642
2021-01-28,130.0,131.3,129.4,130.35,15242813.0,1.0,0.21609368141136642
2021-01-29,131.6,131.85,128.2,128.2,14709917.0,1.0,0.21609368141136642
2021-02-01,128.2,130.95,127.55,130.75,14510389.0,1.0,0.21609368141136642
2021-02-02,132.5,135.05,132.5,134.45,11194661.0,1.0,0.21609368141136642
2021-02-03,135.45,135.5,134.2,134.35,7317436.0,1.0,0.21609368141136642
2021-02-04,133.4,134.55,132.35,133.55,6783557.0,1.0,0.21609368141136642
2021-02-05,134.8,136.3,134.2,134.8,9116600.0,1.0,0.21609368141136642
2021-02-17,139.0,140.85,139.0,140.55,19308197.0,1.0,0.21609368141136642
2021-02-18,140.55,141.25,139.6,140.35,10805214.0,1.0,0.21609368141136642
2021-02-19,139.55,139.55,137.6,138.85,9327689.0,1.0,0.21609368141136642
2021-02-22,139.8,140.75,138.75,138.8,7156162.0,1.0,0.21609368141136642
2021-02-23,137.15,138.7,136.45,138.5,8026444.0,1.0,0.21609368141136642
2021-02-24,137.0,138.2,136.25,136.45,11227133.0,1.0,0.21609368141136642
2021-02-25,137.85,138.15,136.7,137.55,10368420.0,1.0,0.21609368141136642
2021-02-26,134.65,135.2,133.3,133.4,27725975.0,1.0,0.21609368141136642
2021-03-02,135.5,135.65,133.45,133.45,7501387.0,1.0,0.21609368141136642
2021-03-03,133.75,135.4,132.7,135.4,8596895.0,1.0,0.21609368141136642
2021-03-04,134.35,134.35,131.7,132.75,17641322.0,1.0,0.21609368141136642
2021-03-05,130.05,132.6,129.5,131.95,14721332.0,1.0,0.21609368141136642
2021-03-08,133.75,133.8,131.5,131.85,12425275.0,1.0,0.21609368141136642
2021-03-09,130.55,131.6,129.75,131.35,13755992.0,1.0,0.21609368141136642
2021-03-10,132.3,132.6,131.4,131.9,5608897.0,1.0,0.21609368141136642
2021-03-11,132.05,134.95,132.05,134.7,9343919.0,1.0,0.21609368141136642
2021-03-12,135.25,135.65,134.5,135.25,5700896.0,1.0,0.21609368141136642
2021-03-15,135.25,135.25,134.45,134.9,3852212.0,1.0,0.21609368141136642
2021-03-16,135.45,135.65,134.75,135.35,6868571.0,1.0,0.21609368141136642
2021-03-17,135.35,135.4,134.0,134.2,6923261.0,1.0,0.21609368141136642
2021-03-18,135.1,136.05,134.8,134.9,7050890.0,1.0,0.21609368141136642
2021-03-19,133.45,133.5,132.3,132.8,10691849.0,1.0,0.21609368141136642
2021-03-22,132.4,133.6,131.6,133.4,5510347.0,1.0,0.21609368141136642
2021-03-23,133.9,134.7,133.6,133.6,6994160.0,1.0,0.21609368141136642
2021-03-24,131.8,132.45,131.3,131.5,11082813.0,1.0,0.21609368141136642
2021-03-25,131.1,132.55,130.6,131.95,5186148.0,1.0,0.21609368141136642
2021-03-26,133.05,134.4,132.55,134.35,8134654.0,1.0,0.21609368141136642
2021-03-29,135.2,135.9,135.05,135.45,8323344.0,1.0,0.21609368141136642
2021-03-30,135.8,135.95,135.2,135.9,4937584.0,1.0,0.21609368141136642
2021-03-31,135.8,135.8,134.6,134.75,7829355.0,1.0,0.21609368141136642
2021-04-01,135.7,136.05,135.2,135.75,7419804.0,1.0,0.21609368141136642
2021-04-06,138.3,138.3,137.25,137.65,9539511.0,1.0,0.21609368141136642
2021-04-07,137.7,137.95,137.15,137.8,4477900.0,1.0,0.21609368141136642
2021-04-08,137.35,138.25,136.65,138.25,6467189.0,1.0,0.21609368141136642
2021-04-09,138.85,138.9,137.65,137.95,3762585.0,1.0,0.21609368141136642
2021-04-12,138.05,138.4,136.65,137.15,6145704.0,1.0,0.21609368141136642
2021-04-13,137.2,138.8,137.0,137.15,5823793.0,1.0,0.21609368141136642
2021-04-14,137.35,137.9,136.05,137.9,6608307.0,1.0,0.21609368141136642
2021-04-15,138.05,139.05,137.6,139.05,7802826.0,1.0,0.21609368141136642
2021-04-16,138.9,139.25,138.4,139.25,11331158.0,1.0,0.21609368141136642
2021-04-19,139.25,139.75,138.65,139.5,8221039.0,1.0,0.21609368141136642
2021-04-20,138.85,139.55,138.8,139.25,4898074.0,1.0,0.21609368141136642
2021-04-21,138.95,138.95,138.0,138.0,8098256.0,1.0,0.21609368141136642
2021-04-22,138.55,139.05,137.7,137.9,4152152.0,1.0,0.21609368141136642
2021-04-23,137.9,139.15,137.4,139.15,6127836.0,1.0,0.21609368141136642
2021-04-26,140.0,141.35,139.9,141.2,12215063.0,1.0,0.21609368141136642
2021-04-27,141.2,141.7,140.8,141.25,6750710.0,1.0,0.21609368141136642
2021-04-28,141.25,141.25,140.2,140.4,3106978.0,1.0,0.21609368141136642
2021-04-29,141.0,142.0,140.6,140.6,9026319.0,1.0,0.21609368141136642
2021-05-03,140.4,140.4,138.1,138.25,7325314.0,1.0,0.21609368141136642
2021-05-04,138.25,138.35,135.0,137.05,13831267.0,1.0,0.21609368141136642
2021-05-05,137.05,137.3,135.7,135.75,9345225.0,1.0,0.21609368141136642
2021-05-06,136.3,137.5,135.5,136.95,8216084.0,1.0,0.21609368141136642
2021-05-07,138.15,139.45,137.95,139.4,7168292.0,1.0,0.21609368141136642
2021-05-10,139.5,139.5,138.1,138.45,4491095.0,1.0,0.21609368141136642
2021-05-11,135.75,135.8,132.6,133.25,26853369.0,1.0,0.21609368141136642
2021-05-12,132.9,132.9,121.2,129.4,40085754.0,1.0,0.21609368141136642
2021-05-13,126.25,130.0,125.0,127.5,28100529.0,1.0,0.21609368141136642
2021-05-14,128.5,130.25,127.85,128.95,15790431.0,1.0,0.21609368141136642
2021-05-17,125.2,128.8,124.7,126.5,32505861.0,1.0,0.21609368141136642
2021-05-18,128.35,132.3,128.0,132.3,16612226.0,1.0,0.21609368141136642
2021-05-19,132.2,132.65,130.5,131.4,17193723.0,1.0,0.21609368141136642
2021-05-20,131.35,131.4,129.7,130.5,9780505.0,1.0,0.21609368141136642
2021-05-21,132.5,133.85,131.3,132.35,10248024.0,1.0,0.21609368141136642
2021-05-24,131.55,132.65,131.15,132.15,10375497.0,1.0,0.21609368141136642
2021-05-25,132.9,134.65,132.9,134.4,10326420.0,1.0,0.21609368141136642
2021-05-26,134.85,135.15,133.95,134.5,5246780.0,1.0,0.21609368141136642
2021-05-27,133.5,133.7,132.35,133.55,5858001.0,1.0,0.21609368141136642
2021-05-28,134.9,135.9,134.3,135.8,9754500.0,1.0,0.21609368141136642
2021-05-31,135.8,137.55,135.8,137.1,10607435.0,1.0,0.21609368141136642
2021-06-01,137.2,138.1,137.2,137.7,5710574.0,1.0,0.21609368141136642
2021-06-02,137.8,138.0,136.65,137.7,5118006.0,1.0,0.21609368141136642
2021-06-03,137.95,138.45,137.5,137.6,5137777.0,1.0,0.21609368141136642
2021-06-04,137.0,137.0,136.3,136.95,3268847.0,1.0,0.21609368141136642
2021-06-07,137.2,137.4,134.65,137.3,10994102.0,1.0,0.21609368141136642
2021-06-08,137.3,137.5,136.5,136.5,3021521.0,1.0,0.21609368141136642
2021-06-09,136.3,136.3,135.05,135.5,6289449.0,1.0,0.21609368141136642
2021-06-10,136.0,137.85,135.8,137.6,6953916.0,1.0,0.21609368141136642
2021-06-11,138.1,138.5,137.85,138.1,3427869.0,1.0,0.21609368141136642
2021-06-15,138.6,139.0,138.4,138.85,4126481.0,1.0,0.21609368141136642
2021-06-16,138.7,138.95,138.15,138.7,7330366.0,1.0,0.21609368141136642
2021-06-17,137.8,138.3,137.15,138.3,3283653.0,1.0,0.21609368141136642
2021-06-18,138.85,138.85,137.95,138.0,2249578.0,1.0,0.21609368141136642
2021-06-21,136.9,137.0,134.6,134.7,16678832.0,1.0,0.21609368141136642
2021-06-22,135.6,136.05,134.5,134.85,6078865.0,1.0,0.21609368141136642
2021-06-23,135.0,137.15,134.8,137.05,6517135.0,1.0,0.21609368141136642
2021-06-24,137.05,137.25,136.45,136.7,6289676.0,1.0,0.21609368141136642
2021-06-25,137.45,137.95,136.7,136.95,6623437.0,1.0,0.21609368141136642
2021-06-28,137.0,137.5,136.5,137.2,4090101.0,1.0,0.21609368141136642
2021-06-29,137.9,138.7,137.3,137.6,9131032.0,1.0,0.21609368141136642
2021-06-30,138.1,139.35,138.05,138.95,9756709.0,1.0,0.21609368141136642
2021-07-01,139.0,139.2,138.05,138.3,4680733.0,1.0,0.21609368141136642
2021-07-02,138.3,138.5,137.9,138.3,4826430.0,1.0,0.21609368141136642
2021-07-05,138.75,140.0,138.75,139.6,7881941.0,1.0,0.21609368141136642
2021-07-06,139.85,140.05,139.45,139.75,6551731.0,1.0,0.21609368141136642
2021-07-07,139.6,139.65,138.6,139.0,6776193.0,1.0,0.21609368141136642
2021-07-08,139.15,139.5,138.2,138.85,4085141.0,1.0,0.21609368141136642
2021-07-09,137.9,137.9,136.95,137.75,7176503.0,1.0,0.21609368141136642
2021-07-12,139.05,140.05,138.55,139.0,13736653.0,1.0,0.21609368141136642
2021-07-13,140.0,141.0,139.95,140.15,14007902.0,1.0,0.21609368141136642
2021-07-14,140.2,141.1,140.15,140.5,9604503.0,1.0,0.21609368141136642
2021-07-15,140.95,141.85,140.8,141.8,12338667.0,1.0,0.21609368141136642
2021-07-16,139.8,140.0,139.05,139.9,9507234.0,1.0,0.21609368141136642
2021-07-19,139.0,139.2,137.55,138.3,10856715.0,1.0,0.21609368141136642
2021-07-20,137.8,138.3,137.05,137.2,8443543.0,1.0,0.21609368141136642
2021-07-21,138.0,138.0,136.1,136.7,13271874.0,0.9974489795918368,0.21664635067328808
2021-07-22,137.8,138.55,137.25,137.65,6243365.0,1.0,0.21664635067328808
2021-07-23,138.05,138.3,137.35,137.65,3242961.0,1.0,0.21664635067328808
2021-07-26,137.75,138.05,136.25,136.45,12149739.0,1.0,0.21664635067328808
2021-07-27,136.5,137.05,136.05,136.4,10677894.0,1.0,0.21664635067328808
2021-07-28,136.1,136.1,133.75,134.25,31583968.0,1.0,0.21664635067328808
2021-07-29,135.85,136.6,135.25,136.5,10889344.0,1.0,0.21664635067328808
2021-07-30,136.6,136.6,136.0,136.05,4040055.0,1.0,0.21664635067328808
2021-08-02,137.0,138.0,136.05,137.9,7376244.0,1.0,0.21664635067328808
2021-08-03,137.95,138.45,137.7,138.45,6224382.0,1.0,0.21664635067328808
2021-08-04,138.65,139.3,138.45,139.25,5642671.0,1.0,0.21664635067328808
2021-08-05,139.25,139.45,138.85,139.0,5840987.0,1.0,0.21664635067328808
2021-08-06,138.9,139.0,137.8,138.8,4031604.0,1.0,0.21664635067328808
2021-08-09,138.2,138.55,136.7,138.4,5186503.0,1.0,0.21664635067328808
2021-08-10,138.45,138.5,137.5,137.65,2676946.0,1.0,0.21664635067328808
2021-08-11,137.35,137.65,136.6,137.2,3867154.0,1.0,0.21664635067328808
2021-08-12,137.2,137.25,136.5,136.95,2376688.0,1.0,0.21664635067328808
2021-08-13,136.6,136.85,135.55,135.65,7816273.0,1.0,0.21664635067328808
2021-08-16,135.5,135.75,134.9,135.35,11135323.0,1.0,0.21664635067328808
2021-08-17,135.4,135.5,134.3,134.35,13757654.0,1.0,0.21664635067328808
2021-08-18,133.6,134.95,132.45,134.9,22162774.0,1.0,0.21664635067328808
2021-08-19,134.5,134.5,131.6,131.8,28091032.0,1.0,0.21664635067328808
2021-08-20,132.2,132.8,130.2,130.75,16501498.0,1.0,0.21664635067328808
2021-08-23,132.25,134.45,132.15,134.35,6086614.0,1.0,0.21664635067328808
2021-08-24,135.2,135.35,134.6,134.75,5086550.0,1.0,0.21664635067328808
2021-08-25,135.15,136.1,135.15,136.05,7031858.0,1.0,0.21664635067328808
2021-08-26,137.45,138.0,136.35,137.0,7276078.0,1.0,0.21664635067328808
2021-08-27,136.7,138.5,136.45,138.15,16875047.0,1.0,0.21664635067328808
2021-08-30,138.65,139.5,138.45,139.5,21974199.0,1.0,0.21664635067328808
2021-08-31,139.4,140.35,138.1,140.35,16604451.0,1.0,0.21664635067328808
2021-09-01,140.15,141.3,140.05,141.0,18843757.0,1.0,0.21664635067328808
2021-09-02,140.9,141.4,139.9,139.9,7218178.0,1.0,0.21664635067328808
2021-09-03,140.65,142.1,140.45,141.9,11543959.0,1.0,0.21664635067328808
2021-09-06,141.9,143.5,141.6,142.55,14283400.0,1.0,0.21664635067328808
2021-09-07,142.8,142.8,141.45,141.9,8413574.0,1.0,0.21664635067328808
2021-09-08,141.75,142.0,139.95,140.65,7239389.0,1.0,0.21664635067328808
2021-09-09,139.65,141.0,139.3,140.3,3194199.0,1.0,0.21664635067328808
2021-09-10,140.7,142.1,140.5,141.95,3165128.0,1.0,0.21664635067328808
2021-09-13,141.85,141.85,141.15,141.45,3348806.0,1.0,0.21664635067328808
2021-09-14,141.85,142.2,141.35,141.6,2513428.0,1.0,0.21664635067328808
2021-09-15,141.3,141.45,140.4,140.75,12135597.0,1.0,0.21664635067328808
2021-09-16,140.8,141.0,139.75,140.1,8202035.0,1.0,0.21664635067328808
2021-09-17,140.1,141.05,139.5,140.5,3858456.0,1.0,0.21664635067328808
2021-09-22,137.1,137.6,136.3,137.2,25084805.0,1.0,0.21664635067328808
2021-09-23,138.0,138.5,137.6,138.0,5915660.0,1.0,0.21664635067328808
2021-09-24,138.8,139.65,138.7,139.65,6297547.0,1.0,0.21664635067328808
2021-09-27,139.85,140.35,139.2,140.0,11877695.0,1.0,0.21664635067328808
2021-09-28,139.25,139.35,138.25,139.0,17896339.0,1.0,0.21664635067328808
2021-09-29,136.9,136.9,135.45,136.0,31469085.0,1.0,0.21664635067328808
2021-09-30,136.3,137.1,135.2,137.05,16919613.0,1.0,0.21664635067328808
2021-10-01,136.3,136.3,133.65,133.95,28939270.0,1.0,0.21664635067328808
2021-10-04,134.7,134.8,132.85,133.15,24299469.0,1.0,0.21664635067328808
2021-10-05,132.0,133.0,130.9,132.95,28469257.0,1.0,0.21664635067328808
2021-10-06,134.0,134.0,132.0,133.0,22785877.0,1.0,0.21664635067328808
2021-10-07,134.05,135.6,133.95,135.35,13826376.0,1.0,0.21664635067328808
2021-10-08,135.65,135.65,133.95,134.2,7988089.0,1.0,0.21664635067328808
2021-10-12,132.7,133.15,131.6,132.85,11588565.0,1.0,0.21664635067328808
2021-10-13,133.4,133.6,132.15,132.4,5741940.0,1.0,0.21664635067328808
2021-10-14,133.5,133.7,132.5,132.75,3441729.0,1.0,0.21664635067328808
2021-10-15,134.65,136.35,134.3,136.25,13728479.0,1.0,0.21664635067328808
2021-10-18,136.7,136.9,135.6,135.85,5450752.0,1.0,0.21664635067328808
2021-10-19,136.2,137.25,136.05,136.95,8666121.0,1.0,0.21664635067328808
2021-10-20,137.05,137.3,136.45,136.6,14674356.0,1.0,0.21664635067328808
2021-10-21,136.7,137.8,136.1,136.1,13292564.0,1.0,0.21664635067328808
2021-10-22,136.25,136.75,135.65,136.5,5321361.0,1.0,0.21664635067328808
2021-10-25,136.0,136.7,135.2,136.4,7522325.0,1.0,0.21664635067328808
2021-10-26,136.65,137.75,136.6,137.55,10797704.0,1.0,0.21664635067328808
2021-10-27,136.95,137.55,136.7,137.55,7527789.0,1.0,0.21664635067328808
2021-10-28,137.45,137.65,136.6,137.15,4597622.0,1.0,0.21664635067328808
2021-10-29,137.05,137.05,135.35,135.8,5145743.0,1.0,0.21664635067328808
2021-11-01,136.2,136.75,136.2,136.5,3142335.0,1.0,0.21664635067328808
2021-11-02,136.8,137.65,136.15,136.25,4154241.0,1.0,0.21664635067328808
2021-11-03,136.4,137.0,136.4,136.6,2399598.0,1.0,0.21664635067328808
2021-11-04,137.25,137.5,136.15,136.15,2662461.0,1.0,0.21664635067328808
2021-11-05,137.1,138.2,136.8,138.1,11655592.0,1.0,0.21664635067328808
2021-11-08,138.2,139.2,138.2,139.2,7721327.0,1.0,0.21664635067328808
2021-11-09,140.15,141.2,140.1,140.7,12860159.0,1.0,0.21664635067328808
2021-11-10,140.65,140.65,140.0,140.5,5594835.0,1.0,0.21664635067328808
2021-11-11,139.1,139.75,138.8,139.25,4600441.0,1.0,0.21664635067328808
2021-11-12,139.9,140.8,139.5,139.7,5886568.0,1.0,0.21664635067328808
2021-11-15,140.55,141.25,140.55,140.95,6780991.0,1.0,0.21664635067328808
2021-11-16,140.95,141.45,140.8,141.2,6013400.0,1.0,0.21664635067328808
2021-11-17,141.3,141.7,141.15,141.65,27642686.0,1.0,0.21664635067328808
2021-11-18,141.75,142.55,141.65,142.45,6242847.0,1.0,0.21664635067328808
2021-11-19,143.5,143.55,142.65,142.8,6253607.0,1.0,0.21664635067328808
2021-11-22,142.7,142.9,142.4,142.45,3868526.0,1.0,0.21664635067328808
2021-11-23,142.0,142.0,141.05,141.1,4701595.0,1.0,0.21664635067328808
2021-11-24,141.1,141.15,140.15,140.5,3224697.0,1.0,0.21664635067328808
2021-11-25,140.5,140.9,140.0,140.45,2612776.0,1.0,0.21664635067328808
2021-11-26,139.55,139.85,137.95,138.15,12594105.0,1.0,0.21664635067328808
2021-11-29,137.6,138.8,137.5,138.15,11534852.0,1.0,0.21664635067328808
2021-11-30,138.8,139.6,137.85,138.0,10539304.0,1.0,0.21664635067328808
2021-12-01,138.1,140.5,138.05,140.3,4329326.0,1.0,0.21664635067328808
2021-12-02,140.1,141.95,139.7,141.8,9133260.0,1.0,0.21664635067328808
2021-12-03,141.95,142.15,141.1,141.75,4946614.0,1.0,0.21664635067328808
2021-12-06,140.7,141.9,140.0,141.35,4060985.0,1.0,0.21664635067328808
2021-12-07,141.35,141.8,140.35,141.8,3157948.0,1.0,0.21664635067328808
2021-12-08,143.1,143.6,142.3,142.35,11183297.0,1.0,0.21664635067328808
2021-12-09,142.45,142.65,141.7,142.0,4675110.0,1.0,0.21664635067328808
2021-12-10,141.8,142.1,141.35,141.95,3436577.0,1.0,0.21664635067328808
2021-12-13,142.2,142.45,141.5,141.5,4759881.0,1.0,0.21664635067328808
2021-12-14,140.35,140.7,139.95,140.1,5027334.0,1.0,0.21664635067328808
2021-12-15,140.1,140.6,139.7,140.3,10117615.0,1.0,0.21664635067328808
2021-12-16,141.35,142.05,141.15,142.05,5763811.0,1.0,0.21664635067328808
2021-12-17,141.55,142.0,141.2,141.9,4979845.0,1.0,0.21664635067328808
2021-12-20,141.8,141.85,140.3,140.65,4582532.0,1.0,0.21664635067328808
2021-12-21,140.7,141.95,140.7,141.85,6716896.0,1.0,0.21664635067328808
2021-12-22,141.95,142.0,141.65,141.85,4146304.0,1.0,0.21664635067328808
2021-12-23,142.75,143.2,142.25,142.65,14116987.0,1.0,0.21664635067328808
2021-12-24,143.0,143.6,142.95,143.05,12807935.0,1.0,0.21664635067328808
2021-12-27,143.2,144.25,143.1,144.15,6838963.0,1.0,0.21664635067328808
2021-12-28,144.3,145.3,144.3,145.3,22888176.0,1.0,0.21664635067328808
2021-12-29,145.45,146.15,145.05,145.95,22807731.0,1.0,0.21664635067328808
2021-12-30,145.95,146.0,145.35,145.5,6421410.0,1.0,0.21664635067328808
2022-01-03,146.0,147.35,146.0,146.4,7064552.0,1.0,0.21664635067328808
2022-01-04,147.7,149.6,147.7,149.6,10122789.0,1.0,0.21664635067328808
2022-01-05,150.1,150.55,149.1,149.3,11730618.0,1.0,0.21664635067328808
2022-01-06,148.3,148.75,147.0,147.9,9085138.0,1.0,0.21664635067328808
2022-01-07,148.3,149.0,146.5,146.6,7435645.0,1.0,0.21664635067328808
2022-01-10,146.0,147.8,145.4,147.55,15979639.0,1.0,0.21664635067328808
2022-01-11,147.6,148.5,146.7,148.3,17984061.0,1.0,0.21664635067328808
2022-01-12,149.35,149.6,148.7,149.55,10326119.0,1.0,0.21664635067328808
2022-01-13,149.55,150.45,149.55,150.3,7680333.0,1.0,0.21664635067328808
2022-01-14,150.8,151.2,149.05,150.3,10400081.0,1.0,0.21664635067328808
2022-01-17,151.1,152.4,151.1,152.0,7202412.0,1.0,0.21664635067328808
2022-01-18,152.2,152.25,150.15,150.3,14811991.0,1.0,0.21664635067328808
2022-01-19,149.0,149.65,148.25,148.5,15371288.0,1.0,0.21664635067328808
2022-01-20,148.5,149.2,147.6,149.1,16845120.0,1.0,0.21664635067328808
2022-01-21,143.9,143.95,142.3,142.65,32475644.0,0.9785378940308519,0.22139801840566997
2022-01-24,142.1,144.0,141.7,144.0,13767241.0,1.0,0.22139801840566997
2022-01-25,142.55,142.55,141.25,141.65,25646145.0,1.0,0.22139801840566997
2022-01-26,141.15,142.2,141.05,141.55,18559075.0,1.0,0.22139801840566997
2022-02-07,142.6,142.8,141.2,142.3,25312461.0,1.0,0.22139801840566997
2022-02-08,143.3,143.5,142.8,142.9,11521967.0,1.0,0.22139801840566997
2022-02-09,143.5,143.5,142.65,143.4,8470497.0,1.0,0.22139801840566997
2022-02-10,143.9,145.05,143.5,145.05,6325130.0,1.0,0.22139801840566997
2022-02-11,144.7,145.05,144.05,144.95,4556282.0,1.0,0.22139801840566997
2022-02-14,143.95,143.95,142.2,142.7,12907152.0,1.0,0.22139801840566997
2022-02-15,142.7,143.2,141.95,142.05,8139525.0,1.0,0.22139801840566997
2022-02-16,143.9,144.45,143.8,144.4,6906308.0,1.0,0.22139801840566997
2022-02-17,144.4,145.0,144.0,144.5,5161916.0,1.0,0.22139801840566997
2022-02-18,143.5,144.15,143.05,144.1,4068622.0,1.0,0.22139801840566997
2022-02-21,143.45,143.85,142.8,143.8,4807904.0,1.0,0.22139801840566997
2022-02-22,142.6,142.65,140.75,141.85,20814988.0,1.0,0.22139801840566997
2022-02-23,141.85,142.4,141.65,142.25,4803500.0,1.0,0.22139801840566997
2022-02-24,141.1,141.1,138.3,138.8,32725876.0,1.0,0.22139801840566997
2022-02-25,139.05,139.2,137.85,138.5,24731645.0,1.0,0.22139801840566997
2022-03-01,139.05,140.8,138.85,140.45,8694504.0,1.0,0.22139801840566997
2022-03-02,140.0,140.1,139.2,139.65,6778502.0,1.0,0.22139801840566997
2022-03-03,140.5,140.8,139.85,139.95,4742921.0,1.0,0.22139801840566997
2022-03-04,138.5,138.85,137.95,138.45,14283278.0,1.0,0.22139801840566997
2022-03-07,136.9,136.9,133.75,134.0,57431892.0,1.0,0.22139801840566997
2022-03-08,132.45,133.15,131.0,131.15,46246906.0,1.0,0.22139801840566997
2022-03-09,132.2,133.25,132.2,132.5,22656321.0,1.0,0.22139801840566997
2022-03-10,135.2,136.55,135.2,136.35,15177320.0,1.0,0.22139801840566997
2022-03-11,135.85,135.85,134.2,134.4,11806594.0,1.0,0.22139801840566997
2022-03-14,135.0,135.35,134.0,134.4,9183817.0,1.0,0.22139801840566997
2022-03-15,133.15,133.15,131.4,131.65,26456827.0,1.0,0.22139801840566997
2022-03-16,133.2,133.25,131.1,132.2,20364324.0,1.0,0.22139801840566997
2022-03-17,135.45,136.5,135.2,136.4,14459851.0,1.0,0.22139801840566997
2022-03-18,136.6,136.6,135.5,136.1,12975464.0,1.0,0.22139801840566997
2022-03-21,136.8,137.65,136.8,137.0,8071045.0,1.0,0.22139801840566997
2022-03-22,136.8,137.0,136.3,136.8,6251029.0,1.0,0.22139801840566997
2022-03-23,137.6,138.35,137.55,138.1,10632461.0,1.0,0.22139801840566997
2022-03-24,137.5,138.1,137.05,138.0,4479584.0,1.0,0.22139801840566997
2022-03-25,138.4,138.5,137.9,138.2,5074402.0,1.0,0.22139801840566997
2022-03-28,137.0,137.0,135.55,136.7,11194840.0,1.0,0.22139801840566997
2022-03-29,137.0,137.2,136.6,136.85,6644012.0,1.0,0.22139801840566997
2022-03-30,138.05,138.7,138.05,138.55,8498372.0,1.0,0.22139801840566997
2022-03-31,138.55,138.65,138.1,138.1,3748776.0,1.0,0.22139801840566997
2022-04-01,136.6,136.95,136.15,136.95,8220571.0,1.0,0.22139801840566997
2022-04-06,135.25,136.35,135.0,136.25,12266186.0,1.0,0.22139801840566997
2022-04-07,135.1,135.1,133.8,133.8,16680908.0,1.0,0.22139801840566997
2022-04-08,134.1,134.55,133.75,134.55,9480787.0,1.0,0.22139801840566997
2022-04-11,134.15,134.45,132.2,132.45,18450771.0,1.0,0.22139801840566997
2022-04-12,132.15,132.85,131.6,132.55,15367279.0,1.0,0.22139801840566997
2022-04-13,133.4,135.2,133.2,135.05,7246152.0,1.0,0.22139801840566997
2022-04-14,135.75,135.75,134.55,134.55,5235079.0,1.0,0.22139801840566997
2022-04-15,132.85,133.05,132.0,132.25,22334668.0,1.0,0.22139801840566997
2022-04-18,132.0,132.25,131.15,131.55,19495870.0,1.0,0.22139801840566997
2022-04-19,132.25,132.95,131.85,132.0,9433361.0,1.0,0.22139801840566997
2022-04-20,132.2,132.7,131.65,132.65,7104382.0,1.0,0.22139801840566997
2022-04-21,133.25,133.6,132.65,132.75,4226570.0,1.0,0.22139801840566997
2022-04-22,131.4,131.75,130.85,131.6,12398307.0,1.0,0.22139801840566997
2022-04-25,130.0,130.05,128.65,129.25,35058202.0,1.0,0.22139801840566997
2022-04-26,129.75,129.8,128.85,129.25,10361395.0,1.0,0.22139801840566997
2022-04-27,127.0,127.0,126.05,126.55,31244250.0,1.0,0.22139801840566997
2022-04-28,127.35,127.4,125.95,127.1,12311754.0,1.0,0.22139801840566997
2022-04-29,128.9,129.5,128.25,128.75,12271215.0,1.0,0.22139801840566997
2022-05-03,128.55,128.7,127.45,127.8,7021550.0,1.0,0.22139801840566997
2022-05-04,128.3,128.45,127.5,127.8,10324829.0,1.0,0.22139801840566997
2022-05-05,129.5,129.8,128.95,129.25,6508490.0,1.0,0.22139801840566997
2022-05-06,126.45,126.85,125.95,126.65,18804033.0,1.0,0.22139801840566997
2022-05-09,125.5,125.55,124.5,124.55,14256432.0,1.0,0.22139801840566997
2022-05-10,122.15,124.1,121.55,124.0,14865244.0,1.0,0.22139801840566997
2022-05-11,123.85,124.45,123.3,124.2,8458090.0,1.0,0.22139801840566997
2022-05-12,123.0,123.0,121.2,121.25,13693487.0,1.0,0.22139801840566997
2022-05-13,122.1,122.35,121.55,122.35,7332122.0,1.0,0.22139801840566997
2022-05-16,123.45,124.0,122.5,123.0,6085859.0,1.0,0.22139801840566997
2022-05-17,123.15,124.5,123.15,124.35,4399419.0,1.0,0.22139801840566997
2022-05-18,125.35,126.0,125.25,125.7,6600381.0,1.0,0.22139801840566997
2022-05-19,123.45,123.8,122.65,123.3,7894711.0,1.0,0.22139801840566997
2022-05-20,123.75,124.95,123.65,124.65,3867232.0,1.0,0.22139801840566997
2022-05-23,125.3,125.6,124.5,124.9,2859330.0,1.0,0.22139801840566997
2022-05-24,125.0,125.2,123.4,123.5,5469914.0,1.0,0.22139801840566997
2022-05-25,123.7,124.7,123.45,124.45,2724739.0,1.0,0.22139801840566997
2022-05-26,125.0,125.0,122.85,122.9,6240375.0,1.0,0.22139801840566997
2022-05-27,124.15,125.8,124.05,125.5,11895801.0,1.0,0.22139801840566997
2022-05-30,127.25,128.6,127.05,128.55,14840687.0,1.0,0.22139801840566997
2022-05-31,128.45,129.8,127.6,129.8,7233052.0,1.0,0.22139801840566997
2022-06-01,129.3,130.05,129.0,129.15,6730117.0,1.0,0.22139801840566997
2022-06-02,128.45,128.45,127.6,127.8,4721923.0,1.0,0.22139801840566997
2022-06-06,128.25,129.0,127.45,128.7,4292361.0,1.0,0.22139801840566997
2022-06-07,127.95,127.95,126.85,127.4,5160242.0,1.0,0.22139801840566997
2022-06-08,128.5,129.1,128.15,128.8,4110313.0,1.0,0.22139801840566997
2022-06-09,128.2,128.5,127.65,128.4,2056798.0,1.0,0.22139801840566997
2022-06-10,126.8,127.4,126.4,127.1,4616549.0,1.0,0.22139801840566997
2022-06-13,124.1,124.25,123.45,123.55,18437079.0,1.0,0.22139801840566997
2022-06-14,122.6,123.55,122.1,123.35,12474631.0,1.0,0.22139801840566997
2022-06-15,123.0,123.6,122.65,122.75,9373128.0,1.0,0.22139801840566997
2022-06-16,124.1,125.0,122.25,122.5,13116110.0,1.0,0.22139801840566997
2022-06-17,121.0,121.5,120.4,120.85,21263720.0,1.0,0.22139801840566997
2022-06-20,120.9,120.95,119.5,119.75,11621643.0,1.0,0.22139801840566997
2022-06-21,120.95,122.2,120.35,122.2,6691755.0,1.0,0.22139801840566997
2022-06-22,121.7,121.7,119.35,119.5,16172586.0,1.0,0.22139801840566997
2022-06-23,119.8,119.8,117.25,117.9,18053581.0,1.0,0.22139801840566997
2022-06-24,118.65,119.3,117.95,118.15,11166572.0,1.0,0.22139801840566997
2022-06-27,119.8,121.45,119.8,120.95,16926661.0,1.0,0.22139801840566997
2022-06-28,120.8,120.8,119.25,119.8,11140021.0,1.0,0.22139801840566997
2022-06-29,118.7,119.55,118.5,118.8,6670681.0,1.0,0.22139801840566997
2022-06-30,117.7,117.8,115.5,115.8,22064782.0,1.0,0.22139801840566997
2022-07-01,115.65,115.65,111.2,111.55,36878756.0,1.0,0.22139801840566997
2022-07-04,111.25,112.2,110.0,110.45,27456531.0,1.0,0.22139801840566997
2022-07-05,112.55,112.95,109.0,111.0,17050908.0,1.0,0.22139801840566997
2022-07-06,111.0,111.05,108.45,108.85,16720163.0,1.0,0.22139801840566997
2022-07-07,109.45,112.15,108.55,112.1,13797274.0,1.0,0.22139801840566997
2022-07-08,113.3,113.9,112.3,113.25,10632316.0,1.0,0.22139801840566997
2022-07-11,113.65,113.7,111.85,112.25,8031808.0,1.0,0.22139801840566997
2022-07-12,110.95,110.95,109.15,109.55,12036545.0,1.0,0.22139801840566997
2022-07-13,113.0,113.65,112.6,113.45,25339925.0,1.0,0.22139801840566997
2022-07-14,112.7,114.25,111.8,114.0,15117665.0,1.0,0.22139801840566997
2022-07-15,114.6,115.65,113.75,115.5,19084676.0,1.0,0.22139801840566997
2022-07-18,114.65,114.85,113.95,114.2,22677308.0,0.9844155844155844,0.22490300022739562
2022-07-19,113.95,114.65,113.6,114.3,13479392.0,1.0,0.22490300022739562
2022-07-20,115.85,116.2,114.7,115.05,17257016.0,1.0,0.22490300022739562
2022-07-21,115.4,116.35,115.0,116.35,9016500.0,1.0,0.22490300022739562
2022-07-22,116.6,117.2,116.3,116.8,15904768.0,1.0,0.22490300022739562
2022-07-25,116.3,116.95,116.0,116.7,10845215.0,1.0,0.22490300022739562
2022-07-26,116.6,116.6,115.3,115.65,13077161.0,1.0,0.22490300022739562
2022-07-27,115.5,116.7,115.15,116.7,8102634.0,1.0,0.22490300022739562
2022-07-28,117.85,117.95,116.9,116.9,8557891.0,1.0,0.22490300022739562
2022-07-29,118.15,118.5,117.65,118.0,8291615.0,1.0,0.22490300022739562
2022-08-01,118.1,118.1,117.2,117.65,9841470.0,1.0,0.22490300022739562
2022-08-02,116.55,116.55,115.1,115.55,18600451.0,1.0,0.22490300022739562
2022-08-03,115.65,116.25,115.5,116.25,8100057.0,1.0,0.22490300022739562
2022-08-04,116.35,116.8,115.2,116.55,7108342.0,1.0,0.22490300022739562
2022-08-05,118.0,119.5,117.9,119.5,9625538.0,1.0,0.22490300022739562
2022-08-08,119.0,119.25,118.3,119.25,8966011.0,1.0,0.22490300022739562
2022-08-09,118.4,119.5,118.0,119.15,8186879.0,1.0,0.22490300022739562
2022-08-10,118.0,118.2,117.5,117.9,7796649.0,1.0,0.22490300022739562
2022-08-11,119.8,120.45,119.6,120.05,10957384.0,1.0,0.22490300022739562
2022-08-12,120.55,121.0,120.3,120.8,8598361.0,1.0,0.22490300022739562
2022-08-15,121.45,122.1,121.25,121.9,9837499.0,1.0,0.22490300022739562
2022-08-16,122.0,122.3,121.9,122.1,10114278.0,1.0,0.22490300022739562
2022-08-17,122.1,122.3,121.8,122.15,14115407.0,1.0,0.22490300022739562
2022-08-18,121.4,121.45,120.95,121.35,5637817.0,1.0,0.22490300022739562
2022-08-19,121.25,122.0,120.9,121.55,4315583.0,1.0,0.22490300022739562
2022-08-22,120.0,120.25,119.7,119.8,8972758.0,1.0,0.22490300022739562
2022-08-23,118.55,119.0,118.2,118.2,11095739.0,1.0,0.22490300022739562
2022-08-24,118.8,118.95,117.65,117.9,7558746.0,1.0,0.22490300022739562
2022-08-25,118.5,119.45,118.45,119.0,5143118.0,1.0,0.22490300022739562
2022-08-26,119.85,120.1,119.45,119.6,10173674.0,1.0,0.22490300022739562
2022-08-29,116.25,116.95,116.0,116.55,17248914.0,1.0,0.22490300022739562
2022-08-30,116.55,117.2,116.2,116.75,12722112.0,1.0,0.22490300022739562
2022-08-31,115.95,117.6,115.8,117.6,7324798.0,1.0,0.22490300022739562
2022-09-01,115.5,115.6,114.75,115.15,23181870.0,1.0,0.22490300022739562
2022-09-02,115.1,115.1,113.85,113.9,15351769.0,1.0,0.22490300022739562
2022-09-05,114.1,114.75,113.7,114.15,9508218.0,1.0,0.22490300022739562
2022-09-06,114.8,115.4,114.25,114.9,6757649.0,1.0,0.22490300022739562
2022-09-07,113.1,113.15,112.1,112.2,17431510.0,1.0,0.22490300022739562
2022-09-08,113.05,113.05,112.4,113.0,7535495.0,1.0,0.22490300022739562
2022-09-12,115.3,115.65,115.0,115.4,7850900.0,1.0,0.22490300022739562
2022-09-13,116.1,116.4,115.75,116.0,4768515.0,1.0,0.22490300022739562
2022-09-14,113.05,113.95,112.8,113.65,11875719.0,1.0,0.22490300022739562
2022-09-15,113.5,114.25,113.2,113.85,4051460.0,1.0,0.22490300022739562
2022-09-16,112.65,112.85,112.3,112.55,13858212.0,1.0,0.22490300022739562
2022-09-19,112.95,112.95,111.9,112.05,7705465.0,1.0,0.22490300022739562
2022-09-20,112.55,113.15,112.25,113.05,5999746.0,1.0,0.22490300022739562
2022-09-21,112.8,112.8,111.8,112.1,11672155.0,1.0,0.22490300022739562
2022-09-22,110.4,110.75,109.5,110.75,16093771.0,1.0,0.22490300022739562
2022-09-23,110.25,110.35,109.35,109.7,15826978.0,1.0,0.22490300022739562
2022-09-26,108.05,108.05,107.15,107.65,21804952.0,1.0,0.22490300022739562
2022-09-27,107.8,107.95,107.0,107.5,9580153.0,1.0,0.22490300022739562
2022-09-28,107.6,107.65,105.25,105.25,20345587.0,1.0,0.22490300022739562
2022-09-29,106.45,106.45,104.6,104.9,11208229.0,1.0,0.22490300022739562
2022-09-30,103.3,103.9,103.0,103.45,13648874.0,1.0,0.22490300022739562
2022-10-03,102.5,103.6,102.05,102.2,11975969.0,1.0,0.22490300022739562
2022-10-04,104.55,104.8,104.1,104.8,7833142.0,1.0,0.22490300022739562
2022-10-05,106.5,107.85,106.35,107.25,11194438.0,1.0,0.22490300022739562
2022-10-06,107.8,108.0,107.5,108.0,8691035.0,1.0,0.22490300022739562
2022-10-07,107.4,107.4,106.1,106.2,9160530.0,1.0,0.22490300022739562
2022-10-11,102.0,102.15,100.5,100.7,34441616.0,1.0,0.22490300022739562
2022-10-12,100.4,100.7,99.55,100.2,14465314.0,1.0,0.22490300022739562
2022-10-13,100.55,100.55,99.0,99.0,22325644.0,1.0,0.22490300022739562
2022-10-14,101.75,102.3,101.1,101.85,11783757.0,1.0,0.22490300022739562
2022-10-17,99.95,100.1,99.05,99.95,20644755.0,1.0,0.22490300022739562
2022-10-18,101.5,101.55,99.95,101.1,6617063.0,1.0,0.22490300022739562
2022-10-19,100.8,101.0,99.55,99.75,16168656.0,1.0,0.22490300022739562
2022-10-20,98.2,99.45,97.35,99.2,20052215.0,1.0,0.22490300022739562
2022-10-21,99.3,99.85,98.7,98.9,12689251.0,1.0,0.22490300022739562
2022-10-24,100.75,100.8,98.6,98.6,17387205.0,1.0,0.22490300022739562
2022-10-25,98.6,98.6,96.5,96.7,21366539.0,1.0,0.22490300022739562
2022-10-26,96.85,98.0,96.5,97.6,11205246.0,1.0,0.22490300022739562
2022-10-27,98.5,99.35,98.5,99.0,8254594.0,1.0,0.22490300022739562
2022-10-28,98.6,98.6,97.25,97.75,12102185.0,1.0,0.22490300022739562
2022-10-31,98.85,99.35,98.1,99.05,10298898.0,1.0,0.22490300022739562
2022-11-01,98.85,99.95,98.8,99.6,8491868.0,1.0,0.22490300022739562
2022-11-02,99.6,100.05,99.4,100.0,7245488.0,1.0,0.22490300022739562
2022-11-03,98.5,98.85,98.35,98.7,14068192.0,1.0,0.22490300022739562
2022-11-04,98.1,98.95,97.5,98.85,6727808.0,1.0,0.22490300022739562
2022-11-07,99.8,100.85,99.55,100.55,12464513.0,1.0,0.22490300022739562
2022-11-08,101.45,101.95,101.25,101.6,10726648.0,1.0,0.22490300022739562
2022-11-09,102.55,104.5,102.55,104.5,19308833.0,1.0,0.22490300022739562
2022-11-10,103.45,103.85,103.2,103.5,15112976.0,1.0,0.22490300022739562
2022-11-11,108.55,109.0,107.8,109.0,35134524.0,1.0,0.22490300022739562
2022-11-14,109.8,110.4,109.4,110.0,18631343.0,1.0,0.22490300022739562
2022-11-15,111.2,114.95,111.2,114.7,34799438.0,1.0,0.22490300022739562
2022-11-16,115.0,115.75,113.85,114.5,24251504.0,1.0,0.22490300022739562
2022-11-17,113.95,114.65,112.85,114.55,13741730.0,1.0,0.22490300022739562
2022-11-18,114.9,115.85,114.05,114.25,10968139.0,1.0,0.22490300022739562
2022-11-21,114.35,114.65,113.7,113.85,8978435.0,1.0,0.22490300022739562
2022-11-22,113.4,115.0,113.05,114.8,5798244.0,1.0,0.22490300022739562
2022-11-23,115.65,115.9,115.05,115.6,8224840.0,1.0,0.22490300022739562
2022-11-24,116.0,116.85,115.9,116.7,15641447.0,1.0,0.22490300022739562
2022-11-25,116.65,116.95,116.35,116.7,16343906.0,1.0,0.22490300022739562
2022-11-28,114.6,115.3,113.9,114.35,15627449.0,1.0,0.22490300022739562
2022-11-29,113.85,115.4,113.1,115.4,10926996.0,1.0,0.22490300022739562
2022-11-30,115.1,116.4,114.85,116.35,9535815.0,1.0,0.22490300022739562
2022-12-01,119.2,119.5,118.0,118.35,25136792.0,1.0,0.22490300022739562
2022-12-02,117.3,117.95,117.0,117.3,7796015.0,1.0,0.22490300022739562
2022-12-05,117.3,118.5,117.2,117.45,12330303.0,1.0,0.22490300022739562
2022-12-06,116.8,116.8,115.2,115.3,10637488.0,1.0,0.22490300022739562
2022-12-07,114.5,115.85,114.2,114.6,8636949.0,1.0,0.22490300022739562
2022-12-08,114.05,114.1,112.45,113.25,9682884.0,1.0,0.22490300022739562
2022-12-09,114.0,115.25,113.95,115.0,6394176.0,1.0,0.22490300022739562
2022-12-12,114.2,114.2,113.25,113.9,8764346.0,1.0,0.22490300022739562
2022-12-13,114.5,114.5,113.25,113.4,6860743.0,1.0,0.22490300022739562
2022-12-14,114.1,115.0,114.0,114.8,8037662.0,1.0,0.22490300022739562
2022-12-15,114.3,115.05,113.9,114.9,8045621.0,1.0,0.22490300022739562
2022-12-16,112.5,113.3,112.25,113.0,12792990.0,1.0,0.22490300022739562
2022-12-19,112.35,112.95,112.0,112.35,6504872.0,1.0,0.22490300022739562
2022-12-20,112.15,112.5,110.05,110.3,13446289.0,1.0,0.22490300022739562
2022-12-21,110.8,111.4,110.3,110.75,12203031.0,1.0,0.22490300022739562
2022-12-22,111.75,112.75,111.75,112.6,5166548.0,1.0,0.22490300022739562
2022-12-23,110.7,111.05,110.4,110.7,6556232.0,1.0,0.22490300022739562
2022-12-26,110.8,111.2,110.7,111.1,4258430.0,1.0,0.22490300022739562
2022-12-27,111.4,112.25,111.4,111.6,4269800.0,1.0,0.22490300022739562
2022-12-28,110.5,110.5,109.4,110.0,13002156.0,1.0,0.22490300022739562
2022-12-29,109.2,109.6,108.4,109.5,14342647.0,1.0,0.22490300022739562
2022-12-30,110.6,110.75,110.2,110.2,8890361.0,1.0,0.22490300022739562
2023-01-03,109.6,110.9,108.45,110.75,15272877.0,1.0,0.22490300022739562
2023-01-04,110.3,110.8,110.1,110.5,14211742.0,1.0,0.22490300022739562
2023-01-05,111.25,111.7,110.95,111.3,12395862.0,1.0,0.22490300022739562
2023-01-06,111.2,112.2,111.15,111.8,11826560.0,1.0,0.22490300022739562
2023-01-09,114.0,115.8,113.9,115.8,15649173.0,1.0,0.22490300022739562
2023-01-10,115.95,116.4,115.75,116.25,12427863.0,1.0,0.22490300022739562
2023-01-11,116.65,116.75,115.9,116.35,15849620.0,1.0,0.22490300022739562
2023-01-12,116.5,116.6,115.65,115.85,10249887.0,1.0,0.22490300022739562
2023-01-13,118.5,118.6,116.95,117.2,28912072.0,1.0,0.22490300022739562
2023-01-16,118.1,118.55,118.0,118.1,28203249.0,1.0,0.22490300022739562
2023-01-17,118.35,118.35,117.8,118.1,14600817.0,1.0,0.22490300022739562
2023-01-30,120.8,121.0,120.0,120.7,44330389.0,0.9779847586790855,0.229965751747666
2023-01-31,120.6,120.6,118.3,118.3,22474562.0,1.0,0.229965751747666
2023-02-01,119.1,119.45,118.45,119.0,6903171.0,1.0,0.229965751747666
2023-02-02,120.3,121.1,120.25,121.0,16194958.0,1.0,0.229965751747666
2023-02-03,120.95,121.2,120.2,121.0,9934984.0,1.0,0.229965751747666
2023-02-06,120.1,120.1,119.25,119.25,14297030.0,1.0,0.229965751747666
2023-02-07,119.1,119.25,118.55,119.0,8787291.0,1.0,0.229965751747666
2023-02-08,120.1,120.95,120.0,120.85,9239321.0,1.0,0.229965751747666
2023-02-09,120.5,121.0,120.3,120.9,5032245.0,1.0,0.229965751747666
2023-02-10,120.9,121.1,120.6,121.0,6572526.0,1.0,0.229965751747666
2023-02-13,120.7,120.9,119.9,120.75,4149906.0,1.0,0.229965751747666
2023-02-14,121.25,121.8,121.25,121.65,7965786.0,1.0,0.229965751747666
2023-02-15,119.95,120.25,118.8,118.85,13852368.0,1.0,0.229965751747666
2023-02-16,119.3,120.5,119.3,120.3,11233273.0,1.0,0.229965751747666
2023-02-17,119.3,119.3,118.4,118.75,8960233.0,1.0,0.229965751747666
2023-02-20,118.55,119.35,118.1,119.0,6230136.0,1.0,0.229965751747666
2023-02-21,119.0,119.1,118.55,118.95,4772315.0,1.0,0.229965751747666
2023-02-22,117.5,117.75,117.1,117.65,12041784.0,1.0,0.229965751747666
2023-02-23,117.95,119.8,117.95,119.4,6448658.0,1.0,0.229965751747666
2023-02-24,119.9,120.1,118.8,118.8,5828709.0,1.0,0.229965751747666
2023-03-01,117.3,119.45,116.85,119.35,7996077.0,1.0,0.229965751747666
2023-03-02,119.35,119.35,118.3,119.25,3750827.0,1.0,0.229965751747666
2023-03-03,119.8,120.1,119.2,119.35,3341290.0,1.0,0.229965751747666
2023-03-06,120.15,120.9,119.9,120.5,9805282.0,1.0,0.229965751747666
2023-03-07,120.55,121.4,120.2,121.3,7894646.0,1.0,0.229965751747666
2023-03-08,120.5,120.6,119.8,120.3,6752736.0,1.0,0.229965751747666
2023-03-09,120.75,120.8,120.2,120.2,3505542.0,1.0,0.229965751747666
2023-03-10,118.85,118.95,118.0,118.3,15018299.0,1.0,0.229965751747666
2023-03-13,117.95,119.1,117.4,118.8,19295272.0,1.0,0.229965751747666
2023-03-14,117.55,117.95,117.15,117.5,12145943.0,1.0,0.229965751747666
2023-03-15,118.4,118.7,117.45,117.6,12613249.0,1.0,0.229965751747666
2023-03-16,117.2,117.4,116.5,117.05,16683826.0,1.0,0.229965751747666
2023-03-17,117.85,118.95,117.8,118.95,11087333.0,1.0,0.229965751747666
2023-03-20,118.95,119.05,117.85,118.1,7527505.0,1.0,0.229965751747666
2023-03-21,118.5,118.75,118.2,118.65,3732049.0,1.0,0.229965751747666
2023-03-22,119.45,120.9,119.45,120.9,15003597.0,1.0,0.229965751747666
2023-03-23,120.65,122.3,120.45,121.85,16090498.0,1.0,0.229965751747666
2023-03-24,122.0,122.3,121.55,122.2,13919981.0,1.0,0.229965751747666
2023-03-27,121.75,121.9,121.2,121.45,11001040.0,1.0,0.229965751747666
2023-03-28,120.95,121.15,120.2,120.4,10125868.0,1.0,0.229965751747666
2023-03-29,120.65,121.05,120.15,120.6,3255113.0,1.0,0.229965751747666
2023-03-30,121.4,121.7,120.75,121.2,11586756.0,1.0,0.229965751747666
2023-03-31,121.7,122.35,121.4,121.6,15218318.0,1.0,0.229965751747666
2023-04-06,120.85,121.0,120.2,121.0,8076540.0,1.0,0.229965751747666
2023-04-07,121.25,121.45,120.8,121.0,4623088.0,1.0,0.229965751747666
2023-04-10,121.25,121.65,120.9,121.0,4503497.0,1.0,0.229965751747666
2023-04-11,121.0,121.15,120.4,120.85,6233410.0,1.0,0.229965751747666
2023-04-12,120.85,120.85,120.15,120.55,3247078.0,1.0,0.229965751747666
2023-04-13,120.05,120.15,119.5,119.5,7509494.0,1.0,0.229965751747666
2023-04-14,120.0,120.9,119.85,120.65,3289954.0,1.0,0.229965751747666
2023-04-17,120.35,120.5,119.8,120.35,6061114.0,1.0,0.229965751747666
2023-04-18,120.35,120.4,119.75,119.95,5183750.0,1.0,0.229965751747666
2023-04-19,120.0,120.05,118.8,119.05,8700172.0,1.0,0.229965751747666
2023-04-20,118.85,119.4,118.4,118.9,7081813.0,1.0,0.229965751747666
2023-04-21,119.45,119.55,118.5,118.6,5326801.0,1.0,0.229965751747666
2023-04-24,117.8,118.5,117.7,118.15,7308582.0,1.0,0.229965751747666
2023-04-25,118.3,118.3,116.55,116.6,21039325.0,1.0,0.229965751747666
2023-04-26,116.55,116.6,115.65,116.1,14209529.0,1.0,0.229965751747666
2023-04-27,116.05,116.65,115.5,116.0,10274310.0,1.0,0.229965751747666
2023-04-28,116.85,117.55,116.85,117.4,6023403.0,1.0,0.229965751747666
2023-05-02,117.45,118.0,117.1,117.7,5572977.0,1.0,0.229965751747666
2023-05-03,117.35,117.35,116.8,117.2,4652271.0,1.0,0.229965751747666
2023-05-04,117.0,117.5,116.7,117.5,3888293.0,1.0,0.229965751747666
2023-05-05,117.7,118.05,117.4,117.8,2550129.0,1.0,0.229965751747666
2023-05-08,118.5,118.9,118.35,118.55,6287398.0,1.0,0.229965751747666
2023-05-09,118.6,119.0,118.3,118.9,4828179.0,1.0,0.229965751747666
2023-05-10,118.8,118.8,117.65,117.8,4685154.0,1.0,0.229965751747666
2023-05-11,118.25,118.45,117.55,117.55,4031551.0,1.0,0.229965751747666
2023-05-12,117.15,117.5,116.75,117.2,4251764.0,1.0,0.229965751747666
2023-05-15,116.95,117.35,116.65,117.2,4584892.0,1.0,0.229965751747666
2023-05-16,117.9,119.0,117.85,118.6,8154133.0,1.0,0.229965751747666
2023-05-17,118.65,120.7,118.65,120.55,26759613.0,1.0,0.229965751747666
2023-05-18,121.8,122.4,121.6,122.15,23085737.0,1.0,0.229965751747666
2023-05-19,122.6,122.85,122.2,122.5,34913145.0,1.0,0.229965751747666
2023-05-22,122.5,122.65,122.1,122.3,18271130.0,1.0,0.229965751747666
2023-05-23,122.3,122.65,121.8,122.2,12550223.0,1.0,0.229965751747666
2023-05-24,121.65,121.8,121.1,121.6,11115015.0,1.0,0.229965751747666
2023-05-25,123.0,123.4,122.45,123.05,12032587.0,1.0,0.229965751747666
2023-05-26,125.0,126.05,125.0,125.95,25082491.0,1.0,0.229965751747666
2023-05-29,127.45,127.55,126.5,126.75,15208057.0,1.0,0.229965751747666
2023-05-30,126.75,127.05,126.45,126.75,12627196.0,1.0,0.229965751747666
2023-05-31,126.7,126.7,125.15,126.15,9229280.0,1.0,0.229965751747666
2023-06-01,125.35,125.6,124.9,125.15,4231123.0,1.0,0.229965751747666
2023-06-02,125.8,127.0,125.8,126.75,8412015.0,1.0,0.229965751747666
2023-06-05,126.75,126.8,126.25,126.35,6813168.0,1.0,0.229965751747666
2023-06-06,126.35,127.25,126.15,126.7,6877372.0,1.0,0.229965751747666
2023-06-07,127.0,128.25,127.0,128.1,12723827.0,1.0,0.229965751747666
2023-06-08,127.9,128.2,126.55,126.85,5592606.0,1.0,0.229965751747666
2023-06-09,127.5,128.2,127.4,127.8,5862280.0,1.0,0.229965751747666
2023-06-12,128.5,129.3,128.5,129.0,14318994.0,1.0,0.229965751747666
2023-06-13,130.2,131.95,130.2,131.55,24673560.0,1.0,0.229965751747666
2023-06-14,131.4,131.6,131.0,131.5,7065011.0,1.0,0.229965751747666
2023-06-15,131.55,132.0,131.5,131.9,11515134.0,1.0,0.229965751747666
2023-06-16,131.8,131.8,131.1,131.55,7586911.0,1.0,0.229965751747666
2023-06-19,130.95,131.5,130.55,131.25,6339672.0,1.0,0.229965751747666
2023-06-20,131.1,131.25,130.35,130.55,6966617.0,1.0,0.229965751747666
2023-06-21,130.55,131.05,130.25,130.55,26907844.0,1.0,0.229965751747666
2023-06-26,130.35,130.35,129.4,129.75,7961459.0,1.0,0.229965751747666
2023-06-27,129.15,129.55,128.7,128.9,7065960.0,1.0,0.229965751747666
2023-06-28,129.35,129.7,128.8,129.1,5943784.0,1.0,0.229965751747666
2023-06-29,129.75,130.5,128.9,129.05,6037292.0,1.0,0.229965751747666
2023-06-30,128.8,129.1,128.3,129.1,7504016.0,1.0,0.229965751747666
2023-07-03,129.6,130.7,129.6,130.7,6979683.0,1.0,0.229965751747666
2023-07-04,130.75,131.15,130.55,131.0,5919797.0,1.0,0.229965751747666
2023-07-05,131.0,131.2,130.4,130.8,5405909.0,1.0,0.229965751747666
2023-07-06,129.7,129.7,127.7,127.9,18056472.0,1.0,0.229965751747666
2023-07-07,127.55,128.3,127.1,127.7,8691413.0,1.0,0.229965751747666
2023-07-10,128.1,128.5,127.0,127.45,8506247.0,1.0,0.229965751747666
2023-07-11,128.0,129.2,128.0,129.2,4784843.0,1.0,0.229965751747666
2023-07-12,129.3,129.45,128.85,129.45,3615026.0,1.0,0.229965751747666
2023-07-13,131.3,131.9,130.85,130.9,16226020.0,1.0,0.229965751747666
2023-07-14,131.45,132.5,131.45,132.25,15492527.0,1.0,0.229965751747666
2023-07-17,132.0,132.2,131.75,132.0,15718027.0,1.0,0.229965751747666
2023-07-18,131.0,131.0,129.7,129.85,11349805.0,0.9856060606060606,0.23332420623129835
2023-07-19,130.15,130.5,128.75,128.75,14711894.0,1.0,0.23332420623129835
2023-07-20,129.05,129.7,129.0,129.35,4065413.0,1.0,0.23332420623129835
2023-07-21,127.4,127.4,126.5,127.2,14040621.0,1.0,0.23332420623129835
2023-07-24,127.0,127.65,126.6,127.25,10275826.0,1.0,0.23332420623129835
2023-07-25,127.7,129.2,127.7,128.85,7215119.0,1.0,0.23332420623129835
2023-07-26,129.1,129.2,128.35,128.5,4653101.0,1.0,0.23332420623129835
2023-07-27,129.15,129.5,129.0,129.5,4193242.0,1.0,0.23332420623129835
2023-07-28,129.4,129.9,129.0,129.5,2941994.0,1.0,0.23332420623129835
2023-07-31,130.3,130.65,128.25,128.8,7751452.0,1.0,0.23332420623129835
2023-08-01,129.0,129.55,128.85,129.45,4681935.0,1.0,0.23332420623129835
2023-08-02,129.4,129.45,127.45,127.85,13214168.0,1.0,0.23332420623129835
2023-08-04,127.25,127.5,126.9,127.25,7590841.0,1.0,0.23332420623129835
2023-08-07,127.65,128.7,127.55,128.5,4928020.0,1.0,0.23332420623129835
2023-08-08,128.1,128.2,126.4,127.0,11518036.0,1.0,0.23332420623129835
2023-08-09,126.8,127.65,126.65,127.2,3923514.0,1.0,0.23332420623129835
2023-08-10,126.9,127.0,126.3,126.4,12013887.0,1.0,0.23332420623129835
2023-08-11,127.0,127.35,126.15,126.3,8352738.0,1.0,0.23332420623129835
2023-08-14,125.65,125.7,124.1,124.5,24758060.0,1.0,0.23332420623129835
2023-08-15,125.25,125.45,124.6,124.7,8064361.0,1.0,0.23332420623129835
2023-08-16,124.15,124.4,123.6,124.05,19265218.0,1.0,0.23332420623129835
2023-08-17,123.6,124.65,122.9,124.6,10203696.0,1.0,0.23332420623129835
2023-08-18,124.2,124.8,123.7,123.85,8329354.0,1.0,0.23332420623129835
2023-08-21,124.2,124.45,123.0,123.0,11056378.0,1.0,0.23332420623129835
2023-08-22,124.0,124.35,123.7,124.0,3869049.0,1.0,0.23332420623129835
2023-08-23,124.0,125.15,124.0,124.85,6976770.0,1.0,0.23332420623129835
2023-08-24,126.4,127.1,126.25,127.0,7038124.0,1.0,0.23332420623129835
2023-08-25,125.5,125.5,124.5,124.55,8003807.0,1.0,0.23332420623129835
2023-08-28,124.85,125.7,124.75,125.35,4490279.0,1.0,0.23332420623129835
2023-08-29,126.0,126.05,124.7,126.05,6680673.0,1.0,0.23332420623129835
2023-08-30,126.75,127.05,126.1,126.6,5913148.0,1.0,0.23332420623129835
2023-08-31,126.55,126.55,125.5,125.7,4631756.0,1.0,0.23332420623129835
2023-09-01,125.5,126.3,125.1,125.9,3298119.0,1.0,0.23332420623129835
2023-09-04,125.9,126.8,125.6,126.75,3707169.0,1.0,0.23332420623129835
2023-09-05,126.55,126.6,126.05,126.45,3941418.0,1.0,0.23332420623129835
2023-09-06,126.6,126.7,125.85,126.0,7625626.0,1.0,0.23332420623129835
2023-09-07,125.3,125.5,124.7,124.85,6411794.0,1.0,0.23332420623129835
2023-09-08,124.1,124.5,123.85,124.3,6199055.0,1.0,0.23332420623129835
2023-09-11,124.45,124.5,123.4,123.8,9428969.0,1.0,0.23332420623129835
2023-09-12,124.1,125.05,123.85,125.05,2805462.0,1.0,0.23332420623129835
2023-09-13,125.2,125.6,124.7,125.2,3406028.0,1.0,0.23332420623129835
2023-09-14,125.9,126.95,125.55,126.95,7617917.0,1.0,0.23332420623129835
2023-09-15,127.0,127.35,126.75,127.35,6105752.0,1.0,0.23332420623129835
2023-09-18,126.6,126.6,125.85,126.0,7560656.0,1.0,0.23332420623129835
2023-09-19,125.85,126.05,125.35,125.45,4357933.0,1.0,0.23332420623129835
2023-09-20,125.05,125.2,124.5,124.75,6502123.0,1.0,0.23332420623129835
2023-09-21,123.8,123.85,122.65,122.75,23194776.0,1.0,0.23332420623129835
2023-09-22,122.45,122.8,122.05,122.65,10344025.0,1.0,0.23332420623129835
2023-09-25,122.75,123.75,122.75,123.55,4337416.0,1.0,0.23332420623129835
2023-09-26,122.65,123.0,122.0,122.1,11388965.0,1.0,0.23332420623129835
2023-09-27,121.85,122.3,121.55,122.15,7068444.0,1.0,0.23332420623129835
2023-09-28,122.75,123.15,122.05,122.65,5881478.0,1.0,0.23332420623129835
2023-10-02,123.6,124.5,123.6,124.25,6751292.0,1.0,0.23332420623129835
2023-10-03,123.95,124.15,123.45,123.5,5464302.0,1.0,0.23332420623129835
2023-10-04,122.1,122.2,121.35,121.9,12322148.0,1.0,0.23332420623129835
2023-10-05,122.4,123.65,122.4,123.65,4410768.0,1.0,0.23332420623129835
2023-10-06,123.8,124.3,123.8,124.1,5059285.0,1.0,0.23332420623129835
2023-10-11,125.9,126.4,125.85,126.25,14193410.0,1.0,0.23332420623129835
2023-10-12,126.5,127.35,126.3,127.3,14896995.0,1.0,0.23332420623129835
2023-10-13,127.0,127.4,126.5,126.95,6625556.0,1.0,0.23332420623129835
2023-10-16,126.3,126.3,125.7,126.25,8160811.0,1.0,0.23332420623129835
2023-10-17,126.7,127.0,126.4,126.55,7017073.0,1.0,0.23332420623129835
2023-10-18,126.25,126.25,124.8,124.8,10455744.0,1.0,0.23332420623129835
2023-10-19,124.4,125.2,124.4,124.85,8052218.0,1.0,0.23332420623129835
2023-10-20,124.75,125.45,123.9,125.4,4697636.0,1.0,0.23332420623129835
2023-10-23,124.85,124.85,123.55,123.85,8728531.0,1.0,0.23332420623129835
2023-10-24,123.8,123.95,122.7,123.95,7671925.0,1.0,0.23332420623129835
2023-10-25,124.2,124.9,124.2,124.2,4229277.0,1.0,0.23332420623129835
2023-10-26,121.85,122.4,121.6,121.75,24072723.0,1.0,0.23332420623129835
2023-10-27,122.15,122.75,122.1,122.3,4413646.0,1.0,0.23332420623129835
2023-10-30,122.4,122.85,121.75,122.0,9793200.0,1.0,0.23332420623129835
2023-10-31,122.4,122.45,121.1,121.15,11952747.0,1.0,0.23332420623129835
2023-11-01,122.0,122.15,121.25,121.75,4851033.0,1.0,0.23332420623129835
2023-11-02,123.15,124.5,123.15,124.5,10198429.0,1.0,0.23332420623129835
2023-11-03,125.0,125.6,124.7,125.45,9126443.0,1.0,0.23332420623129835
2023-11-06,126.55,127.2,126.35,126.55,16723502.0,1.0,0.23332420623129835
2023-11-07,126.5,126.8,126.1,126.5,6787466.0,1.0,0.23332420623129835
2023-11-08,126.65,127.45,126.5,127.2,11598430.0,1.0,0.23332420623129835
2023-11-09,126.9,127.4,126.65,127.25,6557452.0,1.0,0.23332420623129835
2023-11-10,126.7,126.85,126.4,126.75,4553684.0,1.0,0.23332420623129835
2023-11-13,129.25,129.6,128.5,128.7,26195241.0,1.0,0.23332420623129835
2023-11-14,129.2,129.6,128.95,129.0,20924489.0,1.0,0.23332420623129835
2023-11-15,130.9,131.0,130.05,130.55,23631311.0,1.0,0.23332420623129835
2023-11-16,130.8,131.2,130.3,130.6,18984999.0,1.0,0.23332420623129835
2023-11-17,130.6,131.5,130.55,131.0,27988384.0,1.0,0.23332420623129835
2023-11-20,131.05,131.05,130.45,130.95,8981513.0,1.0,0.23332420623129835
2023-11-21,131.45,132.7,131.45,132.55,29656930.0,1.0,0.23332420623129835
2023-11-22,131.25,131.8,131.15,131.35,6466066.0,1.0,0.23332420623129835
2023-11-23,131.35,131.45,130.75,131.3,6536128.0,1.0,0.23332420623129835
2023-11-24,131.3,131.65,131.05,131.2,13467831.0,1.0,0.23332420623129835
2023-11-27,131.2,131.85,130.1,130.35,9897650.0,1.0,0.23332420623129835
2023-11-28,130.4,131.8,130.3,131.25,9871026.0,1.0,0.23332420623129835
2023-11-29,131.3,132.2,131.05,131.15,6856869.0,1.0,0.23332420623129835
2023-11-30,131.3,131.5,130.65,131.35,11141866.0,1.0,0.23332420623129835
2023-12-01,131.0,131.8,130.8,131.8,5597363.0,1.0,0.23332420623129835
2023-12-04,131.8,132.0,130.9,131.3,4696605.0,1.0,0.23332420623129835
2023-12-05,130.6,130.6,129.9,130.35,5239029.0,1.0,0.23332420623129835
2023-12-06,130.4,131.4,130.4,130.8,7348212.0,1.0,0.23332420623129835
2023-12-07,130.6,130.65,130.0,130.0,3015451.0,1.0,0.23332420623129835
2023-12-08,131.15,131.6,130.9,131.05,13264049.0,1.0,0.23332420623129835
2023-12-11,131.05,131.35,130.65,131.2,3510751.0,1.0,0.23332420623129835
2023-12-12,131.9,132.05,131.35,131.5,5725775.0,1.0,0.23332420623129835
2023-12-13,131.6,131.8,131.4,131.55,3169648.0,1.0,0.23332420623129835
2023-12-14,132.65,133.45,132.5,133.15,32957343.0,1.0,0.23332420623129835
2023-12-15,133.65,134.2,133.65,133.7,18914190.0,1.0,0.23332420623129835
2023-12-18,133.65,133.9,132.6,133.9,7066751.0,1.0,0.23332420623129835
2023-12-19,133.8,133.8,132.75,133.4,5870488.0,1.0,0.23332420623129835
2023-12-20,133.55,133.85,133.4,133.75,6963954.0,1.0,0.23332420623129835
2023-12-21,132.2,132.7,132.05,132.6,5619016.0,1.0,0.23332420623129835
2023-12-22,132.6,133.1,132.6,132.95,6358269.0,1.0,0.23332420623129835
2023-12-25,133.0,133.8,132.95,133.5,8406012.0,1.0,0.23332420623129835
2023-12-26,133.5,134.4,133.5,134.25,17326648.0,1.0,0.23332420623129835
2023-12-27,134.4,135.9,134.35,135.75,30857192.0,1.0,0.23332420623129835
2023-12-28,135.75,136.0,135.45,135.75,15353146.0,1.0,0.23332420623129835
2023-12-29,135.7,136.0,135.35,135.45,13407035.0,1.0,0.23332420623129835
2024-01-02,135.6,135.95,134.65,134.9,6283610.0,1.0,0.23332420623129835
2024-01-03,133.7,133.9,132.3,132.55,14783894.0,1.0,0.23332420623129835
2024-01-04,132.55,132.75,132.3,132.5,4838660.0,1.0,0.23332420623129835
2024-01-05,132.55,132.95,132.1,132.15,4566320.0,1.0,0.23332420623129835
2024-01-08,133.0,133.6,132.75,132.75,9657556.0,1.0,0.23332420623129835
2024-01-09,133.85,133.95,132.75,133.0,5906880.0,1.0,0.23332420623129835
2024-01-10,132.4,132.65,132.0,132.3,7249096.0,1.0,0.23332420623129835
2024-01-11,132.45,133.25,132.35,132.85,5852556.0,1.0,0.23332420623129835
2024-01-12,132.2,133.05,131.95,132.65,6877839.0,1.0,0.23332420623129835
2024-01-15,133.3,133.55,132.65,133.0,12566534.0,1.0,0.23332420623129835
2024-01-16,132.05,132.3,131.1,131.65,23016099.0,1.0,0.23332420623129835
2024-01-17,130.0,130.0,127.3,127.45,39219163.0,0.9772123053551083,0.23876511271162398
2024-01-18,127.9,128.55,127.9,128.3,7535303.0,1.0,0.23876511271162398
2024-01-19,131.7,133.1,131.1,132.9,26897126.0,1.0,0.23876511271162398
2024-01-22,133.8,134.35,133.35,133.8,13443533.0,1.0,0.23876511271162398
2024-01-23,133.9,134.25,133.5,134.05,7339835.0,1.0,0.23876511271162398
2024-01-24,134.15,134.4,133.95,134.0,14554385.0,1.0,0.23876511271162398
2024-01-25,135.05,135.7,134.9,135.65,27224110.0,1.0,0.23876511271162398
2024-01-26,135.65,135.95,135.3,135.65,16456940.0,1.0,0.23876511271162398
2024-01-29,135.65,136.65,135.6,136.5,27291722.0,1.0,0.23876511271162398
2024-01-30,136.35,136.65,136.05,136.15,9944399.0,1.0,0.23876511271162398
2024-01-31,135.25,135.3,134.35,134.35,7320760.0,1.0,0.23876511271162398
2024-02-01,134.35,134.5,133.6,134.35,8812920.0,1.0,0.23876511271162398
2024-02-02,135.0,135.2,134.65,135.1,9178958.0,1.0,0.23876511271162398
2024-02-05,135.1,136.2,135.0,135.95,17961425.0,1.0,0.23876511271162398
2024-02-15,142.2,142.7,141.4,142.35,44444918.0,1.0,0.23876511271162398
2024-02-16,142.35,142.35,141.2,141.3,18273199.0,1.0,0.23876511271162398
2024-02-19,141.0,141.25,140.6,141.1,9632521.0,1.0,0.23876511271162398
2024-02-20,140.55,142.0,140.4,141.65,13875231.0,1.0,0.23876511271162398
2024-02-21,141.4,141.5,141.05,141.2,12860271.0,1.0,0.23876511271162398
2024-02-22,142.95,143.05,141.85,142.8,13160126.0,1.0,0.23876511271162398
2024-02-23,143.45,144.1,143.3,143.75,19974323.0,1.0,0.23876511271162398
2024-02-26,143.7,144.0,143.0,143.95,10368883.0,1.0,0.23876511271162398
2024-02-27,143.95,144.2,142.65,143.35,6507934.0,1.0,0.23876511271162398
2024-02-29,143.0,143.95,142.7,143.3,7372502.0,1.0,0.23876511271162398
2024-03-01,143.55,143.95,142.8,142.8,9019098.0,1.0,0.23876511271162398
2024-03-04,145.0,147.2,144.85,146.95,25733539.0,1.0,0.23876511271162398
2024-03-05,147.75,148.55,147.35,148.15,17270419.0,1.0,0.23876511271162398
2024-03-06,147.0,149.05,146.4,148.85,17232812.0,1.0,0.23876511271162398
2024-03-07,151.0,153.0,150.75,152.3,31117921.0,1.0,0.23876511271162398
2024-03-08,155.6,156.45,153.0,154.45,30512569.0,1.0,0.23876511271162398
2024-03-11,153.85,154.2,152.55,152.9,13908138.0,1.0,0.23876511271162398
2024-03-12,152.2,154.6,152.1,154.5,15457256.0,1.0,0.23876511271162398
2024-03-13,155.55,156.15,154.95,155.25,13431850.0,1.0,0.23876511271162398
2024-03-14,154.9,155.8,154.3,155.1,8777345.0,1.0,0.23876511271162398
2024-03-15,154.3,154.75,153.0,153.0,9218845.0,1.0,0.23876511271162398
2024-03-18,153.0,154.5,153.0,154.4,18434059.0,1.0,0.23876511271162398
2024-03-19,153.4,154.55,153.0,154.05,8872114.0,1.0,0.23876511271162398
2024-03-20,154.2,155.3,153.0,153.2,10441824.0,1.0,0.23876511271162398
2024-03-21,155.55,157.7,155.55,157.4,21131978.0,1.0,0.23876511271162398
2024-03-22,157.5,158.25,156.5,157.2,7163593.0,1.0,0.23876511271162398
2024-03-25,157.2,158.0,156.95,157.5,9052498.0,1.0,0.23876511271162398
2024-03-26,158.3,159.2,156.4,157.6,7011591.0,1.0,0.23876511271162398
2024-03-27,157.4,157.85,156.9,157.65,4644158.0,1.0,0.23876511271162398
2024-03-28,157.3,157.3,155.9,156.9,3438375.0,1.0,0.23876511271162398
2024-03-29,156.9,158.4,156.9,157.9,8255237.0,1.0,0.23876511271162398
2024-04-01,158.2,158.75,157.25,157.4,5727780.0,1.0,0.23876511271162398
2024-04-02,158.45,159.65,158.4,159.65,7924481.0,1.0,0.23876511271162398
2024-04-03,158.65,158.9,157.8,158.55,5042947.0,1.0,0.23876511271162398
2024-04-08,158.65,159.85,158.55,159.45,6124837.0,1.0,0.23876511271162398
2024-04-09,160.0,163.35,159.9,163.25,9043462.0,1.0,0.23876511271162398
2024-04-10,162.75,163.3,162.45,163.0,5731265.0,1.0,0.23876511271162398
2024-04-11,162.05,162.5,161.65,162.5,4677727.0,1.0,0.23876511271162398
2024-04-12,162.6,162.8,161.95,162.1,6129174.0,1.0,0.23876511271162398
2024-04-15,160.25,160.55,159.6,160.0,8727145.0,1.0,0.23876511271162398
2024-04-16,158.3,158.3,154.75,155.65,18674686.0,1.0,0.23876511271162398
2024-04-17,155.95,157.7,155.9,157.4,8077871.0,1.0,0.23876511271162398
2024-04-18,156.35,158.95,155.8,158.95,6903163.0,1.0,0.23876511271162398
2024-04-19,154.1,154.15,149.5,150.9,33785973.0,1.0,0.23876511271162398
2024-04-22,150.4,151.75,149.7,150.45,9992734.0,1.0,0.23876511271162398
2024-04-23,152.15,152.45,151.3,151.9,5718650.0,1.0,0.23876511271162398
2024-04-24,154.0,156.5,154.0,156.35,8082060.0,1.0,0.23876511271162398
2024-04-25,154.1,154.45,153.25,153.5,5279800.0,1.0,0.23876511271162398
2024-04-26,156.0,156.8,155.5,156.0,6054296.0,1.0,0.23876511271162398
2024-04-29,157.3,159.1,157.3,158.8,8135962.0,1.0,0.23876511271162398
2024-04-30,158.6,159.35,158.25,158.25,4792141.0,1.0,0.23876511271162398
2024-05-02,157.35,157.35,156.0,156.15,6666498.0,1.0,0.23876511271162398
2024-05-03,158.55,158.65,156.45,156.95,5935465.0,1.0,0.23876511271162398
2024-05-06,159.0,160.15,159.0,159.2,9032607.0,1.0,0.23876511271162398
2024-05-07,160.25,160.55,159.5,160.1,6699483.0,1.0,0.23876511271162398
2024-05-08,160.0,160.8,159.65,160.7,6345930.0,1.0,0.23876511271162398
2024-05-09,160.75,161.25,160.4,160.5,5285856.0,1.0,0.23876511271162398
2024-05-10,161.25,162.1,160.55,161.65,10192376.0,1.0,0.23876511271162398
2024-05-13,163.35,163.9,162.95,163.3,9642900.0,1.0,0.23876511271162398
2024-05-14,163.2,164.45,162.7,164.4,8291028.0,1.0,0.23876511271162398
2024-05-15,165.6,167.85,165.5,166.65,15243403.0,1.0,0.23876511271162398
2024-05-16,168.95,169.75,167.1,167.45,12586120.0,1.0,0.23876511271162398
2024-05-17,167.55,167.7,166.7,167.25,5039743.0,1.0,0.23876511271162398
2024-05-20,167.25,167.4,165.3,167.2,7278652.0,1.0,0.23876511271162398
2024-05-21,166.4,167.15,165.85,167.0,4588315.0,1.0,0.23876511271162398
2024-05-22,167.2,170.0,167.2,170.0,6928097.0,1.0,0.23876511271162398
2024-05-23,170.3,171.45,170.0,171.3,6656188.0,1.0,0.23876511271162398
2024-05-24,169.3,170.8,169.3,170.6,3877932.0,1.0,0.23876511271162398
2024-05-27,171.75,173.4,171.75,172.95,6149922.0,1.0,0.23876511271162398
2024-05-28,172.95,173.4,172.5,173.2,5835433.0,1.0,0.23876511271162398
2024-05-29,172.45,172.5,170.55,170.85,7402741.0,1.0,0.23876511271162398
2024-05-30,168.0,169.0,167.7,167.9,10376879.0,1.0,0.23876511271162398
2024-05-31,168.25,168.9,166.0,166.0,9114336.0,1.0,0.23876511271162398
2024-06-03,168.65,169.75,167.3,169.55,9475689.0,1.0,0.23876511271162398
2024-06-04,168.75,168.75,166.5,166.85,8753452.0,1.0,0.23876511271162398
2024-06-05,167.4,168.8,166.15,168.45,4935163.0,1.0,0.23876511271162398
2024-06-06,172.75,174.6,172.65,174.2,18069198.0,1.0,0.23876511271162398
2024-06-07,173.3,173.4,172.4,172.85,7113014.0,1.0,0.23876511271162398
2024-06-11,173.15,174.25,172.9,173.3,11261872.0,1.0,0.23876511271162398
2024-06-12,173.3,176.45,173.3,176.4,8173366.0,1.0,0.23876511271162398
2024-06-13,178.9,180.5,177.8,178.95,16739748.0,1.0,0.23876511271162398
2024-06-14,178.95,180.0,177.8,180.0,6902361.0,1.0,0.23876511271162398
2024-06-17,179.2,180.45,178.8,180.0,8638429.0,1.0,0.23876511271162398
2024-06-18,182.5,183.05,182.0,183.0,7029339.0,1.0,0.23876511271162398
2024-06-19,184.75,188.9,184.75,187.95,26118499.0,1.0,0.23876511271162398
2024-06-20,187.95,189.75,187.8,189.75,11887892.0,1.0,0.23876511271162398
2024-06-21,187.1,189.2,186.95,188.6,10830757.0,1.0,0.23876511271162398
2024-06-24,186.5,186.5,183.55,184.0,14671365.0,1.0,0.23876511271162398
2024-06-25,181.95,183.9,180.8,183.9,13774562.0,1.0,0.23876511271162398
2024-06-26,184.95,186.1,184.25,185.35,9269483.0,1.0,0.23876511271162398
2024-06-27,183.6,185.3,183.4,185.3,6508242.0,1.0,0.23876511271162398
2024-06-28,185.3,187.4,184.65,186.45,4455951.0,1.0,0.23876511271162398
2024-07-01,186.55,188.05,186.25,186.6,7681395.0,1.0,0.23876511271162398
2024-07-02,185.95,186.75,184.5,185.35,5882791.0,1.0,0.23876511271162398
2024-07-03,187.6,187.6,186.4,187.6,6787428.0,1.0,0.23876511271162398
2024-07-04,190.6,192.65,190.6,192.5,13513209.0,1.0,0.23876511271162398
2024-07-05,192.6,192.85,191.55,191.8,10250583.0,1.0,0.23876511271162398
2024-07-08,191.9,198.5,191.85,197.85,17999450.0,1.0,0.23876511271162398
2024-07-09,197.45,200.05,195.45,197.65,16177507.0,1.0,0.23876511271162398
2024-07-10,196.95,198.4,195.0,198.35,7807965.0,1.0,0.23876511271162398
2024-07-11,200.65,202.8,200.0,202.75,10435774.0,1.0,0.23876511271162398
2024-07-12,198.2,198.35,196.0,196.35,16267539.0,1.0,0.23876511271162398
2024-07-15,197.65,198.1,196.1,196.7,10323853.0,1.0,0.23876511271162398
2024-07-16,196.55,199.0,196.0,196.85,13731487.0,0.9949161159125572,0.2399851694960472
2024-07-17,196.4,196.5,193.6,194.1,15694924.0,1.0,0.2399851694960472
2024-07-18,188.6,190.9,188.2,190.6,19796818.0,1.0,0.2399851694960472
2024-07-19,188.75,189.0,186.2,186.25,18436231.0,1.0,0.2399851694960472
2024-07-22,185.4,185.4,180.05,180.7,23474914.0,1.0,0.2399851694960472
2024-07-23,183.7,186.3,183.7,186.3,13180830.0,1.0,0.2399851694960472
2024-07-26,178.05,179.45,177.1,179.0,29164975.0,1.0,0.2399851694960472
2024-07-29,181.8,182.0,179.95,180.6,10574343.0,1.0,0.2399851694960472
2024-07-30,179.25,181.3,177.5,180.6,14007149.0,1.0,0.2399851694960472
2024-07-31,178.85,181.15,178.6,180.85,9530148.0,1.0,0.2399851694960472
2024-08-01,185.0,185.1,182.7,184.0,14525195.0,1.0,0.2399851694960472
2024-08-02,178.15,178.9,174.7,174.7,32816025.0,1.0,0.2399851694960472
2024-08-05,166.65,166.65,158.4,158.75,61002329.0,1.0,0.2399851694960472
2024-08-06,167.3,170.4,160.8,167.5,65342352.0,1.0,0.2399851694960472
2024-08-07,169.85,174.75,169.0,174.15,32751044.0,1.0,0.2399851694960472
2024-08-08,171.05,172.4,169.0,170.55,26852782.0,1.0,0.2399851694960472
2024-08-09,175.0,176.9,174.5,175.85,24121860.0,1.0,0.2399851694960472
2024-08-12,177.25,179.8,177.25,178.05,18188036.0,1.0,0.2399851694960472
2024-08-13,179.3,179.5,178.0,178.5,11257895.0,1.0,0.2399851694960472
2024-08-14,180.35,181.85,179.95,180.75,19282599.0,1.0,0.2399851694960472
2024-08-15,180.6,181.0,179.05,179.35,12003834.0,1.0,0.2399851694960472
2024-08-16,183.0,183.65,182.35,183.4,13980972.0,1.0,0.2399851694960472
2024-08-19,183.5,184.7,183.15,183.65,9763635.0,1.0,0.2399851694960472
2024-08-20,184.6,185.2,183.7,183.75,11135615.0,1.0,0.2399851694960472
2024-08-21,183.0,183.05,181.45,181.8,12259979.0,1.0,0.2399851694960472
2024-08-22,182.1,182.6,180.35,180.85,5716778.0,1.0,0.2399851694960472
2024-08-23,179.0,181.35,178.9,180.95,8316460.0,1.0,0.2399851694960472
2024-08-26,182.4,183.4,180.8,181.25,11798725.0,1.0,0.2399851694960472
2024-08-27,180.4,180.9,179.75,180.45,5626648.0,1.0,0.2399851694960472
2024-08-28,180.5,183.0,179.85,183.0,5848299.0,1.0,0.2399851694960472
2024-08-29,179.5,181.15,179.15,180.5,11314146.0,1.0,0.2399851694960472
2024-08-30,180.95,182.05,180.65,181.35,8281952.0,1.0,0.2399851694960472
2024-09-02,181.9,182.45,180.5,180.85,8406621.0,1.0,0.2399851694960472
2024-09-03,181.0,181.5,179.7,180.05,9951882.0,1.0,0.2399851694960472
2024-09-04,171.0,173.8,170.0,171.25,34040370.0,1.0,0.2399851694960472
2024-09-05,172.85,174.65,171.75,172.3,9617832.0,1.0,0.2399851694960472
2024-09-06,173.0,174.9,171.85,174.75,8941475.0,1.0,0.2399851694960472
2024-09-09,170.4,172.1,170.3,172.05,16353482.0,1.0,0.2399851694960472
2024-09-10,173.4,173.4,171.15,172.35,9866281.0,1.0,0.2399851694960472
2024-09-11,172.35,172.5,171.5,171.85,5427964.0,1.0,0.2399851694960472
2024-09-12,176.1,178.65,176.1,178.3,16337565.0,1.0,0.2399851694960472
2024-09-13,179.0,179.35,177.85,178.4,4775976.0,1.0,0.2399851694960472
2024-09-16,178.6,179.2,178.3,178.75,6206362.0,1.0,0.2399851694960472
2024-09-18,178.5,179.1,176.55,177.85,9649985.0,1.0,0.2399851694960472
2024-09-19,178.0,180.2,177.0,180.15,8553792.0,1.0,0.2399851694960472
2024-09-20,183.1,184.1,182.45,182.45,14311332.0,1.0,0.2399851694960472
2024-09-23,182.55,183.65,182.55,183.25,8294604.0,1.0,0.2399851694960472
2024-09-24,183.2,185.0,182.1,185.0,10476465.0,1.0,0.2399851694960472
2024-09-25,187.7,188.0,187.35,187.75,12464313.0,1.0,0.2399851694960472
2024-09-26,189.6,190.0,188.75,189.3,17369543.0,1.0,0.2399851694960472
2024-09-27,190.2,191.25,188.6,188.9,11999510.0,1.0,0.2399851694960472
2024-09-30,186.55,187.2,183.95,183.95,14461065.0,1.0,0.2399851694960472
2024-10-01,183.9,184.6,183.35,183.6,9883064.0,1.0,0.2399851694960472
2024-10-04,184.0,185.3,183.0,183.6,9244059.0,1.0,0.2399851694960472
2024-10-07,185.8,188.2,185.8,188.15,13993911.0,1.0,0.2399851694960472
2024-10-08,186.95,187.35,185.5,187.25,9953432.0,1.0,0.2399851694960472
2024-10-09,189.0,190.2,189.0,189.0,11860866.0,1.0,0.2399851694960472
2024-10-11,189.05,192.8,189.05,192.15,13197709.0,1.0,0.2399851694960472
2024-10-14,192.1,192.9,190.95,192.3,10725917.0,1.0,0.2399851694960472
2024-10-15,193.0,196.6,193.0,196.4,15738243.0,1.0,0.2399851694960472
2024-10-16,192.45,195.3,191.65,193.0,18604770.0,1.0,0.2399851694960472
2024-10-17,194.0,194.1,191.9,193.3,9936801.0,1.0,0.2399851694960472
2024-10-18,199.3,200.2,197.25,198.1,33596096.0,1.0,0.2399851694960472
2024-10-21,199.05,199.95,198.0,198.05,13716495.0,1.0,0.2399851694960472
2024-10-22,197.2,197.3,195.35,197.3,8995727.0,1.0,0.2399851694960472
2024-10-23,196.7,196.9,195.65,196.0,10050673.0,1.0,0.2399851694960472
2024-10-24,196.0,196.7,194.5,194.8,8642395.0,1.0,0.2399851694960472
2024-10-25,195.0,196.55,195.0,196.4,12961246.0,1.0,0.2399851694960472
2024-10-28,197.9,198.15,194.95,196.05,11929580.0,1.0,0.2399851694960472
2024-10-29,193.25,193.25,190.2,191.5,26008937.0,1.0,0.2399851694960472
2024-10-30,192.95,194.05,191.5,191.8,14531256.0,1.0,0.2399851694960472
2024-11-01,186.15,190.55,185.95,190.5,21072030.0,1.0,0.2399851694960472
2024-11-04,191.05,193.2,190.8,192.95,7681874.0,1.0,0.2399851694960472
2024-11-05,191.55,194.7,191.4,193.65,10565332.0,1.0,0.2399851694960472
2024-11-06,194.05,198.05,193.5,195.2,17354391.0,1.0,0.2399851694960472
2024-11-07,194.9,198.05,194.5,197.45,13976813.0,1.0,0.2399851694960472
2024-11-08,199.4,200.0,198.7,199.0,13571143.0,1.0,0.2399851694960472
2024-11-11,198.85,199.1,196.8,199.1,12949097.0,1.0,0.2399851694960472
2024-11-12,195.2,195.85,194.0,194.0,28057434.0,1.0,0.2399851694960472
2024-11-13,193.85,194.0,192.5,192.75,9953901.0,1.0,0.2399851694960472
2024-11-14,192.3,192.5,190.1,191.0,13318035.0,1.0,0.2399851694960472
2024-11-15,192.05,192.85,190.85,192.35,7809314.0,1.0,0.2399851694960472
2024-11-18,191.45,191.7,189.6,189.65,14637016.0,1.0,0.2399851694960472
2024-11-19,190.7,192.95,190.2,192.25,7932841.0,1.0,0.2399851694960472
2024-11-20,192.8,193.35,190.75,191.45,12509186.0,1.0,0.2399851694960472
2024-11-21,190.0,190.15,188.6,189.35,17071862.0,1.0,0.2399851694960472
2024-11-22,191.1,193.2,191.1,193.05,8291408.0,1.0,0.2399851694960472
2024-11-25,194.7,194.75,192.25,192.35,8215118.0,1.0,0.2399851694960472
2024-11-26,190.1,190.3,188.8,189.85,12427002.0,1.0,0.2399851694960472
2024-11-27,189.15,189.45,187.0,187.1,15890418.0,1.0,0.2399851694960472
2024-11-28,187.0,187.1,185.45,186.8,14338446.0,1.0,0.2399851694960472
2024-11-29,184.95,188.0,184.5,187.25,8696529.0,1.0,0.2399851694960472
2024-12-02,188.5,191.7,188.5,191.7,11039116.0,1.0,0.2399851694960472
2024-12-03,194.3,194.85,193.75,194.3,10613810.0,1.0,0.2399851694960472
2024-12-04,194.7,195.45,194.05,195.45,6981025.0,1.0,0.2399851694960472
2024-12-05,195.75,196.6,195.65,196.5,8091796.0,1.0,0.2399851694960472
2024-12-06,196.5,196.7,195.0,195.75,7203008.0,1.0,0.2399851694960472
2024-12-09,196.15,196.25,195.7,196.0,4897438.0,1.0,0.2399851694960472
2024-12-10,195.75,196.45,194.55,194.6,4950048.0,1.0,0.2399851694960472
2024-12-11,193.0,194.25,192.6,192.9,7388704.0,1.0,0.2399851694960472
2024-12-12,194.9,195.75,194.45,195.15,5328062.0,1.0,0.2399851694960472
2024-12-13,194.65,195.6,194.1,195.3,4804284.0,1.0,0.2399851694960472
2024-12-16,197.0,197.65,195.75,196.1,7781281.0,1.0,0.2399851694960472
2024-12-17,197.1,198.05,196.75,197.1,9712168.0,1.0,0.2399851694960472
2024-12-18,196.8,197.85,195.6,197.1,6885343.0,1.0,0.2399851694960472
2024-12-19,194.35,194.8,193.55,194.4,14093163.0,1.0,0.2399851694960472
2024-12-20,193.75,193.75,192.0,192.6,12318276.0,1.0,0.2399851694960472
2024-12-23,194.7,197.3,194.5,197.25,11989317.0,1.0,0.2399851694960472
2024-12-24,198.5,199.1,197.5,197.8,8651119.0,1.0,0.2399851694960472
2024-12-25,198.5,198.5,197.45,198.4,6345182.0,1.0,0.2399851694960472
2024-12-26,198.4,198.5,198.0,198.25,5000930.0,1.0,0.2399851694960472
2024-12-27,197.6,199.05,197.3,198.9,7419893.0,1.0,0.2399851694960472
2024-12-30,198.15,198.65,197.65,197.8,8999312.0,1.0,0.2399851694960472
2024-12-31,196.7,196.9,195.6,195.75,8290222.0,1.0,0.2399851694960472
2025-01-02,195.65,195.65,193.25,194.05,14166530.0,1.0,0.2399851694960472
2025-01-03,196.0,196.95,195.2,196.0,7453437.0,1.0,0.2399851694960472
2025-01-06,198.65,202.3,198.6,202.15,26355410.0,1.0,0.2399851694960472
2025-01-07,204.95,206.0,204.25,204.4,16788119.0,1.0,0.2399851694960472
2025-01-08,202.65,203.35,201.05,201.35,12435236.0,1.0,0.2399851694960472
2025-01-09,200.2,201.15,199.0,199.05,9097699.0,1.0,0.2399851694960472
2025-01-10,199.0,199.55,198.0,199.0,9049013.0,1.0,0.2399851694960472
2025-01-13,199.0,199.0,194.1,194.4,23384365.0,1.0,0.2399851694960472
2025-01-14,194.7,195.9,194.05,195.6,11499417.0,1.0,0.2399851694960472
2025-01-15,196.0,196.0,193.75,194.1,18681935.0,1.0,0.2399851694960472
2025-01-16,197.9,199.5,197.4,198.05,16107492.0,1.0,0.2399851694960472
2025-01-17,197.0,197.35,194.4,196.3,15650604.0,0.9863670790204494,0.24330208763087866
2025-01-20,197.15,198.65,197.15,198.3,7861450.0,1.0,0.24330208763087866
2025-01-21,197.3,199.2,196.7,198.7,11024727.0,1.0,0.24330208763087866
2025-01-22,200.3,201.7,200.3,201.3,13730665.0,1.0,0.24330208763087866
2025-02-03,192.3,193.0,190.65,192.7,64929799.0,1.0,0.24330208763087866
2025-02-04,193.65,194.55,193.05,193.85,20895891.0,1.0,0.24330208763087866
2025-02-05,195.75,197.8,195.75,196.8,16043648.0,1.0,0.24330208763087866
2025-02-06,198.0,198.4,197.1,197.65,11822167.0,1.0,0.24330208763087866
2025-02-07,197.65,198.6,197.1,198.55,6126992.0,1.0,0.24330208763087866
2025-02-10,198.2,198.2,196.1,196.3,18366301.0,1.0,0.24330208763087866
2025-02-11,197.5,198.5,197.0,197.5,5419925.0,1.0,0.24330208763087866
2025-02-12,198.0,198.65,197.0,197.2,7415810.0,1.0,0.24330208763087866
2025-02-13,197.3,197.4,195.55,196.35,15306893.0,1.0,0.24330208763087866
2025-02-14,195.15,195.15,193.5,194.0,26452171.0,1.0,0.24330208763087866
2025-02-17,194.75,196.95,194.75,196.95,12309880.0,1.0,0.24330208763087866
2025-02-18,197.9,197.9,196.6,197.65,8791794.0,1.0,0.24330208763087866
2025-02-19,197.65,197.9,197.0,197.3,12820440.0,1.0,0.24330208763087866
2025-02-20,196.95,196.95,195.1,196.55,15504294.0,1.0,0.24330208763087866
2025-02-21,196.5,197.95,195.9,197.95,9097283.0,1.0,0.24330208763087866
2025-02-24,196.15,196.4,195.5,196.2,14227193.0,1.0,0.24330208763087866
2025-02-25,194.0,194.05,192.6,193.65,31389673.0,1.0,0.24330208763087866
2025-02-26,192.9,194.7,191.9,194.7,19951637.0,1.0,0.24330208763087866
2025-02-27,194.95,194.95,192.35,192.5,22169864.0,1.0,0.24330208763087866
2025-03-03,188.8,189.0,186.8,188.05,65048097.0,1.0,0.24330208763087866
2025-03-04,185.0,187.25,184.65,186.8,33496023.0,1.0,0.24330208763087866
2025-03-05,188.0,189.5,188.0,189.25,14197516.0,1.0,0.24330208763087866
2025-03-06,189.35,189.35,187.35,188.1,16564779.0,1.0,0.24330208763087866
2025-03-07,186.8,187.0,185.8,186.35,20206452.0,1.0,0.24330208763087866
2025-03-10,186.35,186.35,184.35,185.25,22718416.0,1.0,0.24330208763087866
2025-03-11,180.75,182.1,179.1,182.0,39156166.0,1.0,0.24330208763087866
2025-03-12,182.1,184.4,181.6,182.8,14291157.0,1.0,0.24330208763087866
2025-03-13,185.2,185.85,181.05,181.1,15273148.0,1.0,0.24330208763087866
2025-03-14,181.1,181.15,179.55,180.5,14434475.0,1.0,0.24330208763087866
2025-03-17,182.55,183.5,181.6,182.05,12068530.0,1.0,0.24330208763087866
2025-03-18,183.1,183.85,182.35,182.8,8548696.0,1.0,0.24330208763087866
2025-03-19,182.6,182.65,180.1,180.55,13887518.0,1.0,0.24330208763087866
2025-03-20,182.45,184.45,182.45,184.45,8174843.0,1.0,0.24330208763087866
2025-03-21,184.0,184.0,182.5,182.95,8012408.0,1.0,0.24330208763087866
2025-03-24,184.4,184.4,182.3,182.75,7931135.0,1.0,0.24330208763087866
2025-03-25,184.65,185.5,184.0,184.65,8367367.0,1.0,0.24330208763087866
2025-03-26,185.2,185.4,183.85,184.5,7266932.0,1.0,0.24330208763087866
2025-03-27,181.5,181.6,180.45,181.0,20131926.0,1.0,0.24330208763087866
2025-03-28,179.15,179.3,178.0,179.2,23684306.0,1.0,0.24330208763087866
2025-03-31,173.6,174.25,172.2,172.75,43779527.0,1.0,0.24330208763087866
2025-04-01,173.6,176.55,173.6,176.3,13028846.0,1.0,0.24330208763087866
2025-04-02,176.85,177.35,176.0,176.0,11506862.0,1.0,0.24330208763087866
2025-04-07,158.4,158.4,158.4,158.4,29578872.0,1.0,0.24330208763087866
2025-04-08,151.2,157.45,150.55,153.25,88850426.0,1.0,0.24330208763087866
2025-04-09,152.5,154.15,145.0,146.2,83829139.0,1.0,0.24330208763087866
2025-04-10,160.8,160.8,160.8,160.8,6081831.0,1.0,0.24330208763087866
2025-04-11,157.25,164.55,155.35,164.55,51081199.0,1.0,0.24330208763087866
2025-04-14,168.5,168.7,163.5,163.7,47341078.0,1.0,0.24330208763087866
2025-04-15,164.05,165.5,163.3,165.35,19827286.0,1.0,0.24330208763087866
2025-04-16,163.8,163.8,161.4,162.35,27131302.0,1.0,0.24330208763087866
2025-04-17,161.3,161.3,159.45,160.55,20055649.0,1.0,0.24330208763087866
2025-04-18,161.4,161.8,160.6,160.9,11985828.0,1.0,0.24330208763087866
2025-04-21,160.75,160.75,158.5,158.6,17835479.0,1.0,0.24330208763087866
2025-04-22,157.55,157.9,155.95,155.95,21039511.0,1.0,0.24330208763087866
2025-04-23,160.3,163.1,160.3,162.85,16545775.0,1.0,0.24330208763087866
2025-04-24,163.9,164.05,161.3,161.9,14351450.0,1.0,0.24330208763087866
2025-04-25,166.2,166.95,165.5,165.75,18651089.0,1.0,0.24330208763087866
2025-04-28,166.8,167.5,166.8,167.15,12807837.0,1.0,0.24330208763087866
2025-04-29,167.15,168.0,166.5,167.8,11555125.0,1.0,0.24330208763087866
2025-04-30,167.85,169.0,167.5,168.6,10178792.0,1.0,0.24330208763087866
2025-05-02,172.0,173.5,171.5,173.5,15243499.0,1.0,0.24330208763087866
2025-05-05,174.6,174.6,169.9,171.95,33624386.0,1.0,0.24330208763087866
2025-05-06,169.95,172.1,169.35,171.0,29982445.0,1.0,0.24330208763087866
2025-05-07,171.8,172.5,169.95,170.35,13869395.0,1.0,0.24330208763087866
2025-05-08,172.05,173.2,171.6,172.6,10291384.0,1.0,0.24330208763087866
2025-05-09,172.7,174.95,172.35,174.75,13675596.0,1.0,0.24330208763087866
2025-05-12,175.5,177.0,175.5,176.7,14200267.0,1.0,0.24330208763087866
2025-05-13,180.85,181.1,178.85,178.85,21040721.0,1.0,0.24330208763087866
2025-05-14,181.85,182.9,181.35,182.9,23824282.0,1.0,0.24330208763087866
2025-05-15,182.9,182.9,182.0,182.5,12236511.0,1.0,0.24330208763087866
2025-05-16,182.25,183.2,181.7,183.0,10104457.0,1.0,0.24330208763087866
2025-05-19,182.65,182.65,180.35,180.45,10637473.0,1.0,0.24330208763087866
2025-05-20,181.85,182.4,180.5,180.8,5829657.0,1.0,0.24330208763087866
2025-05-21,180.9,183.85,180.9,183.6,14373334.0,1.0,0.24330208763087866
2025-05-22,182.05,182.05,180.6,181.6,9075501.0,1.0,0.24330208763087866
2025-05-23,182.75,182.8,180.2,180.85,7223824.0,1.0,0.24330208763087866
2025-05-26,180.65,181.5,180.3,180.65,14332324.0,1.0,0.24330208763087866
2025-05-27,180.65,180.65,178.0,179.05,13688341.0,1.0,0.24330208763087866
2025-05-28,180.9,181.35,178.3,179.35,8703534.0,1.0,0.24330208763087866
2025-05-29,181.5,181.7,179.3,179.75,9749184.0,1.0,0.24330208763087866
2025-06-02,178.0,178.05,175.25,175.9,21228875.0,1.0,0.24330208763087866
2025-06-03,177.5,178.8,177.0,177.15,7697062.0,1.0,0.24330208763087866
2025-06-04,179.3,181.3,179.15,181.3,12228053.0,1.0,0.24330208763087866
2025-06-05,182.0,182.65,181.5,181.65,10845068.0,1.0,0.24330208763087866
2025-06-06,181.9,182.4,181.5,181.95,8750467.0,1.0,0.24330208763087866
2025-06-09,183.4,184.05,183.05,183.7,14115012.0,1.0,0.24330208763087866
2025-06-10,184.9,188.9,184.9,188.65,31483080.0,1.0,0.24330208763087866
2025-06-18,47.5,47.72,47.14,47.57,252639825.0,0.24998674794593162,0.9732599412969732
2025-06-19,47.5,47.55,47.02,47.1,173652638.0,1.0,0.9732599412969732
2025-06-20,47.1,47.16,46.69,47.03,84926293.0,1.0,0.9732599412969732
2025-06-23,46.54,46.66,46.28,46.64,107319197.0,1.0,0.9732599412969732
2025-06-24,47.3,47.49,47.3,47.49,56021848.0,1.0,0.9732599412969732
2025-06-25,47.9,48.18,47.89,48.18,79951752.0,1.0,0.9732599412969732
2025-06-26,48.3,48.45,48.17,48.24,79097206.0,1.0,0.9732599412969732
2025-06-27,48.32,48.37,48.0,48.29,95810636.0,1.0,0.9732599412969732
2025-06-30,48.37,48.42,48.24,48.36,60476067.0,1.0,0.9732599412969732
2025-07-01,48.38,49.15,48.38,48.64,77081298.0,1.0,0.9732599412969732
2025-07-02,48.57,48.75,48.38,48.65,76741186.0,1.0,0.9732599412969732
2025-07-03,49.35,49.6,49.26,49.32,62689710.0,1.0,0.9732599412969732
2025-07-04,49.4,49.49,48.83,48.86,77050522.0,1.0,0.9732599412969732
2025-07-07,48.82,48.82,48.44,48.57,82143364.0,1.0,0.9732599412969732
2025-07-08,48.45,48.51,48.21,48.35,52542933.0,1.0,0.9732599412969732
2025-07-09,48.35,48.99,48.27,48.85,39626824.0,1.0,0.9732599412969732
2025-07-10,49.0,49.47,48.99,49.41,54779575.0,1.0,0.9732599412969732
2025-07-11,49.36,49.63,49.28,49.62,46214252.0,1.0,0.9732599412969732
2025-07-14,49.59,49.59,49.21,49.33,65170727.0,1.0,0.9732599412969732
2025-07-15,49.35,50.1,49.33,50.0,69996070.0,1.0,0.9732599412969732
2025-07-16,50.15,50.7,50.15,50.4,92296251.0,1.0,0.9732599412969732
2025-07-17,50.6,50.8,50.3,50.7,89861784.0,1.0,0.9732599412969732
2025-07-18,51.4,51.6,51.3,51.45,107920505.0,1.0,0.9732599412969732
2025-07-21,51.1,51.1,50.75,50.9,78953424.0,0.993002915451895,0.9801179091745796
2025-07-22,50.9,51.3,50.45,50.55,92162175.0,1.0,0.9801179091745796
2025-07-23,50.6,50.85,50.55,50.7,65118595.0,1.0,0.9801179091745796
2025-07-24,51.0,51.1,50.8,51.0,80703644.0,1.0,0.9801179091745796
2025-07-25,51.0,51.1,50.8,50.9,40414405.0,1.0,0.9801179091745796
2025-07-28,51.2,51.4,50.9,51.05,53609331.0,1.0,0.9801179091745796
2025-07-29,51.05,51.05,50.25,50.45,107016033.0,1.0,0.9801179091745796
2025-07-30,50.8,51.1,50.65,51.0,84052507.0,1.0,0.9801179091745796
2025-07-31,51.1,51.6,51.1,51.55,83010418.0,1.0,0.9801179091745796
2025-08-01,50.8,51.2,50.65,51.1,103281333.0,1.0,0.9801179091745796
2025-08-04,50.65,50.8,50.4,50.8,88936360.0,1.0,0.9801179091745796
2025-08-05,51.25,51.45,51.05,51.45,48253208.0,1.0,0.9801179091745796
2025-08-06,51.1,51.1,50.85,51.0,51398358.0,1.0,0.9801179091745796
2025-08-07,51.65,52.6,51.65,52.45,127953769.0,1.0,0.9801179091745796
2025-08-08,52.55,52.6,52.3,52.45,61743128.0,1.0,0.9801179091745796
2025-08-11,52.35,53.1,52.05,52.85,74255676.0,1.0,0.9801179091745796
2025-08-12,52.85,53.0,52.55,52.9,60122164.0,1.0,0.9801179091745796
2025-08-13,53.15,53.4,52.95,53.35,78177118.0,1.0,0.9801179091745796
2025-08-14,53.2,53.3,52.95,53.15,59818527.0,1.0,0.9801179091745796
2025-08-15,53.15,53.3,52.8,53.15,55175623.0,1.0,0.9801179091745796
2025-08-18,52.95,53.35,52.8,53.3,48004775.0,1.0,0.9801179091745796
2025-08-19,53.3,53.3,53.05,53.2,31232902.0,1.0,0.9801179091745796
2025-08-20,52.55,52.6,51.5,51.7,241376498.0,1.0,0.9801179091745796
2025-08-21,51.75,52.1,51.75,52.0,76525276.0,1.0,0.9801179091745796
2025-08-22,52.05,52.1,51.65,51.75,47853232.0,1.0,0.9801179091745796
2025-08-25,52.45,52.95,52.35,52.7,64451775.0,1.0,0.9801179091745796
2025-08-26,52.55,52.85,52.3,52.75,42402036.0,1.0,0.9801179091745796
2025-08-27,53.0,53.15,52.9,53.0,91463591.0,1.0,0.9801179091745796
2025-08-28,52.8,52.9,52.5,52.5,61856984.0,1.0,0.9801179091745796
2025-08-29,52.8,52.95,52.5,52.5,37614042.0,1.0,0.9801179091745796
2025-09-01,52.15,52.45,51.75,52.0,82748402.0,1.0,0.9801179091745796
2025-09-02,52.3,52.5,51.95,52.0,34866736.0,1.0,0.9801179091745796
2025-09-03,51.9,52.2,51.75,51.95,41247523.0,1.0,0.9801179091745796
2025-09-04,52.55,52.7,52.25,52.3,38611419.0,1.0,0.9801179091745796
2025-09-05,52.7,52.9,52.65,52.85,38976905.0,1.0,0.9801179091745796
2025-09-08,53.4,53.55,53.25,53.35,61781569.0,1.0,0.9801179091745796
2025-09-09,53.55,53.95,53.5,53.9,57948913.0,1.0,0.9801179091745796
2025-09-10,54.4,55.0,54.4,54.95,75585424.0,1.0,0.9801179091745796
2025-09-11,55.55,55.9,55.25,55.45,87937880.0,1.0,0.9801179091745796
2025-09-12,55.75,56.0,55.7,56.0,59101728.0,1.0,0.9801179091745796
2025-09-15,56.0,56.05,55.8,56.0,56031630.0,1.0,0.9801179091745796
2025-09-16,56.15,56.85,56.15,56.75,65388179.0,1.0,0.9801179091745796
2025-09-17,56.6,56.6,56.25,56.35,70590054.0,1.0,0.9801179091745796
2025-09-18,56.5,56.95,56.25,56.95,45899106.0,1.0,0.9801179091745796
2025-09-19,57.0,57.1,56.6,57.0,74098514.0,1.0,0.9801179091745796
2025-09-22,57.0,57.4,56.75,57.4,59170020.0,1.0,0.9801179091745796
2025-09-23,57.85,58.6,57.85,58.45,92241987.0,1.0,0.9801179091745796
2025-09-24,58.7,58.95,58.1,58.4,95128957.0,1.0,0.9801179091745796
2025-09-25,58.35,58.4,58.0,58.2,59962136.0,1.0,0.9801179091745796
2025-09-26,57.9,57.9,56.85,57.25,170962034.0,1.0,0.9801179091745796
2025-09-30,57.55,57.9,57.55,57.8,64586624.0,1.0,0.9801179091745796
2025-10-01,57.9,58.75,57.9,58.1,77291614.0,1.0,0.9801179091745796
2025-10-02,59.0,59.25,58.85,59.2,73803137.0,1.0,0.9801179091745796
2025-10-03,59.2,60.1,59.05,60.05,76083554.0,1.0,0.9801179091745796
2025-10-07,61.0,61.7,60.9,61.7,138001575.0,1.0,0.9801179091745796
2025-10-08,61.0,61.15,60.6,61.15,119706336.0,1.0,0.9801179091745796
2025-10-09,61.85,61.95,61.5,61.6,76478634.0,1.0,0.9801179091745796
2025-10-13,59.9,61.0,59.6,61.0,277610574.0,1.0,0.9801179091745796
2025-10-14,61.85,62.15,60.65,60.7,163441296.0,1.0,0.9801179091745796
2025-10-15,61.0,61.8,60.6,61.8,101918261.0,1.0,0.9801179091745796
2025-10-16,62.1,63.0,62.1,63.0,115801585.0,1.0,0.9801179091745796
2025-10-17,62.05,62.3,61.9,62.05,166191884.0,1.0,0.9801179091745796
2025-10-20,62.35,63.2,62.15,63.1,105854638.0,1.0,0.9801179091745796
2025-10-21,63.4,63.65,63.05,63.2,128793394.0,1.0,0.9801179091745796
2025-10-22,62.6,62.85,62.25,62.7,124303290.0,1.0,0.9801179091745796
2025-10-23,62.1,62.4,61.75,62.35,166688171.0,1.0,0.9801179091745796
2025-10-27,63.75,63.9,63.45,63.8,104776108.0,1.0,0.9801179091745796
2025-10-28,63.55,63.7,63.2,63.35,99770041.0,1.0,0.9801179091745796
2025-10-29,63.7,64.45,63.7,64.4,67414369.0,1.0,0.9801179091745796
2025-10-30,64.6,64.8,64.0,64.4,95106510.0,1.0,0.9801179091745796
2025-10-31,64.6,64.8,64.4,64.75,55956524.0,1.0,0.9801179091745796
2025-11-03,64.45,64.8,63.9,64.15,140157410.0,1.0,0.9801179091745796
2025-11-04,64.5,64.85,63.85,63.95,88131032.0,1.0,0.9801179091745796
2025-11-05,62.95,63.15,62.3,63.15,229413552.0,1.0,0.9801179091745796
2025-11-06,63.35,63.5,63.15,63.3,68680372.0,1.0,0.9801179091745796
2025-11-07,62.65,62.75,62.4,62.55,111187957.0,1.0,0.9801179091745796
2025-11-10,62.8,63.35,62.6,63.35,83130868.0,1.0,0.9801179091745796
2025-11-11,63.65,63.7,62.85,62.9,79723934.0,1.0,0.9801179091745796
2025-11-12,62.95,63.3,62.75,63.2,62620173.0,1.0,0.9801179091745796
2025-11-13,62.8,62.95,62.6,62.9,80483242.0,1.0,0.9801179091745796
2025-11-14,61.65,61.9,61.4,61.7,223192943.0,1.0,0.9801179091745796
2025-11-17,62.0,62.2,61.8,61.9,91925734.0,1.0,0.9801179091745796
2025-11-18,61.3,61.3,60.3,60.45,264956405.0,1.0,0.9801179091745796
2025-11-19,60.15,60.5,59.9,60.05,151383859.0,1.0,0.9801179091745796
2025-11-20,61.55,61.95,61.35,61.9,84027889.0,1.0,0.9801179091745796
2025-11-21,60.1,60.15,59.5,59.85,327691489.0,1.0,0.9801179091745796
2025-11-24,60.1,60.1,59.45,59.55,162722018.0,1.0,0.9801179091745796
2025-11-25,60.7,60.75,60.1,60.35,64411018.0,1.0,0.9801179091745796
2025-11-26,61.1,61.5,61.0,61.35,75793554.0,1.0,0.9801179091745796
2025-11-27,61.8,62.1,61.65,61.9,53852335.0,1.0,0.9801179091745796
2025-11-28,61.95,62.4,61.85,62.35,68386478.0,1.0,0.9801179091745796
2025-12-01,61.8,61.95,61.4,61.5,103003085.0,1.0,0.9801179091745796
2025-12-02,61.8,62.2,61.65,61.7,43152711.0,1.0,0.9801179091745796
2025-12-03,62.4,62.5,62.1,62.3,46546830.0,1.0,0.9801179091745796
2025-12-04,62.4,62.5,62.0,62.2,40655322.0,1.0,0.9801179091745796
2025-12-05,62.45,62.75,62.35,62.75,47277037.0,1.0,0.9801179091745796
2025-12-08,63.0,63.7,62.95,63.7,78686347.0,1.0,0.9801179091745796
2025-12-09,63.8,63.85,63.55,63.6,50671148.0,1.0,0.9801179091745796
2025-12-10,63.7,64.2,63.65,64.05,66717948.0,1.0,0.9801179091745796
2025-12-11,64.3,64.5,63.2,63.35,101197570.0,1.0,0.9801179091745796
2025-12-12,63.55,63.8,63.3,63.45,60240146.0,1.0,0.9801179091745796
2025-12-15,62.5,62.85,62.4,62.8,114939409.0,1.0,0.9801179091745796
2025-12-16,62.1,62.25,61.7,62.25,169375708.0,1.0,0.9801179091745796
2025-12-17,62.15,62.45,61.85,61.9,98504980.0,1.0,0.9801179091745796
2025-12-18,61.8,62.1,61.55,61.9,117973409.0,1.0,0.9801179091745796
2025-12-19,62.4,62.75,62.35,62.5,81027467.0,1.0,0.9801179091745796
2025-12-22,63.3,63.45,63.05,63.4,93882538.0,1.0,0.9801179091745796
2025-12-23,63.5,63.8,63.5,63.7,101867829.0,1.0,0.9801179091745796
2025-12-24,63.95,64.05,63.75,63.85,64106420.0,1.0,0.9801179091745796
2025-12-26,64.2,64.5,64.1,64.4,70816194.0,1.0,0.9801179091745796
2025-12-29,64.65,65.35,64.6,65.25,86510015.0,1.0,0.9801179091745796
2025-12-30,64.9,65.3,64.75,65.15,61058197.0,1.0,0.9801179091745796
2025-12-31,65.1,65.85,64.9,65.6,71868485.0,1.0,0.9801179091745796
2026-01-02,66.0,67.0,65.8,66.95,81135717.0,1.0,0.9801179091745796
2026-01-05,68.1,70.05,68.05,69.5,232910010.0,1.0,0.9801179091745796
2026-01-06,69.45,70.4,68.95,70.4,130176548.0,1.0,0.9801179091745796
2026-01-07,70.4,70.45,69.7,69.85,122267721.0,1.0,0.9801179091745796
2026-01-08,69.65,70.35,69.4,70.1,74866080.0,1.0,0.9801179091745796
2026-01-09,69.8,70.25,68.9,69.85,113278257.0,1.0,0.9801179091745796
2026-01-12,70.5,70.55,70.05,70.35,84346348.0,1.0,0.9801179091745796
2026-01-13,71.1,71.2,70.3,70.7,103565147.0,1.0,0.9801179091745796
2026-01-14,70.95,71.1,70.65,70.75,86322515.0,1.0,0.9801179091745796
2026-01-15,70.7,70.7,70.15,70.65,97455363.0,1.0,0.9801179091745796
2026-01-16,71.75,72.1,71.2,72.0,101069992.0,1.0,0.9801179091745796
2026-01-19,71.7,72.8,71.45,72.6,122970595.0,1.0,0.9801179091745796
2026-01-20,71.9,72.65,71.85,72.6,111046335.0,1.0,0.9801179091745796
2026-01-21,71.8,72.5,71.7,71.85,173683092.0,1.0,0.9801179091745796
2026-01-22,71.9,72.05,71.6,71.8,101703005.0,0.9860821155184412,0.9939516129032259
2026-01-23,72.1,72.3,71.8,72.25,70983017.0,1.0,0.9939516129032259
2026-01-26,72.25,72.65,72.2,72.25,87992466.0,1.0,0.9939516129032259
2026-01-27,72.4,73.15,72.35,73.05,73059634.0,1.0,0.9939516129032259
2026-01-28,73.55,74.2,73.5,74.2,90901846.0,1.0,0.9939516129032259
2026-01-29,74.4,74.5,73.5,73.75,119914950.0,1.0,0.9939516129032259
2026-01-30,73.15,73.2,72.3,72.6,175275799.0,1.0,0.9939516129032259
2026-02-02,71.55,71.75,70.9,71.5,234325396.0,1.0,0.9939516129032259
2026-02-03,73.0,73.05,72.4,72.95,73734001.0,1.0,0.9939516129032259
2026-02-04,72.4,73.15,72.3,72.9,59733704.0,1.0,0.9939516129032259
2026-02-05,72.05,72.25,71.75,72.0,107575796.0,1.0,0.9939516129032259
2026-02-06,71.4,72.25,70.8,71.9,110883112.0,1.0,0.9939516129032259
2026-02-09,74.05,74.15,73.75,73.95,122340661.0,1.0,0.9939516129032259
2026-02-10,74.65,75.5,74.6,75.5,102315945.0,1.0,0.9939516129032259
2026-02-11,75.9,77.45,75.9,77.2,120639150.0,1.0,0.9939516129032259
2026-02-23,78.45,78.45,77.2,77.4,227936939.0,1.0,0.9939516129032259
2026-02-24,77.95,79.65,77.85,79.4,150367766.0,1.0,0.9939516129032259
2026-02-25,80.35,81.8,80.25,81.1,167423484.0,1.0,0.9939516129032259
2026-02-26,81.25,81.5,80.8,81.15,133517321.0,1.0,0.9939516129032259
2026-03-02,79.5,80.8,79.15,80.35,224651381.0,1.0,0.9939516129032259
2026-03-03,80.05,80.4,78.65,78.75,324317518.0,1.0,0.9939516129032259
2026-03-04,77.4,77.45,75.5,75.6,505217770.0,1.0,0.9939516129032259
2026-03-05,78.3,78.85,76.7,77.4,207004644.0,1.0,0.9939516129032259
2026-03-06,76.8,77.3,76.3,76.85,151611764.0,1.0,0.9939516129032259
2026-03-09,73.15,73.6,71.65,73.6,542230074.0,1.0,0.9939516129032259
2026-03-10,75.9,76.25,74.3,75.2,173870150.0,1.0,0.9939516129032259
2026-03-11,76.3,78.5,76.1,78.2,151798656.0,1.0,0.9939516129032259
2026-03-12,77.1,77.6,76.35,76.6,131518817.0,1.0,0.9939516129032259
2026-03-13,75.15,76.55,75.0,75.95,115111624.0,1.0,0.9939516129032259
2026-03-16,76.3,76.7,75.45,75.6,105392137.0,1.0,0.9939516129032259
2026-03-17,76.45,77.0,76.3,76.65,63986997.0,1.0,0.9939516129032259
2026-03-18,77.75,78.05,77.45,77.8,78000193.0,1.0,0.9939516129032259
2026-03-19,76.6,76.8,75.95,76.0,141733755.0,1.0,0.9939516129032259
2026-03-20,76.2,76.4,75.5,75.9,72638922.0,1.0,0.9939516129032259
2026-03-23,73.5,74.45,73.3,74.25,233385121.0,1.0,0.9939516129032259
2026-03-24,75.5,75.6,73.8,74.4,90466270.0,1.0,0.9939516129032259
2026-03-25,76.35,76.65,76.0,76.2,94344080.0,1.0,0.9939516129032259
2026-03-26,76.3,76.85,75.6,75.8,80069071.0,1.0,0.9939516129032259
2026-03-27,74.45,75.1,74.1,75.0,115798710.0,1.0,0.9939516129032259
2026-03-30,73.3,74.05,72.8,73.9,175515568.0,1.0,0.9939516129032259
2026-03-31,73.35,73.45,72.15,72.35,257738774.0,1.0,0.9939516129032259
2026-04-01,75.0,75.6,74.6,75.45,130698663.0,1.0,0.9939516129032259
2026-04-02,75.9,76.05,73.8,73.95,113976137.0,1.0,0.9939516129032259
2026-04-07,75.15,75.45,74.65,75.3,80449813.0,1.0,0.9939516129032259
2026-04-08,78.1,79.25,78.1,79.2,235675856.0,1.0,0.9939516129032259
2026-04-09,79.3,79.4,78.8,79.15,95094893.0,1.0,0.9939516129032259
2026-04-10,80.0,80.8,79.95,80.75,120838644.0,1.0,0.9939516129032259
2026-04-13,80.6,81.0,80.4,80.6,91689847.0,1.0,0.9939516129032259
2026-04-14,81.75,83.2,81.75,83.1,129128623.0,1.0,0.9939516129032259
2026-04-15,84.1,85.1,83.8,84.15,127729350.0,1.0,0.9939516129032259
2026-04-16,84.75,85.1,84.15,85.0,80696269.0,1.0,0.9939516129032259
2026-04-17,84.2,84.5,84.0,84.15,101258031.0,1.0,0.9939516129032259
2026-04-20,84.55,85.1,84.45,84.55,100551500.0,1.0,0.9939516129032259
2026-04-21,85.5,86.1,85.0,86.0,75557759.0,1.0,0.9939516129032259
2026-04-22,85.75,86.6,85.55,86.35,67544248.0,1.0,0.9939516129032259
2026-04-23,87.65,88.8,85.15,86.35,156715780.0,1.0,0.9939516129032259
2026-04-24,87.6,89.95,87.55,89.95,129885911.0,1.0,0.9939516129032259
2026-04-27,92.7,94.25,92.7,93.0,192038103.0,1.0,0.9939516129032259
2026-04-28,92.55,93.65,91.9,92.0,126301332.0,1.0,0.9939516129032259
2026-04-29,90.7,91.5,90.0,90.75,103795530.0,1.0,0.9939516129032259
2026-04-30,91.25,91.9,90.3,90.5,89209769.0,1.0,0.9939516129032259
2026-05-04,92.5,94.65,92.4,94.6,125270935.0,1.0,0.9939516129032259
2026-05-05,94.4,94.75,94.0,94.6,82851869.0,1.0,0.9939516129032259
2026-05-06,96.05,96.9,94.7,95.75,111759164.0,1.0,0.9939516129032259
2026-05-07,97.95,98.4,97.4,97.7,117152238.0,1.0,0.9939516129032259
2026-05-08,97.35,97.7,95.85,97.0,131188123.0,1.0,0.9939516129032259
2026-05-11,96.65,97.15,96.5,96.9,96606391.0,1.0,0.9939516129032259
2026-05-12,96.85,97.35,95.5,96.85,102303450.0,1.0,0.9939516129032259
2026-05-13,94.85,95.8,94.7,95.5,130654061.0,1.0,0.9939516129032259
2026-05-14,96.9,97.2,95.75,96.05,57229209.0,1.0,0.9939516129032259
2026-05-15,97.65,98.25,95.2,95.4,98132989.0,1.0,0.9939516129032259
2026-05-18,94.0,95.2,93.3,94.9,118571453.0,1.0,0.9939516129032259
2026-05-19,94.35,94.7,93.1,93.1,135939820.0,1.0,0.9939516129032259
2026-05-20,93.0,93.5,92.45,92.5,121650308.0,1.0,0.9939516129032259
2026-05-21,94.8,96.05,94.7,95.85,62215954.0,1.0,0.9939516129032259
2026-05-22,96.3,97.3,96.0,97.3,64288280.0,1.0,0.9939516129032259
2026-05-25,99.55,101.0,99.55,100.8,129483256.0,1.0,0.9939516129032259
2026-05-26,101.6,101.8,100.1,100.1,93560313.0,1.0,0.9939516129032259
2026-05-27,102.4,103.9,102.0,102.55,94959812.0,1.0,0.9939516129032259
2026-05-28,104.0,104.25,100.1,100.5,152915695.0,1.0,0.9939516129032259
2026-05-29,103.2,105.4,102.7,105.4,102355526.0,1.0,0.9939516129032259
2026-06-01,105.25,106.7,104.5,105.5,135817122.0,1.0,0.9939516129032259
2026-06-02,106.3,106.3,104.2,105.7,117160979.0,1.0,0.9939516129032259
2026-06-03,107.3,107.85,107.1,107.6,79592362.0,1.0,0.9939516129032259
2026-06-04,106.75,107.0,106.05,106.1,236782252.0,1.0,0.9939516129032259
2026-06-05,105.0,105.35,102.8,104.15,337031371.0,1.0,0.9939516129032259
2026-06-08,98.05,101.3,98.05,100.95,524952235.0,1.0,0.9939516129032259
2026-06-09,102.1,103.6,101.35,103.5,246039378.0,1.0,0.9939516129032259
2026-06-10,102.6,102.95,100.2,100.25,192916596.0,1.0,0.9939516129032259
2026-06-11,100.0,100.55,97.6,99.85,299040372.0,1.0,0.9939516129032259
2026-06-12,103.25,103.75,101.55,101.95,76563613.0,1.0,0.9939516129032259
2026-06-15,105.1,105.5,104.3,105.25,100402843.0,1.0,0.9939516129032259
2026-06-16,106.05,106.05,104.85,105.9,70824506.0,1.0,0.9939516129032259
2026-06-17,105.0,106.0,104.5,106.0,100331952.0,1.0,0.9939516129032259
2026-06-18,107.0,107.45,106.65,107.3,78557448.0,1.0,0.9939516129032259
2026-06-22,109.45,111.2,109.45,111.15,116042256.0,1.0,0.9939516129032259
2026-06-23,112.0,112.3,110.05,110.1,130786727.0,1.0,0.9939516129032259
2026-06-24,108.0,108.1,106.15,107.15,235939737.0,1.0,0.9939516129032259
2026-06-25,108.0,108.05,106.35,107.2,96345582.0,1.0,0.9939516129032259
2026-06-26,105.4,105.85,102.8,103.1,291814760.0,1.0,0.9939516129032259
2026-06-29,103.35,105.35,103.3,104.45,106661221.0,1.0,0.9939516129032259
2026-06-30,106.85,108.25,106.75,107.8,107704452.0,1.0,0.9939516129032259
2026-07-01,109.8,109.95,108.6,109.35,76131395.0,1.0,0.9939516129032259
2026-07-02,107.2,108.95,106.9,108.8,73421155.0,1.0,0.9939516129032259
2026-07-03,106.15,108.8,106.1,108.35,82436126.0,1.0,0.9939516129032259
2026-07-06,109.05,109.6,107.7,108.25,75784190.0,1.0,0.9939516129032259
2026-07-07,108.55,109.05,105.85,106.2,124629074.0,1.0,0.9939516129032259
2026-07-08,106.4,106.6,105.05,106.05,96508356.0,1.0,0.9939516129032259
2026-07-09,106.35,107.0,105.45,105.8,56650627.0,1.0,0.9939516129032259
2026-07-13,107.0,107.55,105.7,106.0,71523037.0,1.0,0.9939516129032259
2026-07-14,105.5,105.5,102.25,104.4,259927533.0,1.0,0.9939516129032259
2026-07-15,105.3,106.45,104.65,106.3,110911495.0,1.0,0.9939516129032259
2026-07-16,105.35,106.75,104.55,106.4,73088988.0,1.0,0.9939516129032259
2026-07-17,102.9,103.05,100.0,100.15,520545951.0,1.0,0.9939516129032259
2026-07-20,100.2,100.6,98.3,99.2,373784717.0,1.0,0.9939516129032259
2026-07-21,100.0,102.5,99.85,102.5,95733411.0,0.9939516129032259,1.0
2026-07-22,104.5,104.8,103.3,103.85,107935092.0,1.0,1.0
2026-07-23,104.25,104.8,102.9,103.9,54786484.0,1.0,1.0
2026-07-24,102.55,103.05,101.3,101.7,105138918.0,1.0,1.0
2026-07-27,101.3,101.6,100.05,101.45,109612623.0,1.0,1.0
2026-07-28,98.35,98.35,96.9,97.15,469130535.0,1.0,1.0
2026-07-29,96.95,97.0,91.8,93.7,546282926.0,1.0,1.0
2026-07-30,93.4,96.0,92.0,93.5,297963128.0,1.0,1.0
2026-07-31,100.0,102.85,99.8,102.85,345660955.0,1.0,1.0
2026-08-03,102.0,102.7,101.0,102.0,169497151.0,1.0,1.0
2026-08-04,100.65,102.25,99.75,100.65,121774200.0,1.0,1.0
2026-08-05,103.75,104.75,102.9,103.8,168906182.0,1.0,1.0
2026-08-06,103.25,103.7,102.55,103.3,78928810.0,1.0,1.0
2026-08-07,103.8,104.0,102.05,102.85,69373793.0,1.0,1.0
2026-08-10,103.9,104.75,103.5,104.25,82086387.0,1.0,1.0
2026-08-11,104.05,104.85,103.4,104.6,69314252.0,1.0,1.0
2026-08-12,105.0,105.25,104.45,105.2,64991356.0,1.0,1.0
2026-08-13,106.55,107.0,106.15,106.7,89418262.0,1.0,1.0
2026-08-14,107.1,107.5,106.05,106.4,81955573.0,1.0,1.0
2026-08-17,106.4,106.95,106.0,106.45,58016480.0,1.0,1.0
2026-08-18,106.45,106.45,104.85,104.9,66471402.0,1.0,1.0
2026-08-19,103.05,103.85,102.7,103.1,100818593.0,1.0,1.0
2026-08-20,104.2,104.25,102.95,103.8,43382378.0,1.0,1.0
2026-08-21,103.8,104.8,103.2,104.65,41340817.0,1.0,1.0
2026-08-24,104.65,104.8,103.8,103.8,44713618.0,1.0,1.0
2026-08-25,102.9,104.4,102.4,104.4,61162385.0,1.0,1.0
2026-08-26,104.1,106.05,103.5,105.9,88919251.0,1.0,1.0
2026-08-27,106.5,107.0,105.9,106.05,76015854.0,1.0,1.0
2026-08-28,107.1,107.35,106.7,106.95,78158934.0,1.0,1.0
2026-08-31,105.6,106.25,105.0,106.25,69132826.0,1.0,1.0
2026-09-01,106.5,108.7,106.5,108.45,111066980.0,1.0,1.0
2026-09-02,107.5,107.85,106.65,106.8,67681102.0,1.0,1.0
2026-09-03,106.9,107.4,106.15,106.2,48818422.0,1.0,1.0
2026-09-04,107.7,108.0,106.85,107.9,46705557.0,1.0,1.0
2026-09-07,109.05,110.0,108.85,109.9,108677081.0,1.0,1.0
2026-09-08,110.0,110.75,109.55,109.65,75243156.0,1.0,1.0
2026-09-09,109.95,110.6,109.5,109.65,46101333.0,1.0,1.0
2026-09-10,108.6,109.15,108.4,109.15,45765227.0,1.0,1.0
2026-09-11,107.4,108.0,106.9,107.7,102009319.0,1.0,1.0
2026-09-14,106.3,107.15,105.85,106.9,91951392.0,1.0,1.0
2026-09-15,106.75,106.95,106.15,106.25,63373313.0,1.0,1.0
2026-09-16,106.15,107.4,106.15,106.9,72446738.0,1.0,1.0
2026-09-17,107.9,109.2,107.85,108.05,49931752.0,1.0,1.0
2026-09-18,109.6,109.95,108.85,109.85,86731065.0,1.0,1.0
2026-09-21,109.9,111.45,109.85,111.35,119595084.0,1.0,1.0
2026-09-22,113.35,113.75,111.85,111.85,84309564.0,1.0,1.0
2026-09-23,112.8,113.15,112.3,112.45,58059253.0,1.0,1.0
2026-09-24,112.0,112.45,111.75,112.4,70487939.0,1.0,1.0
