date,raw_open,raw_high,raw_low,raw_close,volume,event_ratio,adj_factor
2010-01-04,23.43,23.66,23.35,23.5,281010.0,1.0,0.3604538116527373
2010-01-05,23.7,23.72,23.38,23.4,711125.0,1.0,0.3604538116527373
2010-01-06,23.3,23.8,23.3,23.75,402165.0,1.0,0.3604538116527373
2010-01-07,23.75,23.9,23.55,23.55,1223380.0,1.0,0.3604538116527373
2010-01-08,23.51,23.85,23.4,23.8,354484.0,1.0,0.3604538116527373
2010-01-11,23.8,24.19,23.8,24.05,628223.0,1.0,0.3604538116527373
2010-01-12,24.05,24.07,23.8,23.92,193010.0,1.0,0.3604538116527373
2010-01-13,23.8,23.8,23.62,23.66,269070.0,1.0,0.3604538116527373
2010-01-14,23.66,24.1,23.66,24.0,416610.0,1.0,0.3604538116527373
2010-01-15,24.0,24.2,24.0,24.12,364145.0,1.0,0.3604538116527373
2010-01-18,24.07,24.09,23.82,24.01,304010.0,1.0,0.3604538116527373
2010-01-19,24.01,24.12,23.83,23.99,198514.0,1.0,0.3604538116527373
2010-01-20,23.99,23.99,23.62,23.7,746967.0,1.0,0.3604538116527373
2010-01-21,23.66,23.7,23.46,23.47,207100.0,1.0,0.3604538116527373
2010-01-22,23.1,23.2,23.0,23.05,281381.0,1.0,0.3604538116527373
2010-01-25,22.75,23.05,22.71,22.96,184010.0,1.0,0.3604538116527373
2010-01-26,23.0,23.1,22.1,22.54,1136601.0,1.0,0.3604538116527373
2010-01-27,22.49,22.49,22.1,22.1,396334.0,1.0,0.3604538116527373
2010-01-28,22.3,22.5,22.15,22.49,159166.0,1.0,0.3604538116527373
2010-01-29,22.39,22.4,22.0,22.35,240310.0,1.0,0.3604538116527373
2010-02-01,22.41,22.41,22.1,22.14,142000.0,1.0,0.3604538116527373
2010-02-02,22.39,22.39,21.81,22.0,328000.0,1.0,0.3604538116527373
2010-02-03,22.2,22.29,21.95,22.27,173000.0,1.0,0.3604538116527373
2010-02-04,22.27,22.3,22.1,22.2,136000.0,1.0,0.3604538116527373
2010-02-05,22.1,22.1,21.16,21.21,518200.0,1.0,0.3604538116527373
2010-02-06,21.5,22.0,20.91,21.34,289000.0,1.0,0.3604538116527373
2010-02-08,21.34,21.46,21.27,21.35,262000.0,1.0,0.3604538116527373
2010-02-09,21.45,21.85,21.32,21.75,208000.0,1.0,0.3604538116527373
2010-02-10,21.9,22.04,21.84,21.95,223159.0,1.0,0.3604538116527373
2010-02-22,22.3,22.4,22.1,22.1,241100.0,1.0,0.3604538116527373
2010-02-23,22.2,22.3,22.0,22.28,152000.0,1.0,0.3604538116527373
2010-02-24,22.18,22.2,22.0,22.08,145000.0,1.0,0.3604538116527373
2010-02-25,22.1,22.2,21.85,21.97,146000.0,1.0,0.3604538116527373
2010-02-26,21.85,22.04,21.85,21.9,146598.0,1.0,0.3604538116527373
2010-03-01,21.98,22.36,21.96,22.35,156000.0,1.0,0.3604538116527373
2010-03-02,22.35,22.38,22.15,22.15,125200.0,1.0,0.3604538116527373
2010-03-03,22.48,22.48,22.22,22.3,88000.0,1.0,0.3604538116527373
2010-03-04,22.48,22.48,22.15,22.15,54000.0,1.0,0.3604538116527373
2010-03-05,22.4,22.46,22.32,22.4,83000.0,1.0,0.3604538116527373
2010-03-08,22.43,22.72,22.43,22.69,119978.0,1.0,0.3604538116527373
2010-03-09,22.8,22.8,22.52,22.59,136100.0,1.0,0.3604538116527373
2010-03-10,22.7,22.7,22.44,22.69,94759.0,1.0,0.3604538116527373
2010-03-11,22.7,22.7,22.42,22.48,122000.0,1.0,0.3604538116527373
2010-03-12,22.5,22.5,22.31,22.41,42220.0,1.0,0.3604538116527373
2010-03-15,22.41,22.49,22.2,22.23,189000.0,1.0,0.3604538116527373
2010-03-16,22.2,22.44,22.2,22.27,126100.0,1.0,0.3604538116527373
2010-03-17,22.48,22.5,22.4,22.5,149100.0,1.0,0.3604538116527373
2010-03-18,22.55,22.69,22.55,22.65,142110.0,1.0,0.3604538116527373
2010-03-19,22.67,22.68,22.65,22.68,85210.0,1.0,0.3604538116527373
2010-03-22,22.65,22.72,22.63,22.7,103375.0,1.0,0.3604538116527373
2010-03-23,22.8,22.8,22.6,22.65,157100.0,1.0,0.3604538116527373
2010-03-24,22.7,22.7,22.6,22.65,106200.0,1.0,0.3604538116527373
2010-03-25,22.5,22.7,22.45,22.7,124100.0,1.0,0.3604538116527373
2010-03-26,23.0,23.0,22.56,22.7,109400.0,1.0,0.3604538116527373
2010-03-29,22.7,22.9,22.68,22.71,196100.0,1.0,0.3604538116527373
2010-03-30,22.82,22.82,22.69,22.69,212000.0,1.0,0.3604538116527373
2010-03-31,22.7,22.85,22.7,22.8,99000.0,1.0,0.3604538116527373
2010-04-01,22.8,22.97,22.75,22.97,139500.0,1.0,0.3604538116527373
2010-04-02,22.91,22.97,22.88,22.96,147000.0,1.0,0.3604538116527373
2010-04-06,23.0,23.22,22.96,23.12,384400.0,1.0,0.3604538116527373
2010-04-07,23.12,23.39,23.12,23.32,317000.0,1.0,0.3604538116527373
2010-04-08,23.32,23.4,23.15,23.23,197140.0,1.0,0.3604538116527373
2010-04-09,23.28,23.28,23.01,23.26,109310.0,1.0,0.3604538116527373
2010-04-12,23.26,23.27,23.11,23.25,137000.0,1.0,0.3604538116527373
2010-04-13,23.25,23.25,23.0,23.01,185000.0,1.0,0.3604538116527373
2010-04-14,23.1,23.2,23.1,23.2,199150.0,1.0,0.3604538116527373
2010-04-15,23.3,23.48,23.3,23.31,161450.0,1.0,0.3604538116527373
2010-04-16,23.4,23.4,23.3,23.38,147200.0,1.0,0.3604538116527373
2010-04-19,23.3,23.3,22.71,22.71,359090.0,1.0,0.3604538116527373
2010-04-20,22.75,23.0,22.65,23.0,223020.0,1.0,0.3604538116527373
2010-04-21,23.0,23.1,22.88,23.05,243000.0,1.0,0.3604538116527373
2010-04-22,23.05,23.05,22.76,23.0,160000.0,1.0,0.3604538116527373
2010-04-23,23.0,23.1,22.95,23.02,335000.0,1.0,0.3604538116527373
2010-04-26,23.02,23.4,23.02,23.35,699000.0,1.0,0.3604538116527373
2010-04-27,23.3,23.42,23.3,23.36,250000.0,1.0,0.3604538116527373
2010-04-28,23.1,23.36,23.07,23.32,355000.0,1.0,0.3604538116527373
2010-04-29,23.32,23.5,23.32,23.37,168000.0,1.0,0.3604538116527373
2010-04-30,23.5,23.61,23.2,23.34,371600.0,1.0,0.3604538116527373
2010-05-03,21.71,23.3,21.71,23.3,325010.0,1.0,0.3604538116527373
2010-05-04,23.3,23.39,23.13,23.28,164000.0,1.0,0.3604538116527373
2010-05-05,23.0,23.05,22.8,22.93,225010.0,1.0,0.3604538116527373
2010-05-06,23.0,23.0,22.55,22.7,193000.0,1.0,0.3604538116527373
2010-05-07,22.49,22.59,22.02,22.5,304100.0,1.0,0.3604538116527373
2010-05-10,22.56,22.7,22.5,22.7,66300.0,1.0,0.3604538116527373
2010-05-11,22.88,22.9,22.51,22.52,109000.0,1.0,0.3604538116527373
2010-05-12,22.7,22.7,22.52,22.52,20100.0,1.0,0.3604538116527373
2010-05-13,22.52,22.8,22.52,22.74,119200.0,1.0,0.3604538116527373
2010-05-14,22.61,22.86,22.61,22.86,15134.0,1.0,0.3604538116527373
2010-05-17,22.7,22.7,22.4,22.41,103000.0,1.0,0.3604538116527373
2010-05-18,22.0,22.47,22.0,22.36,108000.0,1.0,0.3604538116527373
2010-05-19,22.35,22.58,22.2,22.58,149240.0,1.0,0.3604538116527373
2010-05-20,22.58,22.58,22.26,22.3,212600.0,1.0,0.3604538116527373
2010-05-21,22.2,22.2,21.6,21.8,562221.0,1.0,0.3604538116527373
2010-05-24,21.8,22.0,21.8,21.97,93000.0,1.0,0.3604538116527373
2010-05-25,21.92,21.92,21.29,21.41,340062.0,1.0,0.3604538116527373
2010-05-26,21.46,21.67,21.35,21.45,147045.0,1.0,0.3604538116527373
2010-05-27,21.45,21.6,21.22,21.6,214000.0,1.0,0.3604538116527373
2010-05-28,21.9,21.93,21.74,21.76,136000.0,1.0,0.3604538116527373
2010-05-31,21.67,21.9,21.67,21.87,87000.0,1.0,0.3604538116527373
2010-06-01,21.87,21.87,21.75,21.8,45000.0,1.0,0.3604538116527373
2010-06-02,21.6,21.72,21.42,21.53,205000.0,1.0,0.3604538116527373
2010-06-03,21.79,21.8,21.7,21.8,68000.0,1.0,0.3604538116527373
2010-06-04,21.8,21.82,21.74,21.74,47000.0,1.0,0.3604538116527373
2010-06-07,21.69,21.69,21.25,21.5,107000.0,1.0,0.3604538116527373
2010-06-08,21.5,21.69,21.5,21.52,100134.0,1.0,0.3604538116527373
2010-06-09,21.55,21.73,21.5,21.54,45300.0,1.0,0.3604538116527373
2010-06-10,21.5,21.65,21.5,21.63,35860.0,1.0,0.3604538116527373
2010-06-11,21.63,21.9,21.63,21.88,44000.0,1.0,0.3604538116527373
2010-06-14,21.9,22.0,21.88,21.91,67000.0,1.0,0.3604538116527373
2010-06-15,21.9,22.2,21.9,22.15,361000.0,1.0,0.3604538116527373
2010-06-17,22.18,22.3,22.15,22.25,254000.0,1.0,0.3604538116527373
2010-06-18,22.13,22.3,22.13,22.28,65000.0,1.0,0.3604538116527373
2010-06-21,22.41,22.6,22.4,22.56,98000.0,1.0,0.3604538116527373
2010-06-22,22.7,22.7,22.56,22.56,74000.0,1.0,0.3604538116527373
2010-06-23,22.4,22.56,22.35,22.35,191000.0,1.0,0.3604538116527373
2010-06-24,22.35,22.45,22.35,22.45,62000.0,1.0,0.3604538116527373
2010-06-25,22.4,22.4,22.1,22.24,189000.0,1.0,0.3604538116527373
2010-06-28,22.49,22.49,22.26,22.26,58000.0,1.0,0.3604538116527373
2010-06-29,22.4,22.44,22.11,22.12,73000.0,1.0,0.3604538116527373
2010-06-30,21.99,21.99,21.82,21.9,132000.0,1.0,0.3604538116527373
2010-07-01,21.88,21.91,21.8,21.85,55000.0,1.0,0.3604538116527373
2010-07-02,21.85,22.05,21.85,22.04,319000.0,1.0,0.3604538116527373
2010-07-05,22.04,22.22,22.04,22.18,130000.0,1.0,0.3604538116527373
2010-07-06,22.32,22.6,22.2,22.52,172000.0,1.0,0.3604538116527373
2010-07-07,22.52,22.78,22.52,22.64,152000.0,1.0,0.3604538116527373
2010-07-08,22.8,23.0,22.78,22.96,263050.0,1.0,0.3604538116527373
2010-07-09,22.96,23.05,22.9,23.0,191000.0,1.0,0.3604538116527373
2010-07-12,23.0,23.16,22.71,23.03,182150.0,1.0,0.3604538116527373
2010-07-13,23.03,23.14,23.0,23.0,145000.0,1.0,0.3604538116527373
2010-07-14,23.2,23.25,23.05,23.18,161000.0,1.0,0.3604538116527373
2010-07-15,23.17,23.22,23.15,23.2,197660.0,1.0,0.3604538116527373
2010-07-16,23.2,23.23,23.05,23.19,145065.0,1.0,0.3604538116527373
2010-07-19,23.18,23.18,23.0,23.15,146000.0,1.0,0.3604538116527373
2010-07-20,23.08,23.45,23.08,23.43,260500.0,1.0,0.3604538116527373
2010-07-21,23.4,23.5,23.24,23.39,136500.0,1.0,0.3604538116527373
2010-07-22,23.4,23.4,23.22,23.23,130000.0,1.0,0.3604538116527373
2010-07-23,23.45,23.63,23.31,23.6,288296.0,1.0,0.3604538116527373
2010-07-26,23.6,23.79,23.6,23.6,144220.0,1.0,0.3604538116527373
2010-07-27,23.66,23.78,23.65,23.78,133000.0,1.0,0.3604538116527373
2010-07-28,23.78,23.98,23.78,23.96,240150.0,1.0,0.3604538116527373
2010-07-29,23.96,24.0,23.92,24.0,284400.0,1.0,0.3604538116527373
2010-07-30,24.0,24.0,23.71,23.9,91100.0,1.0,0.3604538116527373
2010-08-02,24.0,24.2,24.0,24.2,419208.0,1.0,0.3604538116527373
2010-08-03,24.28,24.4,24.24,24.24,361800.0,1.0,0.3604538116527373
2010-08-04,24.24,24.32,24.13,24.2,233000.0,1.0,0.3604538116527373
2010-08-05,24.22,24.39,24.1,24.16,169100.0,1.0,0.3604538116527373
2010-08-06,24.16,24.26,24.03,24.2,231150.0,1.0,0.3604538116527373
2010-08-09,24.2,24.39,24.2,24.36,564200.0,1.0,0.3604538116527373
2010-08-10,24.35,24.35,24.2,24.34,143080.0,1.0,0.3604538116527373
2010-08-11,24.15,24.24,24.0,24.06,136095.0,1.0,0.3604538116527373
2010-08-12,23.89,23.98,23.8,23.9,96000.0,1.0,0.3604538116527373
2010-08-13,23.85,24.3,23.85,24.12,300000.0,1.0,0.3604538116527373
2010-08-16,24.12,24.25,24.02,24.1,218000.0,1.0,0.3604538116527373
2010-08-17,24.2,24.38,24.12,24.19,572000.0,1.0,0.3604538116527373
2010-08-18,24.19,24.62,24.19,24.55,539330.0,1.0,0.3604538116527373
2010-08-19,24.55,24.55,24.32,24.47,273000.0,1.0,0.3604538116527373
2010-08-20,24.46,24.6,24.4,24.59,292100.0,1.0,0.3604538116527373
2010-08-23,24.51,24.98,24.51,24.82,328093.0,1.0,0.3604538116527373
2010-08-24,25.0,25.0,24.69,24.76,218000.0,1.0,0.3604538116527373
2010-08-25,24.7,24.7,24.1,24.1,207300.0,1.0,0.3604538116527373
2010-08-26,24.1,24.2,24.0,24.15,150000.0,1.0,0.3604538116527373
2010-08-27,24.15,24.15,24.0,24.15,111000.0,1.0,0.3604538116527373
2010-08-30,24.2,24.33,24.16,24.28,88150.0,1.0,0.3604538116527373
2010-08-31,24.16,24.16,23.83,23.9,167000.0,1.0,0.3604538116527373
2010-09-01,24.0,24.2,23.94,24.01,91000.0,1.0,0.3604538116527373
2010-09-02,24.27,24.4,24.16,24.16,3120000.0,1.0,0.3604538116527373
2010-09-03,24.2,24.36,24.1,24.34,231000.0,1.0,0.3604538116527373
2010-09-06,24.5,24.56,24.36,24.41,104000.0,1.0,0.3604538116527373
2010-09-07,24.4,24.46,24.36,24.36,156050.0,1.0,0.3604538116527373
2010-09-08,24.36,24.36,24.22,24.23,80000.0,1.0,0.3604538116527373
2010-09-09,24.29,24.57,24.29,24.45,96000.0,1.0,0.3604538116527373
2010-09-10,24.52,24.79,24.51,24.57,142200.0,1.0,0.3604538116527373
2010-09-13,24.87,25.05,24.66,25.0,526250.0,1.0,0.3604538116527373
2010-09-14,25.1,25.2,24.91,25.2,382000.0,1.0,0.3604538116527373
2010-09-15,25.2,25.35,25.2,25.26,311200.0,1.0,0.3604538116527373
2010-09-16,25.2,25.41,25.19,25.29,250099.0,1.0,0.3604538116527373
2010-09-17,25.3,25.46,25.25,25.3,167000.0,1.0,0.3604538116527373
2010-09-20,25.3,25.4,25.3,25.31,85000.0,1.0,0.3604538116527373
2010-09-21,25.4,25.5,25.25,25.3,224000.0,1.0,0.3604538116527373
2010-09-23,25.3,25.3,25.15,25.27,114000.0,1.0,0.3604538116527373
2010-09-24,25.0,25.24,25.0,25.15,187000.0,1.0,0.3604538116527373
2010-09-27,25.19,25.4,25.19,25.25,263030.0,1.0,0.3604538116527373
2010-09-28,25.3,25.3,25.2,25.2,149000.0,1.0,0.3604538116527373
2010-09-29,25.22,25.48,25.2,25.35,198100.0,1.0,0.3604538116527373
2010-09-30,25.3,25.38,25.21,25.3,123425.0,1.0,0.3604538116527373
2010-10-01,25.3,25.5,25.3,25.39,95015.0,1.0,0.3604538116527373
2010-10-04,25.39,25.48,25.39,25.4,74025.0,1.0,0.3604538116527373
2010-10-05,25.41,25.5,25.14,25.49,106492.0,1.0,0.3604538116527373
2010-10-06,25.5,25.84,25.5,25.84,2050220.0,1.0,0.3604538116527373
2010-10-07,25.91,25.99,25.75,25.82,282234.0,1.0,0.3604538116527373
2010-10-08,25.82,25.88,25.66,25.75,137200.0,1.0,0.3604538116527373
2010-10-11,25.95,25.95,25.65,25.67,116100.0,1.0,0.3604538116527373
2010-10-12,25.7,25.7,25.45,25.55,378055.0,1.0,0.3604538116527373
2010-10-13,25.55,25.68,25.33,25.45,235000.0,1.0,0.3604538116527373
2010-10-14,25.6,25.95,25.6,25.9,542000.0,1.0,0.3604538116527373
2010-10-15,25.9,26.09,25.9,26.04,593000.0,1.0,0.3604538116527373
2010-10-18,26.0,26.0,25.4,25.55,219275.0,1.0,0.3604538116527373
2010-10-19,25.5,25.54,25.3,25.53,244100.0,1.0,0.3604538116527373
2010-10-20,25.5,25.78,25.21,25.75,550000.0,1.0,0.3604538116527373
2010-10-21,25.6,25.83,25.53,25.8,223100.0,1.0,0.3604538116527373
2010-10-22,25.8,25.89,25.7,25.83,244255.0,1.0,0.3604538116527373
2010-10-25,25.8,26.2,25.8,26.2,550070.0,1.0,0.3604538116527373
2010-10-26,26.2,26.4,26.2,26.4,277268.0,1.0,0.3604538116527373
2010-10-27,26.4,26.5,26.26,26.3,317300.0,1.0,0.3604538116527373
2010-10-28,26.31,26.48,26.2,26.32,286000.0,1.0,0.3604538116527373
2010-10-29,26.3,26.35,26.12,26.3,152000.0,1.0,0.3604538116527373
2010-11-01,26.3,26.61,26.21,26.5,470030.0,1.0,0.3604538116527373
2010-11-02,26.4,26.6,26.4,26.5,323065.0,1.0,0.3604538116527373
2010-11-03,26.5,26.65,26.3,26.33,181035.0,1.0,0.3604538116527373
2010-11-04,26.33,26.54,26.33,26.5,696166.0,1.0,0.3604538116527373
2010-11-05,26.65,26.95,26.65,26.89,345598.0,1.0,0.3604538116527373
2010-11-08,26.89,27.19,26.87,27.14,326530.0,1.0,0.3604538116527373
2010-11-09,27.14,27.14,26.93,27.11,263234.0,1.0,0.3604538116527373
2010-11-10,27.11,27.18,26.82,26.86,233199.0,1.0,0.3604538116527373
2010-11-11,26.87,26.99,26.87,26.97,178000.0,1.0,0.3604538116527373
2010-11-12,26.97,26.97,26.68,26.69,166030.0,1.0,0.3604538116527373
2010-11-15,26.69,26.69,26.0,26.29,232275.0,1.0,0.3604538116527373
2010-11-16,26.25,26.5,26.01,26.47,301000.0,1.0,0.3604538116527373
2010-11-17,26.11,26.36,26.08,26.32,161000.0,1.0,0.3604538116527373
2010-11-18,26.35,26.49,26.23,26.43,95030.0,1.0,0.3604538116527373
2010-11-19,26.5,26.7,26.5,26.56,188000.0,1.0,0.3604538116527373
2010-11-22,26.57,26.78,26.57,26.72,103170.0,1.0,0.3604538116527373
2010-11-23,26.72,26.8,26.62,26.64,78000.0,1.0,0.3604538116527373
2010-11-24,26.63,26.69,26.5,26.63,155130.0,1.0,0.3604538116527373
2010-11-25,26.63,26.78,26.47,26.78,771320.0,1.0,0.3604538116527373
2010-11-26,26.77,26.77,26.37,26.38,651200.0,1.0,0.3604538116527373
2010-11-29,26.4,26.75,26.4,26.65,642100.0,1.0,0.3604538116527373
2010-11-30,26.65,26.9,26.58,26.75,995000.0,1.0,0.3604538116527373
2010-12-01,26.75,27.22,26.75,27.19,711150.0,1.0,0.3604538116527373
2010-12-02,27.26,27.6,27.26,27.5,628234.0,1.0,0.3604538116527373
2010-12-03,27.5,27.56,27.4,27.44,798100.0,1.0,0.3604538116527373
2010-12-06,27.45,27.61,27.4,27.55,1133200.0,1.0,0.3604538116527373
2010-12-07,27.55,27.64,27.33,27.64,584750.0,1.0,0.3604538116527373
2010-12-08,27.5,27.61,27.5,27.6,1087100.0,1.0,0.3604538116527373
2010-12-09,27.65,27.79,27.43,27.5,616479.0,1.0,0.3604538116527373
2010-12-10,27.3,27.46,27.11,27.14,139000.0,1.0,0.3604538116527373
2010-12-13,27.2,27.38,27.2,27.29,84500.0,1.0,0.3604538116527373
2010-12-14,27.29,27.48,27.24,27.25,93000.0,1.0,0.3604538116527373
2010-12-15,27.25,27.34,27.11,27.34,111011.0,1.0,0.3604538116527373
2010-12-16,27.3,27.48,27.3,27.47,229040.0,1.0,0.3604538116527373
2010-12-17,27.47,27.6,27.47,27.48,267000.0,1.0,0.3604538116527373
2010-12-20,27.48,27.5,27.23,27.23,170517.0,1.0,0.3604538116527373
2010-12-21,27.16,27.47,27.16,27.47,199100.0,1.0,0.3604538116527373
2010-12-22,27.48,27.65,27.48,27.65,184150.0,1.0,0.3604538116527373
2010-12-23,27.7,27.9,27.65,27.9,227400.0,1.0,0.3604538116527373
2010-12-24,27.8,27.9,27.73,27.87,127130.0,1.0,0.3604538116527373
2010-12-27,27.62,27.9,27.62,27.9,141100.0,1.0,0.3604538116527373
2010-12-28,27.8,27.9,27.8,27.9,75360.0,1.0,0.3604538116527373
2010-12-29,27.9,28.0,27.54,27.6,96010.0,1.0,0.3604538116527373
2010-12-30,27.67,27.85,27.6,27.7,75392.0,1.0,0.3604538116527373
2010-12-31,27.6,27.83,27.6,27.82,194025.0,1.0,0.3604538116527373
2011-01-03,27.88,28.11,27.88,28.09,545050.0,1.0,0.3604538116527373
2011-01-04,28.1,28.4,28.1,28.35,386630.0,1.0,0.3604538116527373
2011-01-05,28.35,28.4,27.84,28.05,282535.0,1.0,0.3604538116527373
2011-01-06,27.91,28.2,27.91,28.2,254204.0,1.0,0.3604538116527373
2011-01-07,28.2,28.38,27.71,28.0,178360.0,1.0,0.3604538116527373
2011-01-10,27.6,27.88,27.6,27.86,276000.0,1.0,0.3604538116527373
2011-01-11,27.84,28.1,27.84,28.08,165130.0,1.0,0.3604538116527373
2011-01-12,28.2,28.2,28.02,28.15,297900.0,1.0,0.3604538116527373
2011-01-13,28.17,28.24,27.95,28.05,199017.0,1.0,0.3604538116527373
2011-01-14,28.05,28.16,28.0,28.0,112076.0,1.0,0.3604538116527373
2011-01-17,28.15,28.15,27.88,28.05,139000.0,1.0,0.3604538116527373
2011-01-18,28.0,28.14,27.88,28.12,305360.0,1.0,0.3604538116527373
2011-01-19,28.12,28.4,28.12,28.4,1190392.0,1.0,0.3604538116527373
2011-01-20,28.4,28.49,28.3,28.35,294729.0,1.0,0.3604538116527373
2011-01-21,27.85,28.3,27.85,28.2,149099.0,1.0,0.3604538116527373
2011-01-24,28.2,28.23,27.97,27.97,131000.0,1.0,0.3604538116527373
2011-01-25,28.06,28.25,28.06,28.22,137101.0,1.0,0.3604538116527373
2011-01-26,28.22,28.22,28.06,28.16,59000.0,1.0,0.3604538116527373
2011-01-27,28.16,28.25,28.15,28.2,145020.0,1.0,0.3604538116527373
2011-01-28,28.0,28.2,28.0,28.13,139223.0,1.0,0.3604538116527373
2011-02-08,28.21,28.24,28.13,28.13,79585.0,1.0,0.3604538116527373
2011-02-09,28.19,28.2,28.08,28.1,214250.0,1.0,0.3604538116527373
2011-02-10,28.1,28.1,27.56,27.56,225251.0,1.0,0.3604538116527373
2011-02-11,27.5,27.5,26.75,26.82,832100.0,1.0,0.3604538116527373
2011-02-14,26.82,27.1,26.82,27.0,190100.0,1.0,0.3604538116527373
2011-02-15,27.0,27.4,26.7,27.4,131200.0,1.0,0.3604538116527373
2011-02-16,27.2,27.4,27.2,27.26,56529.0,1.0,0.3604538116527373
2011-02-17,27.3,27.3,27.1,27.1,68100.0,1.0,0.3604538116527373
2011-02-18,27.4,27.78,27.4,27.45,67100.0,1.0,0.3604538116527373
2011-02-21,27.7,27.7,27.3,27.4,105019.0,1.0,0.3604538116527373
2011-02-22,27.35,27.35,26.82,26.9,190100.0,1.0,0.3604538116527373
2011-02-23,26.6,27.0,26.6,26.95,91280.0,1.0,0.3604538116527373
2011-02-24,26.7,27.1,26.7,26.71,113000.0,1.0,0.3604538116527373
2011-02-25,26.8,27.1,26.61,27.1,75300.0,1.0,0.3604538116527373
2011-03-01,27.11,27.3,26.72,27.3,78559.0,1.0,0.3604538116527373
2011-03-02,27.3,27.3,26.61,26.61,227200.0,1.0,0.3604538116527373
2011-03-03,26.8,26.8,26.62,26.77,70600.0,1.0,0.3604538116527373
2011-03-04,26.93,26.93,26.68,26.68,68110.0,1.0,0.3604538116527373
2011-03-07,26.75,26.75,26.39,26.46,123800.0,1.0,0.3604538116527373
2011-03-08,26.44,26.65,26.37,26.65,100500.0,1.0,0.3604538116527373
2011-03-09,26.65,26.69,26.5,26.55,57000.0,1.0,0.3604538116527373
2011-03-10,26.5,26.5,26.06,26.3,90401.0,1.0,0.3604538116527373
2011-03-11,26.0,26.17,25.95,26.16,84519.0,1.0,0.3604538116527373
2011-03-14,26.0,26.06,25.6,26.0,205080.0,1.0,0.3604538116527373
2011-03-15,26.0,26.0,24.55,25.01,466873.0,1.0,0.3604538116527373
2011-03-16,25.35,25.64,25.17,25.6,106200.0,1.0,0.3604538116527373
2011-03-17,25.6,25.6,25.15,25.5,112100.0,1.0,0.3604538116527373
2011-03-18,25.8,25.8,25.5,25.78,64170.0,1.0,0.3604538116527373
2011-03-21,26.45,26.45,25.74,25.84,80100.0,1.0,0.3604538116527373
2011-03-22,25.71,26.0,25.71,25.85,46000.0,1.0,0.3604538116527373
2011-03-23,26.0,26.2,25.9,25.99,110499.0,1.0,0.3604538116527373
2011-03-24,26.02,26.2,26.02,26.19,80000.0,1.0,0.3604538116527373
2011-03-25,26.29,26.4,26.2,26.35,139037.0,1.0,0.3604538116527373
2011-03-28,26.2,26.2,26.1,26.1,37120.0,1.0,0.3604538116527373
2011-03-29,26.3,26.41,26.19,26.4,73030.0,1.0,0.3604538116527373
2011-03-30,26.5,26.5,26.3,26.44,70000.0,1.0,0.3604538116527373
2011-03-31,26.45,26.49,26.3,26.3,32000.0,1.0,0.3604538116527373
2011-04-01,26.22,26.4,26.22,26.3,55245.0,1.0,0.3604538116527373
2011-04-06,26.26,26.65,26.26,26.59,155000.0,1.0,0.3604538116527373
2011-04-07,26.65,26.97,26.6,26.67,1122030.0,1.0,0.3604538116527373
2011-04-08,26.67,26.88,26.67,26.73,73175.0,1.0,0.3604538116527373
2011-04-11,26.73,26.76,26.62,26.76,40000.0,1.0,0.3604538116527373
2011-04-12,26.61,26.61,26.5,26.59,64251.0,1.0,0.3604538116527373
2011-04-13,26.5,26.59,26.4,26.5,54000.0,1.0,0.3604538116527373
2011-04-14,26.5,26.7,26.5,26.65,52000.0,1.0,0.3604538116527373
2011-04-15,26.65,26.65,26.53,26.55,60200.0,1.0,0.3604538116527373
2011-04-18,26.55,26.8,26.42,26.5,1068000.0,1.0,0.3604538116527373
2011-04-19,26.5,26.5,26.24,26.3,2096827.0,1.0,0.3604538116527373
2011-04-20,26.37,26.83,26.37,26.7,2075488.0,1.0,0.3604538116527373
2011-04-21,26.7,27.34,26.7,27.08,4239372.0,1.0,0.3604538116527373
2011-04-22,27.15,27.28,27.0,27.05,1081500.0,1.0,0.3604538116527373
2011-04-25,27.1,27.16,26.95,26.95,69260.0,1.0,0.3604538116527373
2011-04-26,26.9,27.05,26.71,27.0,150000.0,1.0,0.3604538116527373
2011-04-27,27.1,27.38,27.1,27.2,3148000.0,1.0,0.3604538116527373
2011-04-28,27.25,27.5,27.23,27.3,1654000.0,1.0,0.3604538116527373
2011-04-29,27.3,27.31,26.95,27.0,1589000.0,1.0,0.3604538116527373
2011-05-03,27.08,27.2,27.0,27.06,105055.0,1.0,0.3604538116527373
2011-05-04,27.06,27.06,26.9,27.04,62030.0,1.0,0.3604538116527373
2011-05-05,27.04,27.2,27.0,27.11,68384.0,1.0,0.3604538116527373
2011-05-06,27.11,27.11,27.0,27.0,61019.0,1.0,0.3604538116527373
2011-05-09,27.0,27.38,27.0,27.25,189431.0,1.0,0.3604538116527373
2011-05-10,27.17,27.25,27.15,27.21,126223.0,1.0,0.3604538116527373
2011-05-11,27.4,27.4,27.21,27.3,42046.0,1.0,0.3604538116527373
2011-05-12,27.21,27.25,27.11,27.24,50000.0,1.0,0.3604538116527373
2011-05-13,27.25,27.47,27.2,27.26,30000.0,1.0,0.3604538116527373
2011-05-16,27.26,27.3,27.17,27.2,39740.0,1.0,0.3604538116527373
2011-05-17,27.02,27.3,27.0,27.15,68050.0,1.0,0.3604538116527373
2011-05-18,27.3,27.3,27.2,27.3,46000.0,1.0,0.3604538116527373
2011-05-19,27.4,27.46,27.06,27.06,78000.0,1.0,0.3604538116527373
2011-05-20,27.05,27.15,26.9,26.9,104000.0,1.0,0.3604538116527373
2011-05-23,26.6,27.04,26.6,26.79,66050.0,1.0,0.3604538116527373
2011-05-24,26.7,26.88,26.65,26.88,166090.0,1.0,0.3604538116527373
2011-05-25,26.86,26.87,26.7,26.86,85000.0,1.0,0.3604538116527373
2011-05-26,26.9,26.99,26.8,26.99,420000.0,1.0,0.3604538116527373
2011-05-27,26.9,27.2,26.9,27.1,56000.0,1.0,0.3604538116527373
2011-05-30,27.2,27.31,27.1,27.23,539000.0,1.0,0.3604538116527373
2011-05-31,27.38,27.71,27.38,27.71,299119.0,1.0,0.3604538116527373
2011-06-01,27.75,27.9,27.75,27.88,140250.0,1.0,0.3604538116527373
2011-06-02,27.5,27.87,27.5,27.78,198053.0,1.0,0.3604538116527373
2011-06-03,27.8,28.1,27.8,28.0,204200.0,1.0,0.3604538116527373
2011-06-07,27.97,28.1,27.83,27.96,3168000.0,1.0,0.3604538116527373
2011-06-08,28.0,28.14,27.91,27.97,5215808.0,1.0,0.3604538116527373
2011-06-09,28.0,28.09,27.67,27.85,5890000.0,1.0,0.3604538116527373
2011-06-10,27.9,27.92,27.53,27.55,236000.0,1.0,0.3604538116527373
2011-06-13,27.5,27.5,27.19,27.2,222050.0,1.0,0.3604538116527373
2011-06-14,27.15,27.52,27.15,27.5,1073000.0,1.0,0.3604538116527373
2011-06-15,27.65,27.8,27.43,27.8,2095000.0,1.0,0.3604538116527373
2011-06-16,27.4,27.5,27.3,27.38,105030.0,1.0,0.3604538116527373
2011-06-17,27.29,27.38,27.09,27.2,288037.0,1.0,0.3604538116527373
2011-06-20,27.25,27.35,27.01,27.09,123050.0,1.0,0.3604538116527373
2011-06-21,27.13,27.26,27.1,27.26,92000.0,1.0,0.3604538116527373
2011-06-22,27.5,27.5,27.1,27.22,575000.0,1.0,0.3604538116527373
2011-06-23,27.22,27.28,27.08,27.1,1841377.0,1.0,0.3604538116527373
2011-06-24,27.08,27.1,26.98,27.03,741000.0,1.0,0.3604538116527373
2011-06-27,27.03,27.1,26.81,27.0,212250.0,1.0,0.3604538116527373
2011-06-28,27.04,27.2,27.04,27.1,230200.0,1.0,0.3604538116527373
2011-06-29,27.25,27.5,27.21,27.5,98100.0,1.0,0.3604538116527373
2011-06-30,27.5,27.8,27.31,27.8,5836015.0,1.0,0.3604538116527373
2011-07-01,27.8,27.9,27.68,27.9,179251.0,1.0,0.3604538116527373
2011-07-04,27.9,28.02,27.89,27.91,398200.0,1.0,0.3604538116527373
2011-07-05,27.91,27.96,27.84,27.92,110255.0,1.0,0.3604538116527373
2011-07-06,27.92,28.03,27.85,28.0,167350.0,1.0,0.3604538116527373
2011-07-07,29.96,29.96,28.11,28.23,312200.0,1.0,0.3604538116527373
2011-07-08,28.35,28.41,28.1,28.28,195000.0,1.0,0.3604538116527373
2011-07-11,28.28,28.28,27.87,28.0,91000.0,1.0,0.3604538116527373
2011-07-12,27.9,28.0,27.57,27.65,83000.0,1.0,0.3604538116527373
2011-07-13,27.8,27.8,27.55,27.55,139050.0,1.0,0.3604538116527373
2011-07-14,27.7,28.0,27.55,27.57,74200.0,1.0,0.3604538116527373
2011-07-15,27.57,27.95,27.57,27.95,78000.0,1.0,0.3604538116527373
2011-07-18,27.95,28.1,27.9,28.09,76050.0,1.0,0.3604538116527373
2011-07-19,27.97,28.1,27.9,27.95,101000.0,1.0,0.3604538116527373
2011-07-20,28.1,28.21,28.0,28.15,167100.0,1.0,0.3604538116527373
2011-07-21,28.2,28.3,28.18,28.2,144000.0,1.0,0.3604538116527373
2011-07-22,28.28,28.6,28.28,28.5,255000.0,1.0,0.3604538116527373
2011-07-25,28.4,28.4,28.13,28.13,93026.0,1.0,0.3604538116527373
2011-07-26,28.13,28.42,28.13,28.41,572000.0,1.0,0.3604538116527373
2011-07-27,28.41,28.5,28.39,28.42,94000.0,1.0,0.3604538116527373
2011-07-28,28.3,28.49,28.27,28.45,51530.0,1.0,0.3604538116527373
2011-07-29,28.3,28.45,28.2,28.2,50000.0,1.0,0.3604538116527373
2011-08-01,28.25,28.44,28.25,28.26,170000.0,1.0,0.3604538116527373
2011-08-02,28.1,28.43,28.1,28.2,73100.0,1.0,0.3604538116527373
2011-08-03,28.0,28.0,27.78,27.9,573000.0,1.0,0.3604538116527373
2011-08-04,28.0,28.05,27.63,27.63,2073040.0,1.0,0.3604538116527373
2011-08-05,27.11,27.11,25.83,25.83,4118628.0,1.0,0.3604538116527373
2011-08-08,25.53,25.56,24.5,25.3,528020.0,1.0,0.3604538116527373
2011-08-09,24.0,25.09,23.9,25.0,2343250.0,1.0,0.3604538116527373
2011-08-10,25.54,25.54,25.23,25.5,203500.0,1.0,0.3604538116527373
2011-08-11,25.0,25.5,24.9,25.5,194200.0,1.0,0.3604538116527373
2011-08-12,25.8,25.95,25.4,25.4,91485.0,1.0,0.3604538116527373
2011-08-15,25.41,25.71,25.41,25.65,75000.0,1.0,0.3604538116527373
2011-08-16,25.72,25.85,25.7,25.7,76250.0,1.0,0.3604538116527373
2011-08-17,25.8,25.8,25.6,25.72,57101.0,1.0,0.3604538116527373
2011-08-18,25.6,25.6,25.19,25.3,92100.0,1.0,0.3604538116527373
2011-08-19,25.1,25.1,24.41,24.41,249040.0,1.0,0.3604538116527373
2011-08-22,24.51,24.72,24.08,24.33,143659.0,1.0,0.3604538116527373
2011-08-23,24.5,25.0,24.5,25.0,73001.0,1.0,0.3604538116527373
2011-08-24,25.11,25.11,24.7,24.8,29300.0,1.0,0.3604538116527373
2011-08-25,25.0,25.0,24.6,24.6,70000.0,1.0,0.3604538116527373
2011-08-26,24.63,24.9,24.63,24.71,26000.0,1.0,0.3604538116527373
2011-08-29,24.91,25.3,24.91,25.07,90000.0,1.0,0.3604538116527373
2011-08-30,25.2,25.25,25.08,25.25,137000.0,1.0,0.3604538116527373
2011-08-31,25.25,25.45,25.2,25.43,74235.0,1.0,0.3604538116527373
2011-09-01,25.46,25.93,25.46,25.66,167055.0,1.0,0.3604538116527373
2011-09-02,25.8,25.8,25.42,25.55,41015.0,1.0,0.3604538116527373
2011-09-05,25.4,25.4,24.89,25.0,126260.0,1.0,0.3604538116527373
2011-09-06,25.1,25.1,24.45,24.5,195120.0,1.0,0.3604538116527373
2011-09-07,24.55,24.91,24.55,24.9,36000.0,1.0,0.3604538116527373
2011-09-08,25.0,25.2,25.0,25.05,44200.0,1.0,0.3604538116527373
2011-09-09,24.71,25.39,24.71,25.12,109001.0,1.0,0.3604538116527373
2011-09-13,25.12,25.12,24.58,24.58,57158.0,1.0,0.3604538116527373
2011-09-14,25.0,25.0,24.2,24.3,127100.0,1.0,0.3604538116527373
2011-09-15,24.71,24.94,24.51,24.8,78000.0,1.0,0.3604538116527373
2011-09-16,25.0,25.5,25.0,25.5,140084.0,1.0,0.3604538116527373
2011-09-19,25.3,25.4,25.08,25.08,120000.0,1.0,0.3604538116527373
2011-09-20,25.08,25.12,24.74,25.07,49000.0,1.0,0.3604538116527373
2011-09-21,25.4,25.4,24.9,25.09,55000.0,1.0,0.3604538116527373
2011-09-22,25.0,25.0,24.39,24.42,147000.0,1.0,0.3604538116527373
2011-09-23,24.4,24.4,23.57,24.09,279537.0,1.0,0.3604538116527373
2011-09-26,24.09,24.09,23.24,23.24,205497.0,1.0,0.3604538116527373
2011-09-27,23.6,23.74,23.55,23.74,106236.0,1.0,0.3604538116527373
2011-09-28,23.75,23.75,23.5,23.51,114150.0,1.0,0.3604538116527373
2011-09-29,23.51,23.9,23.47,23.87,445000.0,1.0,0.3604538116527373
2011-09-30,23.87,24.0,23.72,24.0,28000.0,1.0,0.3604538116527373
2011-10-03,24.0,24.0,23.5,23.59,59500.0,1.0,0.3604538116527373
2011-10-04,23.6,23.89,23.3,23.74,46000.0,1.0,0.3604538116527373
2011-10-05,23.7,23.74,23.58,23.58,11060.0,1.0,0.3604538116527373
2011-10-06,23.7,23.89,23.66,23.73,50000.0,1.0,0.3604538116527373
2011-10-07,23.89,24.08,23.66,23.73,80000.0,1.0,0.3604538116527373
2011-10-11,24.15,24.59,24.15,24.5,243000.0,1.0,0.3604538116527373
2011-10-12,24.4,24.68,24.38,24.61,39205.0,1.0,0.3604538116527373
2011-10-13,24.75,25.05,24.6,24.9,107000.0,1.0,0.3604538116527373
2011-10-14,24.9,24.9,24.7,24.7,85001.0,1.0,0.3604538116527373
2011-10-17,25.0,25.12,24.85,25.12,344100.0,1.0,0.3604538116527373
2011-10-18,25.0,25.0,24.61,24.72,371000.0,1.0,0.3604538116527373
2011-10-19,25.2,25.3,24.92,25.04,2853410.0,1.0,0.3604538116527373
2011-10-20,25.34,25.35,24.8,24.9,3645305.0,1.0,0.3604538116527373
2011-10-21,25.0,25.0,24.4,24.84,3245299.0,1.0,0.3604538116527373
2011-10-24,25.2,25.3,25.0,25.14,3102001.0,1.0,0.3604538116527373
2011-10-25,25.22,25.23,25.1,25.21,5834276.0,1.0,0.3604538116527373
2011-10-26,22.93,23.0,22.72,23.0,1726344.0,0.9127330424434749,0.39491701832966136
2011-10-27,23.0,23.03,22.85,22.95,737101.0,1.0,0.39491701832966136
2011-10-28,23.12,23.35,23.05,23.12,893768.0,1.0,0.39491701832966136
2011-10-31,23.2,23.2,22.9,22.98,759120.0,1.0,0.39491701832966136
2011-11-01,22.98,23.17,22.87,23.14,654309.0,1.0,0.39491701832966136
2011-11-02,22.85,23.2,22.68,23.18,1440060.0,1.0,0.39491701832966136
2011-11-03,23.06,23.11,22.85,22.92,657998.0,1.0,0.39491701832966136
2011-11-04,23.03,23.45,23.03,23.44,1183939.0,1.0,0.39491701832966136
2011-11-07,23.5,23.51,23.31,23.46,330720.0,1.0,0.39491701832966136
2011-11-08,23.46,23.62,23.4,23.42,763608.0,1.0,0.39491701832966136
2011-11-09,23.6,23.6,23.36,23.36,382724.0,1.0,0.39491701832966136
2011-11-10,23.3,23.3,22.5,22.72,1904955.0,1.0,0.39491701832966136
2011-11-11,22.82,22.9,22.65,22.87,429944.0,1.0,0.39491701832966136
2011-11-14,23.0,23.32,23.0,23.24,547249.0,1.0,0.39491701832966136
2011-11-15,23.24,23.28,23.1,23.14,181950.0,1.0,0.39491701832966136
2011-11-16,23.15,23.31,22.89,22.93,448041.0,1.0,0.39491701832966136
2011-11-17,22.9,22.93,22.62,22.93,365069.0,1.0,0.39491701832966136
2011-11-18,22.9,22.9,22.55,22.56,868100.0,1.0,0.39491701832966136
2011-11-21,22.84,22.84,21.88,21.9,1536500.0,1.0,0.39491701832966136
2011-11-22,21.9,21.98,21.66,21.81,540098.0,1.0,0.39491701832966136
2011-11-23,21.75,21.75,21.15,21.15,1346549.0,1.0,0.39491701832966136
2011-11-24,21.1,21.56,20.91,21.31,613905.0,1.0,0.39491701832966136
2011-11-25,21.35,21.5,21.0,21.2,756298.0,1.0,0.39491701832966136
2011-11-28,21.5,21.5,21.3,21.42,217800.0,1.0,0.39491701832966136
2011-11-29,21.6,21.67,21.51,21.66,363418.0,1.0,0.39491701832966136
2011-11-30,21.68,21.68,21.39,21.51,400950.0,1.0,0.39491701832966136
2011-12-01,21.8,22.74,21.8,22.68,984293.0,1.0,0.39491701832966136
2011-12-02,22.68,22.68,22.39,22.46,307873.0,1.0,0.39491701832966136
2011-12-05,22.5,22.5,22.17,22.46,213090.0,1.0,0.39491701832966136
2011-12-06,22.5,22.5,22.0,22.01,452009.0,1.0,0.39491701832966136
2011-12-07,22.1,22.28,22.1,22.2,228677.0,1.0,0.39491701832966136
2011-12-08,22.16,22.16,21.9,22.03,313605.0,1.0,0.39491701832966136
2011-12-09,21.7,22.0,21.68,21.89,305000.0,1.0,0.39491701832966136
2011-12-12,22.16,22.16,21.85,21.9,292833.0,1.0,0.39491701832966136
2011-12-13,21.78,21.86,21.58,21.8,279580.0,1.0,0.39491701832966136
2011-12-14,21.88,21.89,21.7,21.85,112251.0,1.0,0.39491701832966136
2011-12-15,21.75,21.75,21.45,21.46,569499.0,1.0,0.39491701832966136
2011-12-16,21.48,21.53,21.39,21.45,446070.0,1.0,0.39491701832966136
2011-12-19,21.31,21.32,20.78,20.86,1212280.0,1.0,0.39491701832966136
2011-12-20,20.86,21.04,20.84,20.89,685798.0,1.0,0.39491701832966136
2011-12-21,21.5,21.84,21.41,21.82,523950.0,1.0,0.39491701832966136
2011-12-22,21.82,21.82,21.66,21.78,275049.0,1.0,0.39491701832966136
2011-12-23,21.93,22.3,21.93,22.25,560268.0,1.0,0.39491701832966136
2011-12-26,22.35,22.35,22.15,22.25,196932.0,1.0,0.39491701832966136
2011-12-27,22.28,22.28,22.04,22.16,259232.0,1.0,0.39491701832966136
2011-12-28,22.16,22.16,22.1,22.12,135899.0,1.0,0.39491701832966136
2011-12-29,22.1,22.15,21.95,22.15,187064.0,1.0,0.39491701832966136
2011-12-30,22.47,22.47,22.12,22.14,258630.0,1.0,0.39491701832966136
2012-01-02,22.14,22.14,21.82,21.88,338860.0,1.0,0.39491701832966136
2012-01-03,21.95,22.19,21.95,22.12,486865.0,1.0,0.39491701832966136
2012-01-04,22.15,22.25,22.12,22.2,138587.0,1.0,0.39491701832966136
2012-01-05,22.2,22.34,22.11,22.34,319403.0,1.0,0.39491701832966136
2012-01-06,22.34,22.43,22.3,22.41,250524.0,1.0,0.39491701832966136
2012-01-09,22.41,22.41,22.2,22.31,318720.0,1.0,0.39491701832966136
2012-01-10,22.37,22.78,22.37,22.75,866880.0,1.0,0.39491701832966136
2012-01-11,22.8,22.85,22.77,22.8,429925.0,1.0,0.39491701832966136
2012-01-12,22.82,22.91,22.8,22.9,480999.0,1.0,0.39491701832966136
2012-01-13,23.04,23.06,22.7,22.8,825265.0,1.0,0.39491701832966136
2012-01-16,23.05,23.05,22.59,22.67,653797.0,1.0,0.39491701832966136
2012-01-17,22.72,23.0,22.72,22.96,436871.0,1.0,0.39491701832966136
2012-01-18,23.0,23.15,22.96,23.02,749505.0,1.0,0.39491701832966136
2012-01-30,23.48,23.8,23.48,23.66,1077574.0,1.0,0.39491701832966136
2012-01-31,23.66,23.88,23.64,23.78,512642.0,1.0,0.39491701832966136
2012-02-01,23.82,24.11,23.8,24.04,593543.0,1.0,0.39491701832966136
2012-02-02,24.2,24.45,24.2,24.45,866965.0,1.0,0.39491701832966136
2012-02-03,24.5,24.55,24.34,24.49,670618.0,1.0,0.39491701832966136
2012-02-04,24.64,24.83,24.64,24.67,468855.0,1.0,0.39491701832966136
2012-02-06,24.67,24.67,24.3,24.37,693138.0,1.0,0.39491701832966136
2012-02-07,24.35,24.5,24.33,24.48,647220.0,1.0,0.39491701832966136
2012-02-08,24.48,25.01,24.48,25.0,689422.0,1.0,0.39491701832966136
2012-02-09,25.0,25.15,24.96,25.11,1049955.0,1.0,0.39491701832966136
2012-02-10,25.11,25.15,24.91,25.0,632127.0,1.0,0.39491701832966136
2012-02-13,24.98,25.11,24.9,25.08,652881.0,1.0,0.39491701832966136
2012-02-14,25.05,25.15,24.72,24.86,484031.0,1.0,0.39491701832966136
2012-02-15,25.0,25.19,24.9,25.15,723497.0,1.0,0.39491701832966136
2012-02-16,25.06,25.25,25.0,25.0,813879.0,1.0,0.39491701832966136
2012-02-17,25.1,25.3,24.97,25.05,1195552.0,1.0,0.39491701832966136
2012-02-20,25.13,25.25,25.12,25.18,297693.0,1.0,0.39491701832966136
2012-02-21,25.18,25.2,24.9,25.09,358109.0,1.0,0.39491701832966136
2012-02-22,25.09,25.42,25.03,25.25,610302.0,1.0,0.39491701832966136
2012-02-23,25.2,25.4,25.2,25.24,344360.0,1.0,0.39491701832966136
2012-02-24,25.24,25.29,25.09,25.17,177470.0,1.0,0.39491701832966136
2012-02-29,25.35,25.73,25.35,25.59,623319.0,1.0,0.39491701832966136
2012-03-01,25.7,25.83,25.63,25.72,478965.0,1.0,0.39491701832966136
2012-03-02,25.78,25.9,25.69,25.69,562857.0,1.0,0.39491701832966136
2012-03-03,25.62,25.64,25.5,25.55,205910.0,1.0,0.39491701832966136
2012-03-05,25.57,25.57,25.18,25.19,340775.0,1.0,0.39491701832966136
2012-03-06,25.08,25.29,24.87,25.02,760658.0,1.0,0.39491701832966136
2012-03-07,24.83,25.02,24.75,24.9,398274.0,1.0,0.39491701832966136
2012-03-08,24.93,25.2,24.92,25.18,190100.0,1.0,0.39491701832966136
2012-03-09,25.5,25.5,25.0,25.15,426473.0,1.0,0.39491701832966136
2012-03-12,25.17,25.2,25.0,25.0,212789.0,1.0,0.39491701832966136
2012-03-13,25.0,25.27,25.0,25.24,293280.0,1.0,0.39491701832966136
2012-03-14,25.55,25.77,25.42,25.46,380725.0,1.0,0.39491701832966136
2012-03-15,25.4,25.55,25.4,25.5,168900.0,1.0,0.39491701832966136
2012-03-16,25.5,25.5,25.31,25.4,160350.0,1.0,0.39491701832966136
2012-03-19,25.4,25.44,25.14,25.21,221390.0,1.0,0.39491701832966136
2012-03-20,25.25,25.28,25.1,25.1,107067.0,1.0,0.39491701832966136
2012-03-21,25.1,25.27,24.96,25.05,301624.0,1.0,0.39491701832966136
2012-03-22,25.1,25.2,25.02,25.2,165060.0,1.0,0.39491701832966136
2012-03-23,25.2,25.2,25.1,25.18,65650.0,1.0,0.39491701832966136
2012-03-26,25.08,25.08,24.84,24.91,622447.0,1.0,0.39491701832966136
2012-03-27,24.95,25.0,24.84,24.9,377470.0,1.0,0.39491701832966136
2012-03-28,24.9,25.0,24.87,24.92,259199.0,1.0,0.39491701832966136
2012-03-29,24.92,24.92,24.3,24.48,893999.0,1.0,0.39491701832966136
2012-03-30,24.48,24.53,24.31,24.53,466999.0,1.0,0.39491701832966136
2012-04-02,24.52,24.59,24.41,24.55,233999.0,1.0,0.39491701832966136
2012-04-03,24.56,24.66,24.27,24.3,504347.0,1.0,0.39491701832966136
2012-04-05,24.0,24.0,23.5,23.83,885445.0,1.0,0.39491701832966136
2012-04-06,23.83,24.0,23.8,24.0,339722.0,1.0,0.39491701832966136
2012-04-09,24.0,24.0,23.6,23.9,210598.0,1.0,0.39491701832966136
2012-04-10,24.0,24.15,23.95,24.0,244893.0,1.0,0.39491701832966136
2012-04-11,23.85,24.04,23.81,24.02,161940.0,1.0,0.39491701832966136
2012-04-12,24.02,24.1,23.91,24.05,190179.0,1.0,0.39491701832966136
2012-04-13,24.4,24.44,24.2,24.34,355797.0,1.0,0.39491701832966136
2012-04-16,24.33,24.33,24.17,24.33,113263.0,1.0,0.39491701832966136
2012-04-17,24.33,24.33,23.81,23.87,504999.0,1.0,0.39491701832966136
2012-04-18,24.15,24.15,23.86,23.97,237500.0,1.0,0.39491701832966136
2012-04-19,23.92,24.07,23.71,23.97,248564.0,1.0,0.39491701832966136
2012-04-20,23.81,23.92,23.73,23.73,402426.0,1.0,0.39491701832966136
2012-04-23,23.73,23.77,23.54,23.68,388141.0,1.0,0.39491701832966136
2012-04-24,23.56,23.8,23.55,23.7,212032.0,1.0,0.39491701832966136
2012-04-25,23.78,23.86,23.74,23.85,121790.0,1.0,0.39491701832966136
2012-04-26,23.85,23.96,23.82,23.82,88910.0,1.0,0.39491701832966136
2012-04-27,23.89,23.98,23.64,23.68,225200.0,1.0,0.39491701832966136
2012-04-30,23.63,23.85,23.62,23.84,51657.0,1.0,0.39491701832966136
2012-05-02,23.9,24.38,23.9,24.35,349387.0,1.0,0.39491701832966136
2012-05-03,24.35,24.46,24.3,24.37,107100.0,1.0,0.39491701832966136
2012-05-04,24.37,24.45,24.19,24.45,111120.0,1.0,0.39491701832966136
2012-05-07,24.3,24.4,23.91,24.1,293424.0,1.0,0.39491701832966136
2012-05-08,24.16,24.2,24.05,24.13,104868.0,1.0,0.39491701832966136
2012-05-09,24.1,24.1,23.87,24.01,230299.0,1.0,0.39491701832966136
2012-05-10,24.1,24.1,23.87,23.9,154187.0,1.0,0.39491701832966136
2012-05-11,24.0,24.0,23.68,23.76,380547.0,1.0,0.39491701832966136
2012-05-14,23.75,23.76,23.58,23.67,239067.0,1.0,0.39491701832966136
2012-05-15,23.54,23.7,23.45,23.7,387998.0,1.0,0.39491701832966136
2012-05-16,23.6,23.7,23.35,23.38,464935.0,1.0,0.39491701832966136
2012-05-17,23.5,23.52,23.38,23.5,267605.0,1.0,0.39491701832966136
2012-05-18,23.2,23.28,22.95,22.98,1202919.0,1.0,0.39491701832966136
2012-05-21,23.0,23.18,23.0,23.05,213380.0,1.0,0.39491701832966136
2012-05-22,23.45,23.45,23.13,23.16,359830.0,1.0,0.39491701832966136
2012-05-23,23.15,23.29,22.83,22.9,571169.0,1.0,0.39491701832966136
2012-05-24,22.9,22.96,22.64,22.69,566586.0,1.0,0.39491701832966136
2012-05-25,22.7,22.75,22.54,22.58,1390066.0,1.0,0.39491701832966136
2012-05-28,22.8,22.81,22.5,22.78,767230.0,1.0,0.39491701832966136
2012-05-29,22.85,23.3,22.8,23.29,376999.0,1.0,0.39491701832966136
2012-05-30,23.2,23.2,23.03,23.19,445732.0,1.0,0.39491701832966136
2012-05-31,23.2,23.2,22.78,23.19,564754.0,1.0,0.39491701832966136
2012-06-01,23.19,23.19,22.8,22.89,1445208.0,1.0,0.39491701832966136
2012-06-04,22.5,22.55,22.18,22.31,1327041.0,1.0,0.39491701832966136
2012-06-05,22.43,22.63,22.42,22.53,347377.0,1.0,0.39491701832966136
2012-06-06,22.6,22.77,22.56,22.72,198466.0,1.0,0.39491701832966136
2012-06-07,22.9,22.92,22.68,22.72,321265.0,1.0,0.39491701832966136
2012-06-08,22.7,22.72,22.52,22.6,228829.0,1.0,0.39491701832966136
2012-06-11,22.78,22.91,22.76,22.84,124201.0,1.0,0.39491701832966136
2012-06-12,22.83,22.96,22.61,22.95,137000.0,1.0,0.39491701832966136
2012-06-13,22.97,22.97,22.68,22.78,886998.0,1.0,0.39491701832966136
2012-06-14,22.78,22.84,22.78,22.79,98388.0,1.0,0.39491701832966136
2012-06-15,22.83,23.0,22.79,23.0,178198.0,1.0,0.39491701832966136
2012-06-18,23.21,23.39,23.21,23.33,393436.0,1.0,0.39491701832966136
2012-06-19,23.35,23.38,23.21,23.25,123666.0,1.0,0.39491701832966136
2012-06-20,23.3,23.4,23.28,23.4,149203.0,1.0,0.39491701832966136
2012-06-21,23.4,23.4,23.28,23.3,116000.0,1.0,0.39491701832966136
2012-06-22,23.15,23.25,23.05,23.2,183700.0,1.0,0.39491701832966136
2012-06-25,23.05,23.1,22.95,23.08,264200.0,1.0,0.39491701832966136
2012-06-26,23.05,23.08,23.02,23.08,125791.0,1.0,0.39491701832966136
2012-06-27,23.08,23.27,22.97,23.15,177380.0,1.0,0.39491701832966136
2012-06-28,23.29,23.3,23.08,23.16,99000.0,1.0,0.39491701832966136
2012-06-29,23.16,23.4,23.16,23.4,243700.0,1.0,0.39491701832966136
2012-07-02,23.5,23.67,23.5,23.67,194115.0,1.0,0.39491701832966136
2012-07-03,23.74,24.15,23.71,24.05,510152.0,1.0,0.39491701832966136
2012-07-04,24.28,24.28,24.0,24.03,701400.0,1.0,0.39491701832966136
2012-07-05,24.03,24.1,23.93,24.0,189475.0,1.0,0.39491701832966136
2012-07-06,24.0,24.14,23.85,23.9,1476255.0,1.0,0.39491701832966136
2012-07-09,23.9,23.99,23.8,23.95,1906444.0,1.0,0.39491701832966136
2012-07-10,23.95,23.95,23.75,23.77,167197.0,1.0,0.39491701832966136
2012-07-11,23.77,23.8,23.7,23.77,78450.0,1.0,0.39491701832966136
2012-07-12,23.77,23.77,23.5,23.54,326899.0,1.0,0.39491701832966136
2012-07-13,23.45,23.52,23.4,23.45,322874.0,1.0,0.39491701832966136
2012-07-16,23.6,23.6,23.3,23.34,225999.0,1.0,0.39491701832966136
2012-07-17,23.35,23.54,23.34,23.47,175141.0,1.0,0.39491701832966136
2012-07-18,23.5,23.5,23.3,23.32,255905.0,1.0,0.39491701832966136
2012-07-19,23.4,23.58,23.4,23.58,195985.0,1.0,0.39491701832966136
2012-07-20,23.6,23.66,23.55,23.58,156550.0,1.0,0.39491701832966136
2012-07-23,23.5,23.5,23.25,23.38,428584.0,1.0,0.39491701832966136
2012-07-24,23.35,23.35,23.17,23.23,668140.0,1.0,0.39491701832966136
2012-07-25,23.08,23.3,23.05,23.21,475002.0,1.0,0.39491701832966136
2012-07-26,23.28,23.36,23.26,23.32,118565.0,1.0,0.39491701832966136
2012-07-27,23.35,23.59,23.35,23.59,234380.0,1.0,0.39491701832966136
2012-07-30,23.59,23.8,23.59,23.79,351982.0,1.0,0.39491701832966136
2012-07-31,23.78,24.05,23.68,24.05,629438.0,1.0,0.39491701832966136
2012-08-01,24.05,24.19,24.0,24.14,410949.0,1.0,0.39491701832966136
2012-08-03,24.1,24.11,23.93,23.93,462968.0,1.0,0.39491701832966136
2012-08-06,24.23,24.35,24.19,24.24,369700.0,1.0,0.39491701832966136
2012-08-07,24.25,24.35,24.24,24.25,433000.0,1.0,0.39491701832966136
2012-08-08,24.38,24.57,24.38,24.5,697600.0,1.0,0.39491701832966136
2012-08-09,24.55,24.9,24.55,24.87,662984.0,1.0,0.39491701832966136
2012-08-10,24.87,24.88,24.79,24.83,586056.0,1.0,0.39491701832966136
2012-08-13,24.75,24.83,24.71,24.72,274202.0,1.0,0.39491701832966136
2012-08-14,24.77,24.97,24.76,24.77,428474.0,1.0,0.39491701832966136
2012-08-15,24.77,24.8,24.68,24.7,189398.0,1.0,0.39491701832966136
2012-08-16,24.72,25.05,24.72,25.0,1329146.0,1.0,0.39491701832966136
2012-08-17,25.03,25.18,25.03,25.12,513638.0,1.0,0.39491701832966136
2012-08-20,25.12,25.12,24.77,24.86,1019879.0,1.0,0.39491701832966136
2012-08-21,24.86,25.18,24.86,25.06,414220.0,1.0,0.39491701832966136
2012-08-22,25.06,25.06,24.94,24.99,242924.0,1.0,0.39491701832966136
2012-08-23,24.99,25.1,24.97,25.03,315838.0,1.0,0.39491701832966136
2012-08-24,24.85,25.0,24.85,24.91,210100.0,1.0,0.39491701832966136
2012-08-27,25.05,25.1,24.78,24.82,315199.0,1.0,0.39491701832966136
2012-08-28,24.7,24.75,24.6,24.63,576299.0,1.0,0.39491701832966136
2012-08-29,24.6,24.71,24.53,24.66,529533.0,1.0,0.39491701832966136
2012-08-30,24.5,24.55,24.45,24.45,636525.0,1.0,0.39491701832966136
2012-08-31,24.4,24.73,24.4,24.71,286398.0,1.0,0.39491701832966136
2012-09-03,24.71,24.8,24.56,24.79,378545.0,1.0,0.39491701832966136
2012-09-04,24.8,24.8,24.69,24.76,286750.0,1.0,0.39491701832966136
2012-09-05,24.69,24.7,24.51,24.55,509164.0,1.0,0.39491701832966136
2012-09-06,24.55,24.55,24.35,24.42,1206090.0,1.0,0.39491701832966136
2012-09-07,24.7,24.7,24.58,24.63,427577.0,1.0,0.39491701832966136
2012-09-10,24.65,24.77,24.64,24.75,242501.0,1.0,0.39491701832966136
2012-09-11,24.75,24.77,24.68,24.72,241773.0,1.0,0.39491701832966136
2012-09-12,24.75,24.94,24.75,24.94,340010.0,1.0,0.39491701832966136
2012-09-13,24.95,25.02,24.94,24.96,272086.0,1.0,0.39491701832966136
2012-09-14,25.1,25.29,25.1,25.24,822840.0,1.0,0.39491701832966136
2012-09-17,25.25,25.4,25.24,25.38,585287.0,1.0,0.39491701832966136
2012-09-18,25.35,25.39,25.3,25.38,364796.0,1.0,0.39491701832966136
2012-09-19,25.38,25.38,25.26,25.35,282980.0,1.0,0.39491701832966136
2012-09-20,25.35,25.39,25.17,25.26,338285.0,1.0,0.39491701832966136
2012-09-21,25.2,25.42,25.2,25.4,488950.0,1.0,0.39491701832966136
2012-09-24,25.4,25.47,25.25,25.42,199616.0,1.0,0.39491701832966136
2012-09-25,25.4,25.47,25.29,25.32,455700.0,1.0,0.39491701832966136
2012-09-26,25.23,25.23,25.0,25.0,731798.0,1.0,0.39491701832966136
2012-09-27,25.0,25.12,24.94,24.95,415791.0,1.0,0.39491701832966136
2012-09-28,24.96,25.08,24.88,25.0,365228.0,1.0,0.39491701832966136
2012-10-01,24.98,25.01,24.9,24.98,381700.0,1.0,0.39491701832966136
2012-10-02,24.98,25.1,24.98,25.07,207828.0,1.0,0.39491701832966136
2012-10-03,25.0,25.07,24.94,24.94,437116.0,1.0,0.39491701832966136
2012-10-04,24.94,24.94,24.62,24.79,963602.0,1.0,0.39491701832966136
2012-10-05,24.78,24.83,24.68,24.73,477925.0,1.0,0.39491701832966136
2012-10-08,24.8,24.8,24.53,24.55,763069.0,1.0,0.39491701832966136
2012-10-09,24.55,24.55,24.43,24.46,1053122.0,1.0,0.39491701832966136
2012-10-11,24.18,24.18,23.92,23.97,2394709.0,1.0,0.39491701832966136
2012-10-12,23.96,24.05,23.75,23.9,3115498.0,1.0,0.39491701832966136
2012-10-15,23.91,23.93,23.72,23.85,3679631.0,1.0,0.39491701832966136
2012-10-16,23.96,23.96,23.8,23.88,3783996.0,1.0,0.39491701832966136
2012-10-17,24.0,24.07,23.95,23.96,4219385.0,1.0,0.39491701832966136
2012-10-18,24.0,24.0,23.83,23.89,3108012.0,1.0,0.39491701832966136
2012-10-19,23.88,23.88,23.75,23.85,3016323.0,1.0,0.39491701832966136
2012-10-22,23.68,23.89,23.58,23.88,3909604.0,1.0,0.39491701832966136
2012-10-23,23.88,24.4,23.85,24.4,3867688.0,1.0,0.39491701832966136
2012-10-24,22.28,22.45,22.19,22.38,8147998.0,0.9467213114754098,0.417141785594967
2012-10-25,22.38,22.44,22.16,22.23,2815266.0,1.0,0.417141785594967
2012-10-26,22.25,22.25,21.4,21.4,6784408.0,1.0,0.417141785594967
2012-10-29,21.46,21.46,21.17,21.19,4502461.0,1.0,0.417141785594967
2012-10-30,21.25,21.39,21.18,21.27,3200400.0,1.0,0.417141785594967
2012-10-31,21.4,21.42,21.13,21.19,1590431.0,1.0,0.417141785594967
2012-11-01,21.15,21.59,20.76,21.3,4634887.0,1.0,0.417141785594967
2012-11-02,21.35,21.44,21.28,21.34,3417777.0,1.0,0.417141785594967
2012-11-05,21.26,21.33,21.11,21.17,4027481.0,1.0,0.417141785594967
2012-11-06,21.17,21.37,21.1,21.37,2338061.0,1.0,0.417141785594967
2012-11-07,21.37,21.49,21.2,21.46,1731154.0,1.0,0.417141785594967
2012-11-08,21.28,21.31,21.18,21.28,1576644.0,1.0,0.417141785594967
2012-11-09,21.18,21.53,21.12,21.5,1864587.0,1.0,0.417141785594967
2012-11-12,21.5,21.59,21.47,21.55,970105.0,1.0,0.417141785594967
2012-11-13,21.32,21.48,21.11,21.15,2800338.0,1.0,0.417141785594967
2012-11-14,21.12,21.25,21.12,21.24,879346.0,1.0,0.417141785594967
2012-11-15,21.22,21.3,21.05,21.29,886100.0,1.0,0.417141785594967
2012-11-16,21.28,21.45,21.24,21.28,686145.0,1.0,0.417141785594967
2012-11-19,21.31,21.38,21.3,21.32,419447.0,1.0,0.417141785594967
2012-11-20,21.44,21.45,21.28,21.29,697845.0,1.0,0.417141785594967
2012-11-21,21.34,21.34,21.02,21.12,1320123.0,1.0,0.417141785594967
2012-11-22,21.18,21.21,21.1,21.14,1026102.0,1.0,0.417141785594967
2012-11-23,21.18,21.55,21.18,21.55,1584104.0,1.0,0.417141785594967
2012-11-26,21.65,21.85,21.65,21.8,1139335.0,1.0,0.417141785594967
2012-11-27,21.8,21.94,21.8,21.82,1209869.0,1.0,0.417141785594967
2012-11-28,21.85,21.93,21.82,21.9,568151.0,1.0,0.417141785594967
2012-11-29,22.0,22.17,21.97,22.14,1550520.0,1.0,0.417141785594967
2012-11-30,22.2,22.48,22.19,22.41,1455029.0,1.0,0.417141785594967
2012-12-03,22.44,22.57,22.39,22.43,1791464.0,1.0,0.417141785594967
2012-12-04,22.39,22.45,22.33,22.45,1212499.0,1.0,0.417141785594967
2012-12-05,22.45,22.73,22.44,22.68,2668331.0,1.0,0.417141785594967
2012-12-06,22.68,22.82,22.63,22.65,2127630.0,1.0,0.417141785594967
2012-12-07,22.63,22.77,22.52,22.54,2348498.0,1.0,0.417141785594967
2012-12-10,22.54,22.68,22.51,22.57,954828.0,1.0,0.417141785594967
2012-12-11,22.59,22.64,22.43,22.54,1168345.0,1.0,0.417141785594967
2012-12-12,22.6,22.79,22.6,22.71,1531830.0,1.0,0.417141785594967
2012-12-13,22.73,22.88,22.72,22.85,1324786.0,1.0,0.417141785594967
2012-12-14,22.85,22.85,22.75,22.75,1392788.0,1.0,0.417141785594967
2012-12-17,22.72,22.72,22.48,22.52,1064376.0,1.0,0.417141785594967
2012-12-18,22.52,22.55,22.44,22.5,762700.0,1.0,0.417141785594967
2012-12-19,22.55,22.66,22.53,22.55,1262120.0,1.0,0.417141785594967
2012-12-20,22.5,22.55,22.41,22.41,641599.0,1.0,0.417141785594967
2012-12-21,22.38,22.41,22.2,22.31,967341.0,1.0,0.417141785594967
2012-12-22,22.33,22.4,22.33,22.39,275579.0,1.0,0.417141785594967
2012-12-24,22.31,22.49,22.31,22.41,217640.0,1.0,0.417141785594967
2012-12-25,22.41,22.67,22.41,22.62,1077913.0,1.0,0.417141785594967
2012-12-26,22.62,22.65,22.55,22.59,837000.0,1.0,0.417141785594967
2012-12-27,22.49,22.68,22.49,22.62,410370.0,1.0,0.417141785594967
2012-12-28,22.7,22.79,22.7,22.78,3090808.0,1.0,0.417141785594967
2013-01-02,22.83,23.05,22.83,22.95,1623612.0,1.0,0.417141785594967
2013-01-03,23.05,23.15,23.05,23.06,1423832.0,1.0,0.417141785594967
2013-01-04,23.06,23.06,22.9,22.95,521879.0,1.0,0.417141785594967
2013-01-07,22.95,23.0,22.82,22.97,951774.0,1.0,0.417141785594967
2013-01-08,22.95,22.97,22.78,22.8,718177.0,1.0,0.417141785594967
2013-01-09,22.8,22.99,22.77,22.89,276670.0,1.0,0.417141785594967
2013-01-10,22.95,23.08,22.95,23.06,625219.0,1.0,0.417141785594967
2013-01-11,23.1,23.14,23.0,23.03,423172.0,1.0,0.417141785594967
2013-01-14,22.93,23.15,22.84,23.15,415928.0,1.0,0.417141785594967
2013-01-15,23.1,23.2,23.04,23.07,839134.0,1.0,0.417141785594967
2013-01-16,23.07,23.14,22.99,23.08,940360.0,1.0,0.417141785594967
2013-01-17,23.1,23.21,22.78,22.82,1183603.0,1.0,0.417141785594967
2013-01-18,22.95,23.08,22.95,23.06,504365.0,1.0,0.417141785594967
2013-01-21,23.05,23.18,23.01,23.15,563528.0,1.0,0.417141785594967
2013-01-22,23.15,23.28,23.14,23.25,930313.0,1.0,0.417141785594967
2013-01-23,23.25,23.3,23.14,23.14,1018095.0,1.0,0.417141785594967
2013-01-24,23.12,23.18,23.04,23.09,2502330.0,1.0,0.417141785594967
2013-01-25,23.06,23.16,23.06,23.1,1416400.0,1.0,0.417141785594967
2013-01-28,23.16,23.24,23.15,23.22,1975160.0,1.0,0.417141785594967
2013-01-29,23.35,23.46,23.31,23.42,2021569.0,1.0,0.417141785594967
2013-01-30,23.5,23.68,23.48,23.64,1848366.0,1.0,0.417141785594967
2013-01-31,23.65,23.76,23.63,23.76,2894849.0,1.0,0.417141785594967
2013-02-01,23.76,23.89,23.76,23.83,1888669.0,1.0,0.417141785594967
2013-02-04,23.9,23.99,23.85,23.9,1750660.0,1.0,0.417141785594967
2013-02-05,23.86,23.86,23.75,23.82,965409.0,1.0,0.417141785594967
2013-02-06,23.83,23.87,23.65,23.68,1383653.0,1.0,0.417141785594967
2013-02-18,23.78,23.82,23.69,23.75,711786.0,1.0,0.417141785594967
2013-02-19,23.74,23.79,23.66,23.72,998836.0,1.0,0.417141785594967
2013-02-20,23.82,23.86,23.77,23.82,967660.0,1.0,0.417141785594967
2013-02-21,23.8,23.8,23.7,23.73,610301.0,1.0,0.417141785594967
2013-02-22,23.7,23.7,23.51,23.7,822546.0,1.0,0.417141785594967
2013-02-23,23.6,23.73,23.6,23.67,489218.0,1.0,0.417141785594967
2013-02-25,23.67,23.7,23.6,23.62,249451.0,1.0,0.417141785594967
2013-02-26,23.5,23.59,23.42,23.52,602700.0,1.0,0.417141785594967
2013-02-27,23.54,23.7,23.54,23.58,285686.0,1.0,0.417141785594967
2013-03-01,23.64,23.78,23.64,23.76,725421.0,1.0,0.417141785594967
2013-03-04,23.76,23.76,23.57,23.6,857204.0,1.0,0.417141785594967
2013-03-05,23.61,23.69,23.58,23.69,644815.0,1.0,0.417141785594967
2013-03-06,23.8,23.8,23.7,23.75,874702.0,1.0,0.417141785594967
2013-03-07,23.75,23.79,23.64,23.7,327324.0,1.0,0.417141785594967
2013-03-08,23.73,23.87,23.73,23.8,1098850.0,1.0,0.417141785594967
2013-03-11,23.8,23.85,23.77,23.8,404946.0,1.0,0.417141785594967
2013-03-12,23.8,23.85,23.67,23.69,346495.0,1.0,0.417141785594967
2013-03-13,23.7,23.73,23.46,23.51,931920.0,1.0,0.417141785594967
2013-03-14,23.51,23.51,23.4,23.5,495466.0,1.0,0.417141785594967
2013-03-15,23.5,23.54,23.28,23.3,1147030.0,1.0,0.417141785594967
2013-03-18,23.23,23.23,23.05,23.17,1006992.0,1.0,0.417141785594967
2013-03-19,23.05,23.1,23.0,23.02,1842808.0,1.0,0.417141785594967
2013-03-20,22.85,22.98,22.8,22.84,1693767.0,1.0,0.417141785594967
2013-03-21,22.84,23.1,22.84,23.06,483568.0,1.0,0.417141785594967
2013-03-22,23.0,23.08,22.95,23.04,256644.0,1.0,0.417141785594967
2013-03-25,23.1,23.19,23.1,23.14,277787.0,1.0,0.417141785594967
2013-03-26,23.19,23.19,23.08,23.08,298578.0,1.0,0.417141785594967
2013-03-27,23.08,23.19,23.08,23.17,283100.0,1.0,0.417141785594967
2013-03-28,23.19,23.19,23.09,23.1,255198.0,1.0,0.417141785594967
2013-03-29,23.2,23.2,23.1,23.2,349188.0,1.0,0.417141785594967
2013-04-01,23.25,23.25,23.11,23.15,226183.0,1.0,0.417141785594967
2013-04-02,23.15,23.2,23.11,23.17,323015.0,1.0,0.417141785594967
2013-04-03,23.25,23.33,23.2,23.33,560105.0,1.0,0.417141785594967
2013-04-08,23.2,23.2,22.93,22.98,2564094.0,1.0,0.417141785594967
2013-04-09,22.98,23.0,22.85,22.91,1888834.0,1.0,0.417141785594967
2013-04-10,23.03,23.03,22.89,22.9,912778.0,1.0,0.417141785594967
2013-04-11,23.0,23.13,22.96,23.1,745467.0,1.0,0.417141785594967
2013-04-12,23.13,23.15,23.06,23.09,319399.0,1.0,0.417141785594967
2013-04-15,23.1,23.15,23.0,23.04,467304.0,1.0,0.417141785594967
2013-04-16,23.0,23.04,22.88,23.04,689720.0,1.0,0.417141785594967
2013-04-17,23.0,23.06,23.0,23.06,350505.0,1.0,0.417141785594967
2013-04-18,23.12,23.12,23.06,23.06,262074.0,1.0,0.417141785594967
2013-04-19,23.12,23.3,23.09,23.2,435266.0,1.0,0.417141785594967
2013-04-22,23.3,23.43,23.28,23.29,706883.0,1.0,0.417141785594967
2013-04-23,23.3,23.4,23.27,23.32,281613.0,1.0,0.417141785594967
2013-04-24,23.47,23.56,23.45,23.54,805020.0,1.0,0.417141785594967
2013-04-25,23.5,23.66,23.5,23.54,824111.0,1.0,0.417141785594967
2013-04-26,23.59,23.84,23.59,23.65,1135710.0,1.0,0.417141785594967
2013-04-29,23.71,23.73,23.65,23.73,603902.0,1.0,0.417141785594967
2013-04-30,23.94,23.99,23.9,23.96,1747217.0,1.0,0.417141785594967
2013-05-02,23.9,24.09,23.9,24.05,2536255.0,1.0,0.417141785594967
2013-05-03,24.14,24.34,24.08,24.11,1322814.0,1.0,0.417141785594967
2013-05-06,24.26,24.29,24.15,24.18,1217959.0,1.0,0.417141785594967
2013-05-07,24.18,24.18,24.0,24.03,618503.0,1.0,0.417141785594967
2013-05-08,24.03,24.34,24.03,24.27,1865022.0,1.0,0.417141785594967
2013-05-09,24.5,24.5,24.28,24.28,3390800.0,1.0,0.417141785594967
2013-05-10,24.28,24.32,24.2,24.21,769830.0,1.0,0.417141785594967
2013-05-13,24.2,24.25,24.19,24.22,633236.0,1.0,0.417141785594967
2013-05-14,24.32,24.33,24.15,24.2,602885.0,1.0,0.417141785594967
2013-05-15,24.22,24.3,24.13,24.3,532599.0,1.0,0.417141785594967
2013-05-16,24.45,24.66,24.32,24.61,2158968.0,1.0,0.417141785594967
2013-05-17,24.61,24.66,24.54,24.54,470950.0,1.0,0.417141785594967
2013-05-20,24.58,24.6,24.5,24.58,486180.0,1.0,0.417141785594967
2013-05-21,24.58,24.75,24.58,24.71,695999.0,1.0,0.417141785594967
2013-05-22,24.75,24.79,24.6,24.63,405608.0,1.0,0.417141785594967
2013-05-23,24.55,24.58,24.21,24.26,1381815.0,1.0,0.417141785594967
2013-05-24,24.22,24.3,24.0,24.1,633490.0,1.0,0.417141785594967
2013-05-27,24.05,24.18,24.03,24.16,266555.0,1.0,0.417141785594967
2013-05-28,24.3,24.3,24.18,24.26,311693.0,1.0,0.417141785594967
2013-05-29,24.32,24.43,24.32,24.35,307359.0,1.0,0.417141785594967
2013-05-30,24.31,24.31,24.05,24.13,639018.0,1.0,0.417141785594967
2013-05-31,24.31,24.31,24.12,24.14,232165.0,1.0,0.417141785594967
2013-06-03,23.9,24.1,23.9,24.1,428267.0,1.0,0.417141785594967
2013-06-04,24.1,24.1,23.96,23.98,396474.0,1.0,0.417141785594967
2013-06-05,23.96,23.96,23.9,23.92,251998.0,1.0,0.417141785594967
2013-06-06,23.82,23.82,23.6,23.66,1902131.0,1.0,0.417141785594967
2013-06-07,23.65,23.69,23.5,23.6,1124199.0,1.0,0.417141785594967
2013-06-10,23.9,23.9,23.73,23.78,339135.0,1.0,0.417141785594967
2013-06-11,23.8,23.8,23.6,23.61,595378.0,1.0,0.417141785594967
2013-06-13,23.5,23.5,23.25,23.25,3102451.0,1.0,0.417141785594967
2013-06-14,23.34,23.34,23.15,23.22,1826344.0,1.0,0.417141785594967
2013-06-17,23.24,23.33,23.24,23.33,647487.0,1.0,0.417141785594967
2013-06-18,23.35,23.4,23.24,23.39,828604.0,1.0,0.417141785594967
2013-06-19,23.46,23.46,23.41,23.45,207749.0,1.0,0.417141785594967
2013-06-20,23.18,23.32,23.16,23.25,1192608.0,1.0,0.417141785594967
2013-06-21,22.95,23.14,22.81,23.14,3143776.0,1.0,0.417141785594967
2013-06-24,23.07,23.12,22.88,23.04,1847181.0,1.0,0.417141785594967
2013-06-25,23.04,23.05,22.67,22.8,3658396.0,1.0,0.417141785594967
2013-06-26,22.89,23.04,22.83,22.98,1128284.0,1.0,0.417141785594967
2013-06-27,23.1,23.3,23.05,23.3,562785.0,1.0,0.417141785594967
2013-06-28,23.36,23.42,23.3,23.41,1261003.0,1.0,0.417141785594967
2013-07-01,23.41,23.7,23.41,23.69,5514579.0,1.0,0.417141785594967
2013-07-02,23.69,23.69,23.55,23.55,842998.0,1.0,0.417141785594967
2013-07-03,23.52,23.59,23.5,23.53,504001.0,1.0,0.417141785594967
2013-07-04,23.52,23.64,23.46,23.52,421350.0,1.0,0.417141785594967
2013-07-05,23.7,23.74,23.6,23.73,443870.0,1.0,0.417141785594967
2013-07-08,23.73,23.73,23.47,23.55,633396.0,1.0,0.417141785594967
2013-07-09,23.6,23.71,23.55,23.62,349486.0,1.0,0.417141785594967
2013-07-10,23.62,23.76,23.62,23.65,640073.0,1.0,0.417141785594967
2013-07-11,23.84,24.05,23.83,24.04,2109539.0,1.0,0.417141785594967
2013-07-12,24.04,24.15,24.02,24.1,1417000.0,1.0,0.417141785594967
2013-07-15,24.1,24.32,24.04,24.27,1034056.0,1.0,0.417141785594967
2013-07-16,24.27,24.37,24.26,24.35,1227029.0,1.0,0.417141785594967
2013-07-17,24.35,24.36,24.18,24.3,650593.0,1.0,0.417141785594967
2013-07-18,24.3,24.38,24.13,24.22,1522449.0,1.0,0.417141785594967
2013-07-19,24.22,24.22,23.94,23.98,923510.0,1.0,0.417141785594967
2013-07-22,24.01,24.19,24.01,24.16,469035.0,1.0,0.417141785594967
2013-07-23,24.23,24.48,24.2,24.47,1343536.0,1.0,0.417141785594967
2013-07-24,24.47,24.57,24.36,24.43,1292244.0,1.0,0.417141785594967
2013-07-25,24.43,24.5,24.27,24.3,470973.0,1.0,0.417141785594967
2013-07-26,24.33,24.42,24.23,24.24,335842.0,1.0,0.417141785594967
2013-07-29,24.3,24.3,24.08,24.18,318492.0,1.0,0.417141785594967
2013-07-30,24.18,24.33,24.16,24.25,518109.0,1.0,0.417141785594967
2013-07-31,24.3,24.33,24.2,24.3,357848.0,1.0,0.417141785594967
2013-08-01,24.45,24.45,24.25,24.28,211350.0,1.0,0.417141785594967
2013-08-02,24.35,24.42,24.25,24.27,280415.0,1.0,0.417141785594967
2013-08-05,24.27,24.3,24.26,24.28,248033.0,1.0,0.417141785594967
2013-08-06,24.28,24.32,24.08,24.15,486934.0,1.0,0.417141785594967
2013-08-07,24.06,24.06,23.81,23.83,1251981.0,1.0,0.417141785594967
2013-08-08,23.83,23.83,23.68,23.8,978968.0,1.0,0.417141785594967
2013-08-09,23.82,23.86,23.65,23.72,864054.0,1.0,0.417141785594967
2013-08-12,23.72,23.85,23.72,23.83,552461.0,1.0,0.417141785594967
2013-08-13,23.86,24.0,23.86,23.99,329094.0,1.0,0.417141785594967
2013-08-14,24.09,24.09,23.85,23.92,367351.0,1.0,0.417141785594967
2013-08-15,23.76,23.84,23.62,23.8,3413312.0,1.0,0.417141785594967
2013-08-16,23.66,23.84,23.63,23.8,1166807.0,1.0,0.417141785594967
2013-08-19,23.71,23.73,23.59,23.68,1374993.0,1.0,0.417141785594967
2013-08-20,23.62,23.68,23.35,23.4,4576190.0,1.0,0.417141785594967
2013-08-22,23.4,23.4,23.0,23.2,5473960.0,1.0,0.417141785594967
2013-08-23,23.38,23.42,23.23,23.39,810101.0,1.0,0.417141785594967
2013-08-26,23.5,23.58,23.34,23.58,1056878.0,1.0,0.417141785594967
2013-08-27,23.51,23.51,23.36,23.4,1169436.0,1.0,0.417141785594967
2013-08-28,23.31,23.37,23.18,23.37,1502422.0,1.0,0.417141785594967
2013-08-29,23.4,23.52,23.39,23.5,519999.0,1.0,0.417141785594967
2013-08-30,23.55,23.65,23.51,23.65,1395998.0,1.0,0.417141785594967
2013-09-02,23.72,23.85,23.69,23.84,1570303.0,1.0,0.417141785594967
2013-09-03,23.87,24.03,23.87,24.03,4636595.0,1.0,0.417141785594967
2013-09-04,24.03,24.04,23.91,24.03,1651123.0,1.0,0.417141785594967
2013-09-05,24.03,24.21,24.03,24.18,2477681.0,1.0,0.417141785594967
2013-09-06,24.18,24.25,24.18,24.2,1211749.0,1.0,0.417141785594967
2013-09-09,24.2,24.21,24.06,24.19,783783.0,1.0,0.417141785594967
2013-09-10,24.2,24.36,24.2,24.25,1879767.0,1.0,0.417141785594967
2013-09-11,24.27,24.29,24.2,24.25,1849715.0,1.0,0.417141785594967
2013-09-12,24.25,24.37,24.25,24.3,826256.0,1.0,0.417141785594967
2013-09-13,24.3,24.33,24.13,24.19,723798.0,1.0,0.417141785594967
2013-09-14,24.19,24.19,24.11,24.18,322072.0,1.0,0.417141785594967
2013-09-16,24.2,24.41,24.2,24.39,2305986.0,1.0,0.417141785594967
2013-09-17,24.41,24.44,24.33,24.34,1410116.0,1.0,0.417141785594967
2013-09-18,24.34,24.42,24.34,24.38,995053.0,1.0,0.417141785594967
2013-09-23,24.38,24.48,24.35,24.46,1003267.0,1.0,0.417141785594967
2013-09-24,24.46,24.53,24.42,24.45,716770.0,1.0,0.417141785594967
2013-09-25,24.45,24.46,24.43,24.43,1364065.0,1.0,0.417141785594967
2013-09-26,24.43,24.43,24.19,24.2,2230740.0,1.0,0.417141785594967
2013-09-27,24.21,24.29,24.16,24.21,2455521.0,1.0,0.417141785594967
2013-09-30,24.1,24.19,23.95,24.19,3158730.0,1.0,0.417141785594967
2013-10-01,24.19,24.24,24.12,24.23,194561.0,1.0,0.417141785594967
2013-10-02,24.28,24.28,24.16,24.27,1483563.0,1.0,0.417141785594967
2013-10-03,24.27,24.52,24.27,24.46,1207708.0,1.0,0.417141785594967
2013-10-04,24.46,24.55,24.45,24.45,625128.0,1.0,0.417141785594967
2013-10-07,24.48,24.48,24.35,24.39,1533668.0,1.0,0.417141785594967
2013-10-08,24.4,24.4,24.25,24.33,668792.0,1.0,0.417141785594967
2013-10-09,24.25,24.3,24.17,24.2,1697867.0,1.0,0.417141785594967
2013-10-11,24.35,24.4,24.17,24.18,1792424.0,1.0,0.417141785594967
2013-10-14,24.08,24.12,23.85,23.92,3259975.0,1.0,0.417141785594967
2013-10-15,23.97,24.03,23.97,24.03,1467040.0,1.0,0.417141785594967
2013-10-16,24.04,24.06,23.98,24.02,2364962.0,1.0,0.417141785594967
2013-10-17,24.17,24.19,24.05,24.08,1246283.0,1.0,0.417141785594967
2013-10-18,24.11,24.19,24.1,24.19,1211685.0,1.0,0.417141785594967
2013-10-21,24.2,24.23,24.1,24.16,2280149.0,1.0,0.417141785594967
2013-10-22,24.13,24.16,24.11,24.16,1260645.0,1.0,0.417141785594967
2013-10-23,24.16,24.18,24.1,24.18,2328118.0,1.0,0.417141785594967
2013-10-24,23.35,23.35,23.19,23.31,3891979.0,0.9648469809760132,0.43233983607742404
2013-10-25,23.24,23.28,23.09,23.15,3263852.0,1.0,0.43233983607742404
2013-10-28,23.24,23.24,23.06,23.11,1403252.0,1.0,0.43233983607742404
2013-10-29,23.14,23.2,23.06,23.11,1299704.0,1.0,0.43233983607742404
2013-10-30,23.11,23.26,23.11,23.26,526751.0,1.0,0.43233983607742404
2013-10-31,23.26,23.31,23.21,23.29,696652.0,1.0,0.43233983607742404
2013-11-01,23.33,23.33,22.97,23.01,4448491.0,1.0,0.43233983607742404
2013-11-04,22.95,22.95,22.81,22.9,2802370.0,1.0,0.43233983607742404
2013-11-05,22.86,22.94,22.71,22.73,3146140.0,1.0,0.43233983607742404
2013-11-06,22.73,22.75,22.59,22.7,2437110.0,1.0,0.43233983607742404
2013-11-07,22.71,22.79,22.64,22.74,1142918.0,1.0,0.43233983607742404
2013-11-08,22.7,22.7,22.51,22.59,2856130.0,1.0,0.43233983607742404
2013-11-11,22.62,22.62,22.35,22.46,5789736.0,1.0,0.43233983607742404
2013-11-12,22.46,22.48,22.26,22.37,4224407.0,1.0,0.43233983607742404
2013-11-13,22.35,22.4,22.05,22.16,5509979.0,1.0,0.43233983607742404
2013-11-14,22.14,22.3,22.05,22.24,2636053.0,1.0,0.43233983607742404
2013-11-15,22.35,22.38,22.25,22.37,1661502.0,1.0,0.43233983607742404
2013-11-18,22.41,22.42,22.21,22.24,2540145.0,1.0,0.43233983607742404
2013-11-19,22.34,22.43,22.3,22.43,988433.0,1.0,0.43233983607742404
2013-11-20,22.44,22.46,22.3,22.32,1965328.0,1.0,0.43233983607742404
2013-11-21,22.26,22.26,22.0,22.04,9202034.0,1.0,0.43233983607742404
2013-11-22,22.09,22.1,21.98,22.06,2608688.0,1.0,0.43233983607742404
2013-11-25,22.18,22.25,22.16,22.25,913387.0,1.0,0.43233983607742404
2013-11-26,22.2,22.38,22.16,22.33,889188.0,1.0,0.43233983607742404
2013-11-27,22.4,22.5,22.4,22.48,1555241.0,1.0,0.43233983607742404
2013-11-28,22.55,22.65,22.55,22.62,3917117.0,1.0,0.43233983607742404
2013-11-29,22.63,22.82,22.62,22.8,3677963.0,1.0,0.43233983607742404
2013-12-02,22.8,22.83,22.71,22.77,1386645.0,1.0,0.43233983607742404
2013-12-03,22.77,22.8,22.73,22.77,514853.0,1.0,0.43233983607742404
2013-12-04,22.77,22.79,22.69,22.75,611292.0,1.0,0.43233983607742404
2013-12-05,22.75,22.78,22.61,22.69,911443.0,1.0,0.43233983607742404
2013-12-06,22.7,22.7,22.61,22.65,550193.0,1.0,0.43233983607742404
2013-12-09,22.7,22.89,22.7,22.78,1042027.0,1.0,0.43233983607742404
2013-12-10,22.8,22.8,22.71,22.73,380130.0,1.0,0.43233983607742404
2013-12-11,22.75,22.8,22.65,22.66,602242.0,1.0,0.43233983607742404
2013-12-12,22.58,22.64,22.54,22.64,616829.0,1.0,0.43233983607742404
2013-12-13,22.61,22.68,22.58,22.65,307993.0,1.0,0.43233983607742404
2013-12-16,22.65,22.65,22.54,22.6,560731.0,1.0,0.43233983607742404
2013-12-17,22.6,22.7,22.6,22.68,831317.0,1.0,0.43233983607742404
2013-12-18,22.68,22.7,22.65,22.66,323120.0,1.0,0.43233983607742404
2013-12-19,22.8,22.82,22.72,22.72,628263.0,1.0,0.43233983607742404
2013-12-20,22.82,22.82,22.71,22.78,524305.0,1.0,0.43233983607742404
2013-12-23,22.8,22.92,22.8,22.83,1118261.0,1.0,0.43233983607742404
2013-12-24,22.85,22.88,22.83,22.84,450115.0,1.0,0.43233983607742404
2013-12-25,22.84,22.88,22.84,22.85,337045.0,1.0,0.43233983607742404
2013-12-26,22.85,22.88,22.85,22.87,319336.0,1.0,0.43233983607742404
2013-12-27,22.89,22.93,22.87,22.93,1031033.0,1.0,0.43233983607742404
2013-12-30,22.96,23.03,22.96,23.03,1123098.0,1.0,0.43233983607742404
2013-12-31,23.12,23.18,23.03,23.06,1252935.0,1.0,0.43233983607742404
2014-01-02,23.06,23.11,23.02,23.09,670599.0,1.0,0.43233983607742404
2014-01-03,23.09,23.09,22.94,22.97,802840.0,1.0,0.43233983607742404
2014-01-06,22.97,23.0,22.75,22.79,1299409.0,1.0,0.43233983607742404
2014-01-07,22.85,22.91,22.83,22.9,488155.0,1.0,0.43233983607742404
2014-01-08,22.92,23.04,22.92,23.04,982735.0,1.0,0.43233983607742404
2014-01-09,23.04,23.07,22.99,23.0,838447.0,1.0,0.43233983607742404
2014-01-10,23.0,23.05,23.0,23.01,711988.0,1.0,0.43233983607742404
2014-01-13,23.15,23.21,23.05,23.08,1516212.0,1.0,0.43233983607742404
2014-01-14,23.1,23.14,23.04,23.09,638717.0,1.0,0.43233983607742404
2014-01-15,23.1,23.32,23.1,23.3,2157808.0,1.0,0.43233983607742404
2014-01-16,23.33,23.48,23.33,23.36,1763409.0,1.0,0.43233983607742404
2014-01-17,23.38,23.4,23.26,23.33,657380.0,1.0,0.43233983607742404
2014-01-20,23.33,23.63,23.33,23.6,2353024.0,1.0,0.43233983607742404
2014-01-21,23.6,23.68,23.57,23.57,1279240.0,1.0,0.43233983607742404
2014-01-22,23.57,23.66,23.55,23.59,767896.0,1.0,0.43233983607742404
2014-01-23,23.59,23.65,23.5,23.54,856906.0,1.0,0.43233983607742404
2014-01-24,23.54,23.54,23.29,23.31,1017660.0,1.0,0.43233983607742404
2014-01-27,23.2,23.2,22.9,23.07,2056624.0,1.0,0.43233983607742404
2014-02-05,22.7,22.8,22.44,22.58,7386788.0,1.0,0.43233983607742404
2014-02-06,22.6,22.68,22.5,22.63,3469692.0,1.0,0.43233983607742404
2014-02-07,22.66,22.85,22.63,22.81,1610244.0,1.0,0.43233983607742404
2014-02-10,22.85,22.92,22.85,22.9,752087.0,1.0,0.43233983607742404
2014-02-11,22.9,23.0,22.9,22.96,461825.0,1.0,0.43233983607742404
2014-02-12,23.02,23.1,23.02,23.09,571695.0,1.0,0.43233983607742404
2014-02-13,23.1,23.1,23.0,23.01,327998.0,1.0,0.43233983607742404
2014-02-14,23.1,23.2,23.06,23.07,1097456.0,1.0,0.43233983607742404
2014-02-17,23.1,23.15,23.07,23.08,534973.0,1.0,0.43233983607742404
2014-02-18,23.08,23.15,23.04,23.14,591799.0,1.0,0.43233983607742404
2014-02-19,23.14,23.16,23.1,23.11,536458.0,1.0,0.43233983607742404
2014-02-20,23.11,23.11,22.96,22.97,879171.0,1.0,0.43233983607742404
2014-02-21,23.15,23.15,23.05,23.12,657099.0,1.0,0.43233983607742404
2014-02-24,23.12,23.17,23.0,23.05,550918.0,1.0,0.43233983607742404
2014-02-25,23.1,23.15,23.06,23.07,510044.0,1.0,0.43233983607742404
2014-02-26,23.07,23.21,23.0,23.12,1148828.0,1.0,0.43233983607742404
2014-02-27,23.15,23.2,23.14,23.16,319951.0,1.0,0.43233983607742404
2014-03-03,23.14,23.14,23.0,23.05,701824.0,1.0,0.43233983607742404
2014-03-04,23.05,23.1,23.0,23.01,379272.0,1.0,0.43233983607742404
2014-03-05,23.13,23.17,23.1,23.11,727458.0,1.0,0.43233983607742404
2014-03-06,23.11,23.24,23.11,23.21,1316285.0,1.0,0.43233983607742404
2014-03-07,23.23,23.4,23.2,23.22,1542611.0,1.0,0.43233983607742404
2014-03-10,23.22,23.22,23.08,23.1,413990.0,1.0,0.43233983607742404
2014-03-11,23.1,23.2,23.1,23.12,254099.0,1.0,0.43233983607742404
2014-03-12,23.12,23.15,23.09,23.11,318279.0,1.0,0.43233983607742404
2014-03-13,23.12,23.27,23.12,23.24,1124630.0,1.0,0.43233983607742404
2014-03-14,23.21,23.21,23.16,23.17,307480.0,1.0,0.43233983607742404
2014-03-17,23.18,23.18,23.13,23.15,406854.0,1.0,0.43233983607742404
2014-03-18,23.2,23.33,23.2,23.3,1254799.0,1.0,0.43233983607742404
2014-03-19,23.3,23.38,23.2,23.25,359038.0,1.0,0.43233983607742404
2014-03-20,23.16,23.16,23.02,23.06,1087161.0,1.0,0.43233983607742404
2014-03-21,23.06,23.17,23.05,23.06,319814.0,1.0,0.43233983607742404
2014-03-24,23.0,23.24,22.97,23.16,802612.0,1.0,0.43233983607742404
2014-03-25,23.16,23.3,23.16,23.3,766565.0,1.0,0.43233983607742404
2014-03-26,23.33,23.45,23.33,23.38,1458411.0,1.0,0.43233983607742404
2014-03-27,23.4,23.53,23.38,23.51,1412699.0,1.0,0.43233983607742404
2014-03-28,23.51,23.66,23.5,23.5,2266978.0,1.0,0.43233983607742404
2014-03-31,23.5,23.67,23.5,23.65,1444569.0,1.0,0.43233983607742404
2014-04-01,23.65,23.8,23.65,23.78,1698977.0,1.0,0.43233983607742404
2014-04-02,23.8,23.96,23.8,23.92,3116913.0,1.0,0.43233983607742404
2014-04-03,23.92,23.97,23.86,23.9,924129.0,1.0,0.43233983607742404
2014-04-07,23.85,23.85,23.69,23.85,1585859.0,1.0,0.43233983607742404
2014-04-08,23.85,23.91,23.8,23.87,878289.0,1.0,0.43233983607742404
2014-04-09,23.88,23.97,23.88,23.95,1250533.0,1.0,0.43233983607742404
2014-04-10,23.98,24.12,23.9,24.01,2569048.0,1.0,0.43233983607742404
2014-04-11,24.0,24.02,23.86,24.0,1478306.0,1.0,0.43233983607742404
2014-04-14,23.9,24.03,23.88,23.92,741057.0,1.0,0.43233983607742404
2014-04-15,23.83,24.17,23.83,24.16,3163199.0,1.0,0.43233983607742404
2014-04-16,24.16,24.32,24.13,24.25,2531682.0,1.0,0.43233983607742404
2014-04-17,24.25,24.28,24.18,24.23,1317122.0,1.0,0.43233983607742404
2014-04-18,24.33,24.33,24.16,24.18,966868.0,1.0,0.43233983607742404
2014-04-21,24.18,24.18,24.06,24.1,659576.0,1.0,0.43233983607742404
2014-04-22,24.1,24.18,24.06,24.13,898860.0,1.0,0.43233983607742404
2014-04-23,24.14,24.18,24.0,24.03,789379.0,1.0,0.43233983607742404
2014-04-24,24.0,24.02,23.96,23.98,641733.0,1.0,0.43233983607742404
2014-04-25,23.98,23.99,23.6,23.63,2461851.0,1.0,0.43233983607742404
2014-04-28,23.5,23.75,23.3,23.68,1119002.0,1.0,0.43233983607742404
2014-04-29,23.7,23.93,23.7,23.9,508077.0,1.0,0.43233983607742404
2014-04-30,23.8,23.98,23.78,23.81,626981.0,1.0,0.43233983607742404
2014-05-02,23.81,24.05,23.81,24.04,1136547.0,1.0,0.43233983607742404
2014-05-05,24.06,24.24,24.06,24.1,1089403.0,1.0,0.43233983607742404
2014-05-06,24.1,24.25,24.1,24.22,1099154.0,1.0,0.43233983607742404
2014-05-07,24.22,24.25,24.12,24.12,605562.0,1.0,0.43233983607742404
2014-05-08,24.12,24.23,24.12,24.19,552731.0,1.0,0.43233983607742404
2014-05-09,24.19,24.25,24.11,24.12,323364.0,1.0,0.43233983607742404
2014-05-12,24.15,24.15,23.97,23.99,373102.0,1.0,0.43233983607742404
2014-05-13,23.99,24.12,23.95,23.98,480900.0,1.0,0.43233983607742404
2014-05-14,24.0,24.0,23.86,23.95,330405.0,1.0,0.43233983607742404
2014-05-15,23.95,24.05,23.93,24.02,286530.0,1.0,0.43233983607742404
2014-05-16,24.02,24.09,23.95,24.09,222115.0,1.0,0.43233983607742404
2014-05-19,24.1,24.18,24.09,24.17,425772.0,1.0,0.43233983607742404
2014-05-20,24.17,24.26,24.17,24.2,720438.0,1.0,0.43233983607742404
2014-05-21,24.2,24.2,24.09,24.09,270420.0,1.0,0.43233983607742404
2014-05-22,24.12,24.28,24.12,24.28,845599.0,1.0,0.43233983607742404
2014-05-23,24.3,24.43,24.3,24.38,2175087.0,1.0,0.43233983607742404
2014-05-26,24.38,24.5,24.38,24.46,1772591.0,1.0,0.43233983607742404
2014-05-27,24.46,24.5,24.45,24.47,770281.0,1.0,0.43233983607742404
2014-05-28,24.5,24.75,24.5,24.7,1922542.0,1.0,0.43233983607742404
2014-05-29,24.7,24.91,24.7,24.88,1262309.0,1.0,0.43233983607742404
2014-05-30,24.88,24.94,24.85,24.88,805009.0,1.0,0.43233983607742404
2014-06-03,24.96,24.97,24.81,24.83,477703.0,1.0,0.43233983607742404
2014-06-04,24.83,24.92,24.8,24.88,735900.0,1.0,0.43233983607742404
2014-06-05,24.81,25.0,24.81,24.97,1013600.0,1.0,0.43233983607742404
2014-06-06,25.0,25.07,24.97,24.99,947976.0,1.0,0.43233983607742404
2014-06-09,25.0,25.16,25.0,25.1,1605822.0,1.0,0.43233983607742404
2014-06-10,25.1,25.2,25.05,25.2,1039978.0,1.0,0.43233983607742404
2014-06-11,25.2,25.2,25.14,25.18,804834.0,1.0,0.43233983607742404
2014-06-12,25.15,25.19,25.05,25.1,996492.0,1.0,0.43233983607742404
2014-06-13,25.0,25.15,25.0,25.11,982771.0,1.0,0.43233983607742404
2014-06-16,25.1,25.24,25.09,25.15,6318189.0,1.0,0.43233983607742404
2014-06-17,25.16,25.25,25.15,25.22,564552.0,1.0,0.43233983607742404
2014-06-18,25.22,25.25,25.08,25.23,5859318.0,1.0,0.43233983607742404
2014-06-19,25.17,25.26,25.16,25.2,9740814.0,1.0,0.43233983607742404
2014-06-20,25.2,25.27,25.14,25.19,10822820.0,1.0,0.43233983607742404
2014-06-23,25.19,25.19,24.93,25.0,975338.0,1.0,0.43233983607742404
2014-06-24,24.98,25.01,24.91,24.94,561174.0,1.0,0.43233983607742404
2014-06-25,24.94,24.98,24.9,24.98,384765.0,1.0,0.43233983607742404
2014-06-26,24.99,25.2,24.99,25.08,833982.0,1.0,0.43233983607742404
2014-06-27,25.08,25.11,25.05,25.07,407731.0,1.0,0.43233983607742404
2014-06-30,25.06,25.22,25.06,25.17,848727.0,1.0,0.43233983607742404
2014-07-01,25.17,25.42,25.17,25.39,1713356.0,1.0,0.43233983607742404
2014-07-02,25.4,25.55,25.24,25.32,1315767.0,1.0,0.43233983607742404
2014-07-03,25.31,25.44,25.3,25.43,794928.0,1.0,0.43233983607742404
2014-07-04,25.43,25.59,25.43,25.59,1093664.0,1.0,0.43233983607742404
2014-07-07,25.21,25.62,25.21,25.62,843188.0,1.0,0.43233983607742404
2014-07-08,25.6,25.79,25.6,25.79,554618.0,1.0,0.43233983607742404
2014-07-09,25.77,25.77,25.65,25.72,535966.0,1.0,0.43233983607742404
2014-07-10,25.72,25.78,25.72,25.75,573341.0,1.0,0.43233983607742404
2014-07-11,25.75,25.75,25.4,25.43,524710.0,1.0,0.43233983607742404
2014-07-14,25.4,25.52,25.4,25.52,396780.0,1.0,0.43233983607742404
2014-07-15,25.54,25.68,25.54,25.6,353960.0,1.0,0.43233983607742404
2014-07-16,25.6,25.67,25.54,25.56,347340.0,1.0,0.43233983607742404
2014-07-17,25.55,25.7,25.4,25.47,606285.0,1.0,0.43233983607742404
2014-07-18,25.1,25.55,25.1,25.53,525138.0,1.0,0.43233983607742404
2014-07-21,25.53,25.67,25.53,25.55,427782.0,1.0,0.43233983607742404
2014-07-22,25.55,25.76,25.55,25.76,572752.0,1.0,0.43233983607742404
2014-07-24,25.77,25.98,25.77,25.8,593134.0,1.0,0.43233983607742404
2014-07-25,25.83,25.83,25.52,25.6,308311.0,1.0,0.43233983607742404
2014-07-28,25.6,25.74,25.54,25.68,237871.0,1.0,0.43233983607742404
2014-07-29,25.68,25.82,25.5,25.62,537693.0,1.0,0.43233983607742404
2014-07-30,25.62,25.72,25.62,25.64,313154.0,1.0,0.43233983607742404
2014-07-31,25.64,25.64,25.42,25.45,294369.0,1.0,0.43233983607742404
2014-08-01,25.2,25.32,25.17,25.32,688119.0,1.0,0.43233983607742404
2014-08-04,25.32,25.65,25.32,25.65,465572.0,1.0,0.43233983607742404
2014-08-05,25.65,25.65,25.24,25.27,2081814.0,1.0,0.43233983607742404
2014-08-06,25.3,25.34,25.18,25.32,2355565.0,1.0,0.43233983607742404
2014-08-07,25.32,25.36,25.25,25.25,383233.0,1.0,0.43233983607742404
2014-08-08,25.2,25.25,25.06,25.2,1380015.0,1.0,0.43233983607742404
2014-08-11,25.2,25.48,25.2,25.48,568325.0,1.0,0.43233983607742404
2014-08-12,25.48,25.5,25.4,25.45,195154.0,1.0,0.43233983607742404
2014-08-13,25.45,25.57,25.44,25.57,359462.0,1.0,0.43233983607742404
2014-08-14,25.6,25.72,25.52,25.52,889895.0,1.0,0.43233983607742404
2014-08-15,25.52,25.56,25.45,25.5,159677.0,1.0,0.43233983607742404
2014-08-18,25.5,25.6,25.44,25.55,610880.0,1.0,0.43233983607742404
2014-08-19,25.55,25.72,25.55,25.7,511209.0,1.0,0.43233983607742404
2014-08-20,25.75,25.8,25.66,25.74,285150.0,1.0,0.43233983607742404
2014-08-21,25.74,25.84,25.7,25.83,424200.0,1.0,0.43233983607742404
2014-08-22,25.85,26.37,25.85,26.32,1470593.0,1.0,0.43233983607742404
2014-08-25,26.32,26.39,26.2,26.27,254049.0,1.0,0.43233983607742404
2014-08-26,26.27,26.36,26.24,26.29,205843.0,1.0,0.43233983607742404
2014-08-27,26.3,26.5,26.3,26.45,667150.0,1.0,0.43233983607742404
2014-08-28,26.45,26.54,26.39,26.4,2302986.0,1.0,0.43233983607742404
2014-08-29,26.4,26.52,26.4,26.52,508899.0,1.0,0.43233983607742404
2014-09-01,26.52,26.67,26.52,26.6,510976.0,1.0,0.43233983607742404
2014-09-02,26.6,26.6,26.26,26.31,448417.0,1.0,0.43233983607742404
2014-09-03,26.31,26.4,26.3,26.36,585591.0,1.0,0.43233983607742404
2014-09-04,26.35,26.36,26.23,26.3,1117109.0,1.0,0.43233983607742404
2014-09-05,26.3,26.3,26.1,26.15,1812418.0,1.0,0.43233983607742404
2014-09-09,26.15,26.21,26.15,26.2,449543.0,1.0,0.43233983607742404
2014-09-10,26.2,26.2,25.95,26.01,1462311.0,1.0,0.43233983607742404
2014-09-11,26.01,26.09,26.0,26.03,1232020.0,1.0,0.43233983607742404
2014-09-12,26.01,26.01,25.71,25.72,3551182.0,1.0,0.43233983607742404
2014-09-15,25.72,25.8,25.61,25.71,947840.0,1.0,0.43233983607742404
2014-09-16,25.71,25.71,25.5,25.52,2033402.0,1.0,0.43233983607742404
2014-09-17,25.52,25.75,25.52,25.63,1989550.0,1.0,0.43233983607742404
2014-09-18,25.68,25.72,25.62,25.7,1514103.0,1.0,0.43233983607742404
2014-09-19,25.77,25.79,25.56,25.64,1123999.0,1.0,0.43233983607742404
2014-09-22,25.64,25.64,25.16,25.3,2454194.0,1.0,0.43233983607742404
2014-09-23,25.3,25.3,25.08,25.12,4063640.0,1.0,0.43233983607742404
2014-09-24,25.12,25.25,25.1,25.25,947799.0,1.0,0.43233983607742404
2014-09-25,25.25,25.31,24.77,24.85,3699251.0,1.0,0.43233983607742404
2014-09-26,24.75,24.8,24.61,24.75,1160300.0,1.0,0.43233983607742404
2014-09-29,24.76,24.81,24.64,24.72,1389745.0,1.0,0.43233983607742404
2014-09-30,24.72,24.72,24.26,24.58,3403858.0,1.0,0.43233983607742404
2014-10-01,24.59,24.69,24.5,24.65,836154.0,1.0,0.43233983607742404
2014-10-02,24.65,24.73,24.38,24.72,521402.0,1.0,0.43233983607742404
2014-10-03,24.72,24.93,24.7,24.91,916497.0,1.0,0.43233983607742404
2014-10-06,25.0,25.0,24.88,24.95,411226.0,1.0,0.43233983607742404
2014-10-07,24.95,24.95,24.71,24.77,692903.0,1.0,0.43233983607742404
2014-10-08,24.68,24.8,24.65,24.7,337184.0,1.0,0.43233983607742404
2014-10-09,24.72,24.89,24.5,24.55,1974878.0,1.0,0.43233983607742404
2014-10-13,24.53,24.53,23.74,23.82,3922319.0,1.0,0.43233983607742404
2014-10-14,23.83,23.91,23.68,23.83,2631720.0,1.0,0.43233983607742404
2014-10-15,23.89,23.89,23.61,23.67,4200811.0,1.0,0.43233983607742404
2014-10-16,23.69,23.7,23.15,23.61,5239076.0,1.0,0.43233983607742404
2014-10-17,23.7,23.75,23.34,23.53,3591061.0,1.0,0.43233983607742404
2014-10-20,23.78,23.97,23.74,23.97,1852785.0,1.0,0.43233983607742404
2014-10-21,24.1,24.11,23.76,23.88,2654204.0,1.0,0.43233983607742404
2014-10-22,24.1,24.1,23.96,24.0,2210937.0,1.0,0.43233983607742404
2014-10-23,24.0,24.0,23.86,23.96,3597127.0,1.0,0.43233983607742404
2014-10-24,22.93,22.98,22.72,22.75,6285283.0,0.9582637729549249,0.4511699683107613
2014-10-27,22.8,22.85,22.63,22.68,2415747.0,1.0,0.4511699683107613
2014-10-28,22.73,23.0,22.73,23.0,1174787.0,1.0,0.4511699683107613
2014-10-29,23.1,23.34,23.1,23.3,1258095.0,1.0,0.4511699683107613
2014-10-30,23.36,23.38,23.17,23.34,541176.0,1.0,0.4511699683107613
2014-10-31,23.36,23.46,23.3,23.43,975999.0,1.0,0.4511699683107613
2014-11-03,23.45,23.64,23.45,23.58,966667.0,1.0,0.4511699683107613
2014-11-04,23.58,23.65,23.55,23.59,424682.0,1.0,0.4511699683107613
2014-11-05,23.6,23.6,23.36,23.46,1399687.0,1.0,0.4511699683107613
2014-11-06,23.46,23.46,23.22,23.24,910718.0,1.0,0.4511699683107613
2014-11-07,23.3,23.33,23.2,23.3,490249.0,1.0,0.4511699683107613
2014-11-10,23.3,23.53,23.3,23.51,786979.0,1.0,0.4511699683107613
2014-11-11,23.51,23.55,23.47,23.54,611625.0,1.0,0.4511699683107613
2014-11-12,23.54,23.54,23.16,23.22,1457894.0,1.0,0.4511699683107613
2014-11-13,23.22,23.25,23.08,23.15,1337220.0,1.0,0.4511699683107613
2014-11-14,23.2,23.2,23.06,23.16,689755.0,1.0,0.4511699683107613
2014-11-17,23.22,23.26,23.01,23.06,1576720.0,1.0,0.4511699683107613
2014-11-18,23.06,23.14,22.88,22.94,2431284.0,1.0,0.4511699683107613
2014-11-19,23.0,23.13,23.0,23.08,405662.0,1.0,0.4511699683107613
2014-11-20,23.16,23.27,23.14,23.25,678332.0,1.0,0.4511699683107613
2014-11-21,23.25,23.32,23.24,23.28,494193.0,1.0,0.4511699683107613
2014-11-24,23.36,23.38,23.3,23.31,565786.0,1.0,0.4511699683107613
2014-11-25,23.32,23.32,23.22,23.3,606089.0,1.0,0.4511699683107613
2014-11-26,23.3,23.37,23.3,23.36,1123315.0,1.0,0.4511699683107613
2014-11-27,23.36,23.5,23.36,23.47,1276446.0,1.0,0.4511699683107613
2014-11-28,23.48,23.5,23.45,23.47,719211.0,1.0,0.4511699683107613
2014-12-01,23.43,23.5,23.15,23.4,1060110.0,1.0,0.4511699683107613
2014-12-02,23.35,23.45,23.34,23.41,767725.0,1.0,0.4511699683107613
2014-12-03,23.44,23.78,23.44,23.77,1334314.0,1.0,0.4511699683107613
2014-12-04,23.8,23.92,23.76,23.88,2330235.0,1.0,0.4511699683107613
2014-12-05,23.89,24.04,23.88,24.0,1901034.0,1.0,0.4511699683107613
2014-12-08,24.0,24.1,23.95,23.96,860367.0,1.0,0.4511699683107613
2014-12-09,23.92,24.0,23.87,23.92,670584.0,1.0,0.4511699683107613
2014-12-10,23.85,23.91,23.78,23.8,819917.0,1.0,0.4511699683107613
2014-12-11,23.78,23.79,23.6,23.77,473921.0,1.0,0.4511699683107613
2014-12-12,23.77,23.85,23.75,23.81,253147.0,1.0,0.4511699683107613
2014-12-15,23.81,23.81,23.61,23.7,677611.0,1.0,0.4511699683107613
2014-12-16,23.7,23.8,23.7,23.73,416049.0,1.0,0.4511699683107613
2014-12-17,23.72,23.72,23.4,23.5,1264670.0,1.0,0.4511699683107613
2014-12-18,23.52,23.65,23.45,23.45,686071.0,1.0,0.4511699683107613
2014-12-19,23.65,23.7,23.55,23.61,329600.0,1.0,0.4511699683107613
2014-12-22,23.63,23.76,23.63,23.72,238004.0,1.0,0.4511699683107613
2014-12-23,23.8,23.85,23.78,23.82,520080.0,1.0,0.4511699683107613
2014-12-24,23.9,23.92,23.85,23.9,757495.0,1.0,0.4511699683107613
2014-12-25,23.9,23.95,23.86,23.89,252540.0,1.0,0.4511699683107613
2014-12-26,23.89,24.0,23.89,23.92,457775.0,1.0,0.4511699683107613
2014-12-27,23.94,23.95,23.9,23.92,273000.0,1.0,0.4511699683107613
2014-12-29,23.95,24.19,23.95,24.14,2161869.0,1.0,0.4511699683107613
2014-12-30,24.14,24.25,24.12,24.18,1382111.0,1.0,0.4511699683107613
2014-12-31,24.18,24.19,24.13,24.16,405806.0,1.0,0.4511699683107613
2015-01-05,24.16,24.16,24.01,24.15,508718.0,1.0,0.4511699683107613
2015-01-06,24.08,24.08,23.86,23.89,908140.0,1.0,0.4511699683107613
2015-01-07,23.85,23.95,23.83,23.91,336998.0,1.0,0.4511699683107613
2015-01-08,23.96,24.17,23.96,24.12,760481.0,1.0,0.4511699683107613
2015-01-09,24.15,24.25,24.15,24.16,375900.0,1.0,0.4511699683107613
2015-01-12,24.16,24.17,24.05,24.15,364704.0,1.0,0.4511699683107613
2015-01-13,24.15,24.3,24.13,24.3,1121100.0,1.0,0.4511699683107613
2015-01-14,24.3,24.34,24.23,24.32,840169.0,1.0,0.4511699683107613
2015-01-15,24.32,24.33,24.2,24.26,312884.0,1.0,0.4511699683107613
2015-01-16,24.2,24.25,23.99,24.09,644204.0,1.0,0.4511699683107613
2015-01-19,24.22,24.34,24.09,24.15,513249.0,1.0,0.4511699683107613
2015-01-20,24.1,24.28,24.1,24.23,1083864.0,1.0,0.4511699683107613
2015-01-21,24.23,24.33,24.23,24.3,1160309.0,1.0,0.4511699683107613
2015-01-22,24.34,24.64,24.34,24.63,2199609.0,1.0,0.4511699683107613
2015-01-23,24.73,24.87,24.72,24.77,1763251.0,1.0,0.4511699683107613
2015-01-26,24.75,24.8,24.71,24.77,893279.0,1.0,0.4511699683107613
2015-01-27,24.86,24.89,24.75,24.83,730846.0,1.0,0.4511699683107613
2015-01-28,24.76,24.94,24.75,24.91,2074745.0,1.0,0.4511699683107613
2015-01-29,24.9,24.9,24.68,24.72,596411.0,1.0,0.4511699683107613
2015-01-30,24.82,24.82,24.64,24.65,322264.0,1.0,0.4511699683107613
2015-02-02,24.65,24.66,24.55,24.57,411829.0,1.0,0.4511699683107613
2015-02-03,24.68,24.75,24.6,24.7,367500.0,1.0,0.4511699683107613
2015-02-04,24.77,24.9,24.77,24.83,816930.0,1.0,0.4511699683107613
2015-02-05,24.83,24.83,24.78,24.81,426956.0,1.0,0.4511699683107613
2015-02-06,24.81,24.82,24.73,24.74,292985.0,1.0,0.4511699683107613
2015-02-09,24.7,24.76,24.7,24.72,307222.0,1.0,0.4511699683107613
2015-02-10,24.7,24.72,24.58,24.63,381302.0,1.0,0.4511699683107613
2015-02-11,24.65,24.78,24.65,24.7,384164.0,1.0,0.4511699683107613
2015-02-12,24.7,24.73,24.64,24.65,489222.0,1.0,0.4511699683107613
2015-02-13,24.65,24.92,24.65,24.8,1488246.0,1.0,0.4511699683107613
2015-02-24,24.93,25.1,24.93,25.06,1464502.0,1.0,0.4511699683107613
2015-02-25,25.06,25.25,25.06,25.16,1247070.0,1.0,0.4511699683107613
2015-02-26,25.2,25.2,25.02,25.14,909029.0,1.0,0.4511699683107613
2015-03-02,25.2,25.24,25.14,25.21,702798.0,1.0,0.4511699683107613
2015-03-03,25.21,25.25,25.14,25.19,591029.0,1.0,0.4511699683107613
2015-03-04,25.16,25.26,25.14,25.19,566433.0,1.0,0.4511699683107613
2015-03-05,25.19,25.22,25.08,25.18,274613.0,1.0,0.4511699683107613
2015-03-06,25.18,25.26,25.14,25.25,533300.0,1.0,0.4511699683107613
2015-03-09,25.25,25.25,25.09,25.2,1696374.0,1.0,0.4511699683107613
2015-03-10,25.2,25.22,25.07,25.07,560899.0,1.0,0.4511699683107613
2015-03-11,25.0,25.0,24.89,24.94,1334999.0,1.0,0.4511699683107613
2015-03-12,24.94,25.07,24.9,25.07,457489.0,1.0,0.4511699683107613
2015-03-13,25.07,25.15,25.06,25.06,409999.0,1.0,0.4511699683107613
2015-03-16,25.08,25.1,24.98,25.0,403293.0,1.0,0.4511699683107613
2015-03-17,25.0,25.12,24.99,25.0,693600.0,1.0,0.4511699683107613
2015-03-18,24.95,25.1,24.95,25.04,336649.0,1.0,0.4511699683107613
2015-03-19,25.06,25.26,25.06,25.22,1487739.0,1.0,0.4511699683107613
2015-03-20,25.22,25.22,25.15,25.2,198580.0,1.0,0.4511699683107613
2015-03-23,25.2,25.21,25.14,25.15,164236.0,1.0,0.4511699683107613
2015-03-24,25.15,25.15,25.06,25.11,240262.0,1.0,0.4511699683107613
2015-03-25,25.11,25.15,24.99,25.01,483619.0,1.0,0.4511699683107613
2015-03-26,24.88,24.98,24.84,24.9,641778.0,1.0,0.4511699683107613
2015-03-27,24.9,24.99,24.79,24.84,718370.0,1.0,0.4511699683107613
2015-03-30,24.84,24.9,24.76,24.87,663859.0,1.0,0.4511699683107613
2015-03-31,24.95,24.95,24.84,24.85,615496.0,1.0,0.4511699683107613
2015-04-01,24.85,24.85,24.73,24.78,870685.0,1.0,0.4511699683107613
2015-04-02,24.78,24.9,24.77,24.85,206399.0,1.0,0.4511699683107613
2015-04-07,24.85,24.9,24.85,24.89,199750.0,1.0,0.4511699683107613
2015-04-08,24.9,24.95,24.77,24.9,527888.0,1.0,0.4511699683107613
2015-04-09,24.83,24.9,24.83,24.86,263998.0,1.0,0.4511699683107613
2015-04-10,24.9,24.9,24.82,24.86,279384.0,1.0,0.4511699683107613
2015-04-13,24.9,24.9,24.8,24.86,339266.0,1.0,0.4511699683107613
2015-04-14,24.88,24.9,24.85,24.88,151978.0,1.0,0.4511699683107613
2015-04-15,24.88,24.9,24.7,24.85,992758.0,1.0,0.4511699683107613
2015-04-16,24.85,24.85,24.8,24.83,273966.0,1.0,0.4511699683107613
2015-04-17,24.8,24.8,24.69,24.71,549998.0,1.0,0.4511699683107613
2015-04-20,24.71,24.72,24.44,24.45,1595646.0,1.0,0.4511699683107613
2015-04-21,24.45,24.56,24.35,24.4,1056698.0,1.0,0.4511699683107613
2015-04-22,24.41,24.69,24.41,24.6,321299.0,1.0,0.4511699683107613
2015-04-23,24.6,25.03,24.6,25.03,1488838.0,1.0,0.4511699683107613
2015-04-24,25.03,25.23,25.03,25.1,1304685.0,1.0,0.4511699683107613
2015-04-27,24.93,25.4,24.93,25.3,2020045.0,1.0,0.4511699683107613
2015-04-28,25.3,25.37,25.17,25.2,740829.0,1.0,0.4511699683107613
2015-04-29,25.2,25.25,25.06,25.08,430749.0,1.0,0.4511699683107613
2015-04-30,25.08,25.08,24.99,25.04,468781.0,1.0,0.4511699683107613
2015-05-04,25.04,25.08,25.0,25.05,270258.0,1.0,0.4511699683107613
2015-05-05,25.15,25.15,25.0,25.01,183549.0,1.0,0.4511699683107613
2015-05-06,25.01,25.11,25.0,25.08,369068.0,1.0,0.4511699683107613
2015-05-07,25.15,25.15,24.9,24.9,580749.0,1.0,0.4511699683107613
2015-05-08,24.9,24.96,24.87,24.89,377999.0,1.0,0.4511699683107613
2015-05-11,24.95,25.0,24.62,24.71,823852.0,1.0,0.4511699683107613
2015-05-12,24.84,24.84,24.47,24.69,1274145.0,1.0,0.4511699683107613
2015-05-13,24.68,24.84,24.68,24.8,221220.0,1.0,0.4511699683107613
2015-05-14,24.79,24.8,24.57,24.64,862021.0,1.0,0.4511699683107613
2015-05-15,24.57,24.7,24.54,24.55,928770.0,1.0,0.4511699683107613
2015-05-18,24.6,24.64,24.51,24.64,269180.0,1.0,0.4511699683107613
2015-05-19,24.65,24.81,24.6,24.8,550673.0,1.0,0.4511699683107613
2015-05-20,24.8,24.83,24.66,24.8,359998.0,1.0,0.4511699683107613
2015-05-21,24.79,24.79,24.35,24.51,2013301.0,1.0,0.4511699683107613
2015-05-22,24.51,24.59,24.51,24.54,228602.0,1.0,0.4511699683107613
2015-05-25,24.55,24.58,24.45,24.51,396530.0,1.0,0.4511699683107613
2015-05-26,24.52,24.64,24.52,24.64,124311.0,1.0,0.4511699683107613
2015-05-27,24.64,24.7,24.61,24.69,150100.0,1.0,0.4511699683107613
2015-05-28,24.75,24.8,24.74,24.77,269571.0,1.0,0.4511699683107613
2015-05-29,24.75,24.81,24.72,24.72,266130.0,1.0,0.4511699683107613
2015-06-01,24.8,24.8,24.56,24.68,311458.0,1.0,0.4511699683107613
2015-06-02,24.68,24.69,24.6,24.65,202232.0,1.0,0.4511699683107613
2015-06-03,24.65,24.65,24.5,24.5,499788.0,1.0,0.4511699683107613
2015-06-04,24.5,24.55,24.0,24.06,2904496.0,1.0,0.4511699683107613
2015-06-05,24.06,24.14,23.74,24.0,2982987.0,1.0,0.4511699683107613
2015-06-08,24.0,24.14,23.8,24.08,959876.0,1.0,0.4511699683107613
2015-06-09,24.08,24.08,23.37,23.51,4528213.0,1.0,0.4511699683107613
2015-06-10,23.55,23.7,23.51,23.56,1707219.0,1.0,0.4511699683107613
2015-06-11,23.6,23.65,23.36,23.45,2342994.0,1.0,0.4511699683107613
2015-06-12,23.52,23.53,23.31,23.35,1403377.0,1.0,0.4511699683107613
2015-06-15,23.45,23.53,23.34,23.45,978163.0,1.0,0.4511699683107613
2015-06-16,23.45,23.53,23.25,23.29,2277988.0,1.0,0.4511699683107613
2015-06-17,23.32,23.42,23.25,23.36,1101522.0,1.0,0.4511699683107613
2015-06-18,23.38,23.51,23.35,23.51,530492.0,1.0,0.4511699683107613
2015-06-22,23.56,24.0,23.56,23.81,1602283.0,1.0,0.4511699683107613
2015-06-23,23.95,23.95,23.85,23.89,426749.0,1.0,0.4511699683107613
2015-06-24,23.89,23.9,23.79,23.89,538877.0,1.0,0.4511699683107613
2015-06-25,23.89,23.99,23.89,23.95,320499.0,1.0,0.4511699683107613
2015-06-26,23.95,24.23,23.95,23.95,360406.0,1.0,0.4511699683107613
2015-06-29,23.95,23.95,23.6,23.76,1101101.0,1.0,0.4511699683107613
2015-06-30,23.74,23.74,23.54,23.7,715215.0,1.0,0.4511699683107613
2015-07-01,23.7,23.89,23.7,23.84,305772.0,1.0,0.4511699683107613
2015-07-02,23.84,23.9,23.8,23.85,123064.0,1.0,0.4511699683107613
2015-07-03,23.85,23.85,23.61,23.82,525588.0,1.0,0.4511699683107613
2015-07-06,23.86,23.86,23.65,23.69,418781.0,1.0,0.4511699683107613
2015-07-07,23.7,23.79,23.64,23.71,350725.0,1.0,0.4511699683107613
2015-07-08,23.71,23.71,22.82,23.22,7222611.0,1.0,0.4511699683107613
2015-07-09,23.16,23.16,22.39,22.84,7181600.0,1.0,0.4511699683107613
2015-07-13,23.01,23.1,22.85,23.03,2625301.0,1.0,0.4511699683107613
2015-07-14,23.19,23.19,23.08,23.12,746414.0,1.0,0.4511699683107613
2015-07-15,23.13,23.19,22.97,23.0,1491993.0,1.0,0.4511699683107613
2015-07-16,23.03,23.1,23.01,23.05,493277.0,1.0,0.4511699683107613
2015-07-17,23.12,23.12,22.8,23.05,1366771.0,1.0,0.4511699683107613
2015-07-20,23.06,23.1,22.7,22.96,2740359.0,1.0,0.4511699683107613
2015-07-21,23.0,23.0,22.7,22.88,2152074.0,1.0,0.4511699683107613
2015-07-22,22.88,22.88,22.47,22.57,5238723.0,1.0,0.4511699683107613
2015-07-23,22.62,22.62,22.24,22.5,5865799.0,1.0,0.4511699683107613
2015-07-24,22.5,22.5,22.13,22.3,6383746.0,1.0,0.4511699683107613
2015-07-27,22.3,22.3,21.61,21.85,12887245.0,1.0,0.4511699683107613
2015-07-28,21.85,21.85,21.49,21.77,6550393.0,1.0,0.4511699683107613
2015-07-29,21.79,21.99,21.63,21.98,2008484.0,1.0,0.4511699683107613
2015-07-30,22.0,22.04,21.7,21.96,3920241.0,1.0,0.4511699683107613
2015-07-31,22.0,22.0,21.83,21.95,1446595.0,1.0,0.4511699683107613
2015-08-03,21.98,21.98,21.58,21.79,3044900.0,1.0,0.4511699683107613
2015-08-04,21.81,21.84,21.52,21.63,5017296.0,1.0,0.4511699683107613
2015-08-05,21.65,21.72,21.53,21.72,2266421.0,1.0,0.4511699683107613
2015-08-06,21.78,21.79,21.28,21.34,8162850.0,1.0,0.4511699683107613
2015-08-07,21.34,21.34,21.04,21.25,3387494.0,1.0,0.4511699683107613
2015-08-10,21.3,21.48,21.13,21.48,2228993.0,1.0,0.4511699683107613
2015-08-11,21.56,21.65,21.26,21.37,3293588.0,1.0,0.4511699683107613
2015-08-12,21.35,21.35,21.14,21.25,3440444.0,1.0,0.4511699683107613
2015-08-13,21.25,21.43,21.2,21.43,835378.0,1.0,0.4511699683107613
2015-08-14,21.52,21.52,21.22,21.25,2948628.0,1.0,0.4511699683107613
2015-08-17,21.33,21.33,21.1,21.12,4815669.0,1.0,0.4511699683107613
2015-08-18,21.2,21.2,20.91,20.93,5833485.0,1.0,0.4511699683107613
2015-08-19,20.95,20.95,20.26,20.31,10880181.0,1.0,0.4511699683107613
2015-08-20,20.31,20.52,20.12,20.47,3468212.0,1.0,0.4511699683107613
2015-08-21,20.27,20.27,19.91,20.02,8876487.0,1.0,0.4511699683107613
2015-08-24,20.0,20.0,18.76,19.95,15841153.0,1.0,0.4511699683107613
2015-08-25,19.7,19.7,19.1,19.5,12037649.0,1.0,0.4511699683107613
2015-08-26,19.6,19.68,19.24,19.68,3967540.0,1.0,0.4511699683107613
2015-08-27,19.9,20.15,19.8,20.15,4487165.0,1.0,0.4511699683107613
2015-08-28,20.36,20.6,20.36,20.6,3799005.0,1.0,0.4511699683107613
2015-08-31,20.8,20.8,20.51,20.78,2614913.0,1.0,0.4511699683107613
2015-09-01,20.77,20.77,20.61,20.75,1557595.0,1.0,0.4511699683107613
2015-09-02,20.59,20.7,20.38,20.7,1826296.0,1.0,0.4511699683107613
2015-09-03,20.7,20.81,20.57,20.81,1405493.0,1.0,0.4511699683107613
2015-09-04,20.81,20.94,20.73,20.73,1479027.0,1.0,0.4511699683107613
2015-09-07,20.72,20.79,20.63,20.77,1353655.0,1.0,0.4511699683107613
2015-09-08,20.76,20.86,20.76,20.85,1103689.0,1.0,0.4511699683107613
2015-09-09,21.0,21.33,20.99,21.3,3163879.0,1.0,0.4511699683107613
2015-09-10,21.29,21.45,21.2,21.45,2406864.0,1.0,0.4511699683107613
2015-09-11,21.45,21.69,21.44,21.65,2399928.0,1.0,0.4511699683107613
2015-09-14,21.77,21.85,21.65,21.69,2949820.0,1.0,0.4511699683107613
2015-09-15,21.69,21.79,21.63,21.67,1623486.0,1.0,0.4511699683107613
2015-09-16,21.7,21.82,21.7,21.7,1423929.0,1.0,0.4511699683107613
2015-09-17,21.8,22.06,21.8,22.0,3821062.0,1.0,0.4511699683107613
2015-09-18,22.0,22.14,21.99,22.13,1949686.0,1.0,0.4511699683107613
2015-09-21,22.0,22.0,21.71,21.74,2567211.0,1.0,0.4511699683107613
2015-09-22,21.76,21.88,21.76,21.82,1046097.0,1.0,0.4511699683107613
2015-09-23,21.7,21.7,21.4,21.41,3383356.0,1.0,0.4511699683107613
2015-09-24,21.41,21.54,21.0,21.12,3859493.0,1.0,0.4511699683107613
2015-09-25,21.0,21.14,20.89,21.12,1979801.0,1.0,0.4511699683107613
2015-09-30,21.0,21.04,20.85,21.04,3401743.0,1.0,0.4511699683107613
2015-10-01,21.08,21.33,21.08,21.33,1151230.0,1.0,0.4511699683107613
2015-10-02,21.33,21.39,21.25,21.36,1029896.0,1.0,0.4511699683107613
2015-10-05,21.5,21.59,21.49,21.58,1227183.0,1.0,0.4511699683107613
2015-10-06,21.68,21.9,21.68,21.88,2317169.0,1.0,0.4511699683107613
2015-10-07,21.89,21.9,21.7,21.89,1319130.0,1.0,0.4511699683107613
2015-10-08,21.9,21.99,21.77,21.82,1672234.0,1.0,0.4511699683107613
2015-10-12,21.95,22.01,21.9,21.97,1925495.0,1.0,0.4511699683107613
2015-10-13,22.0,22.08,21.97,22.05,3639064.0,1.0,0.4511699683107613
2015-10-14,22.05,22.19,22.05,22.15,2422672.0,1.0,0.4511699683107613
2015-10-15,22.17,22.43,22.17,22.33,4475610.0,1.0,0.4511699683107613
2015-10-16,22.42,22.47,22.3,22.4,5604167.0,1.0,0.4511699683107613
2015-10-19,22.4,22.56,22.4,22.5,2674027.0,1.0,0.4511699683107613
2015-10-20,22.51,22.6,22.5,22.58,3214582.0,1.0,0.4511699683107613
2015-10-21,22.58,22.62,22.47,22.47,2515114.0,1.0,0.4511699683107613
2015-10-22,22.45,22.57,22.45,22.5,3273630.0,1.0,0.4511699683107613
2015-10-23,22.56,22.82,22.56,22.65,5189696.0,1.0,0.4511699683107613
2015-10-26,21.95,21.99,21.89,21.93,6110431.0,0.9558498896247241,0.47200922781703203
2015-10-27,22.0,22.0,21.93,21.95,1441507.0,1.0,0.47200922781703203
2015-10-28,21.95,21.99,21.91,21.95,1252321.0,1.0,0.47200922781703203
2015-10-29,22.0,22.0,21.7,21.72,2773632.0,1.0,0.47200922781703203
2015-10-30,21.72,21.72,21.08,21.66,2495781.0,1.0,0.47200922781703203
2015-11-02,21.66,21.67,21.46,21.66,1189937.0,1.0,0.47200922781703203
2015-11-03,21.7,21.89,21.7,21.89,1418206.0,1.0,0.47200922781703203
2015-11-04,21.92,22.2,21.92,22.09,2331827.0,1.0,0.47200922781703203
2015-11-05,22.1,22.21,22.09,22.16,1542182.0,1.0,0.47200922781703203
2015-11-06,22.16,22.16,21.93,21.97,1508403.0,1.0,0.47200922781703203
2015-11-09,21.97,21.97,21.64,21.68,2262911.0,1.0,0.47200922781703203
2015-11-10,21.66,21.66,21.4,21.55,2638562.0,1.0,0.47200922781703203
2015-11-11,21.55,21.55,21.12,21.13,5345313.0,1.0,0.47200922781703203
2015-11-12,21.13,21.2,20.91,21.08,4810493.0,1.0,0.47200922781703203
2015-11-13,21.07,21.12,20.85,20.88,5245809.0,1.0,0.47200922781703203
2015-11-16,20.72,20.85,20.62,20.83,3022829.0,1.0,0.47200922781703203
2015-11-17,20.98,21.23,20.98,21.23,1035039.0,1.0,0.47200922781703203
2015-11-18,21.4,21.4,21.08,21.12,1614107.0,1.0,0.47200922781703203
2015-11-19,21.29,21.29,21.1,21.22,795209.0,1.0,0.47200922781703203
2015-11-20,21.22,21.28,21.18,21.24,619396.0,1.0,0.47200922781703203
2015-11-23,21.31,21.31,21.2,21.26,483431.0,1.0,0.47200922781703203
2015-11-24,21.26,21.38,21.21,21.25,857104.0,1.0,0.47200922781703203
2015-11-25,21.26,21.34,21.16,21.18,700393.0,1.0,0.47200922781703203
2015-11-26,21.2,21.46,21.2,21.35,930242.0,1.0,0.47200922781703203
2015-11-27,21.4,21.45,21.35,21.36,692563.0,1.0,0.47200922781703203
2015-11-30,21.3,21.3,21.04,21.21,1241832.0,1.0,0.47200922781703203
2015-12-01,21.25,21.5,21.24,21.47,1205387.0,1.0,0.47200922781703203
2015-12-02,21.55,21.7,21.55,21.66,2264651.0,1.0,0.47200922781703203
2015-12-03,21.65,21.69,21.56,21.67,1067550.0,1.0,0.47200922781703203
2015-12-04,21.6,21.71,21.45,21.66,1322056.0,1.0,0.47200922781703203
2015-12-07,21.82,22.02,21.8,21.84,3155234.0,1.0,0.47200922781703203
2015-12-08,21.82,21.83,21.65,21.68,891935.0,1.0,0.47200922781703203
2015-12-09,21.67,21.67,21.43,21.48,1304234.0,1.0,0.47200922781703203
2015-12-10,21.47,21.48,21.2,21.37,1363995.0,1.0,0.47200922781703203
2015-12-11,21.47,21.5,21.14,21.33,1463813.0,1.0,0.47200922781703203
2015-12-14,21.1,21.2,20.9,21.14,2614296.0,1.0,0.47200922781703203
2015-12-15,21.14,21.32,21.14,21.29,716988.0,1.0,0.47200922781703203
2015-12-16,21.38,21.57,21.38,21.5,1457485.0,1.0,0.47200922781703203
2015-12-17,21.6,21.86,21.6,21.79,2606180.0,1.0,0.47200922781703203
2015-12-18,21.8,22.17,21.7,21.95,4537830.0,1.0,0.47200922781703203
2015-12-21,21.84,22.04,21.81,22.03,2087874.0,1.0,0.47200922781703203
2015-12-22,22.08,22.09,21.9,21.95,754647.0,1.0,0.47200922781703203
2015-12-23,22.0,22.19,22.0,22.01,2575734.0,1.0,0.47200922781703203
2015-12-24,22.1,22.19,21.98,21.98,1194354.0,1.0,0.47200922781703203
2015-12-25,21.93,22.0,21.88,22.0,891630.0,1.0,0.47200922781703203
2015-12-28,22.01,22.11,22.0,22.01,782840.0,1.0,0.47200922781703203
2015-12-29,22.01,22.01,21.92,21.95,656020.0,1.0,0.47200922781703203
2015-12-30,22.13,22.17,21.81,21.84,906834.0,1.0,0.47200922781703203
2015-12-31,21.84,21.86,21.76,21.85,726276.0,1.0,0.47200922781703203
2016-01-04,21.85,21.9,21.36,21.48,3859881.0,1.0,0.47200922781703203
2016-01-05,21.4,21.52,21.32,21.43,2399745.0,1.0,0.47200922781703203
2016-01-06,21.45,21.59,21.03,21.1,6187363.0,1.0,0.47200922781703203
2016-01-07,21.1,21.29,20.75,21.29,8950721.0,1.0,0.47200922781703203
2016-01-08,21.1,21.1,20.77,21.03,5753910.0,1.0,0.47200922781703203
2016-01-11,21.0,21.0,20.47,20.62,7066464.0,1.0,0.47200922781703203
2016-01-12,20.65,20.82,20.65,20.7,2482776.0,1.0,0.47200922781703203
2016-01-13,20.8,20.92,20.6,20.73,2852017.0,1.0,0.47200922781703203
2016-01-14,20.62,20.63,20.28,20.6,6619622.0,1.0,0.47200922781703203
2016-01-15,20.78,20.8,20.4,20.6,8009446.0,1.0,0.47200922781703203
2016-01-18,20.4,20.8,20.14,20.77,4207600.0,1.0,0.47200922781703203
2016-01-19,20.77,20.77,20.6,20.74,1886361.0,1.0,0.47200922781703203
2016-01-20,20.69,20.7,20.49,20.59,2808555.0,1.0,0.47200922781703203
2016-01-21,20.59,20.63,20.36,20.41,3708220.0,1.0,0.47200922781703203
2016-01-22,20.55,20.63,20.34,20.5,3445994.0,1.0,0.47200922781703203
2016-01-25,20.69,20.79,20.56,20.77,1989578.0,1.0,0.47200922781703203
2016-01-26,20.77,20.77,20.63,20.76,911825.0,1.0,0.47200922781703203
2016-01-27,20.84,20.86,20.79,20.81,949698.0,1.0,0.47200922781703203
2016-01-28,20.81,21.01,20.81,21.01,1553619.0,1.0,0.47200922781703203
2016-01-29,21.01,21.44,21.0,21.34,3210291.0,1.0,0.47200922781703203
2016-01-30,21.41,21.55,21.4,21.55,2561233.0,1.0,0.47200922781703203
2016-02-01,21.56,21.62,21.41,21.58,2124311.0,1.0,0.47200922781703203
2016-02-02,21.57,21.8,21.55,21.72,4284610.0,1.0,0.47200922781703203
2016-02-03,21.7,21.7,21.5,21.62,2118693.0,1.0,0.47200922781703203
2016-02-15,21.5,21.62,21.4,21.6,2444919.0,1.0,0.47200922781703203
2016-02-16,21.62,21.8,21.62,21.76,2532759.0,1.0,0.47200922781703203
2016-02-17,21.8,22.0,21.8,21.84,4152686.0,1.0,0.47200922781703203
2016-02-18,21.92,22.17,21.92,22.11,5924760.0,1.0,0.47200922781703203
2016-02-19,22.14,22.3,22.11,22.24,3310108.0,1.0,0.47200922781703203
2016-02-22,22.24,22.38,22.09,22.17,2639968.0,1.0,0.47200922781703203
2016-02-23,22.18,22.26,22.17,22.22,1499088.0,1.0,0.47200922781703203
2016-02-24,22.22,22.3,22.15,22.15,1465001.0,1.0,0.47200922781703203
2016-02-25,22.15,22.33,22.15,22.24,1808768.0,1.0,0.47200922781703203
2016-02-26,22.25,22.49,22.22,22.49,3679767.0,1.0,0.47200922781703203
2016-03-01,22.49,22.67,22.49,22.63,2615903.0,1.0,0.47200922781703203
2016-03-02,22.71,22.93,22.67,22.68,3293822.0,1.0,0.47200922781703203
2016-03-03,22.71,22.9,22.69,22.8,2673637.0,1.0,0.47200922781703203
2016-03-04,22.8,22.88,22.72,22.77,1756237.0,1.0,0.47200922781703203
2016-03-07,22.77,22.98,22.77,22.78,2517198.0,1.0,0.47200922781703203
2016-03-08,22.78,22.79,22.48,22.59,2877173.0,1.0,0.47200922781703203
2016-03-09,22.59,22.63,22.49,22.59,1605094.0,1.0,0.47200922781703203
2016-03-10,22.59,22.79,22.59,22.72,1667868.0,1.0,0.47200922781703203
2016-03-11,22.72,22.78,22.71,22.75,1717590.0,1.0,0.47200922781703203
2016-03-14,22.8,22.92,22.8,22.82,1861113.0,1.0,0.47200922781703203
2016-03-15,22.82,22.85,22.45,22.46,1713512.0,1.0,0.47200922781703203
2016-03-16,22.46,22.6,22.46,22.55,987544.0,1.0,0.47200922781703203
2016-03-17,22.65,22.79,22.6,22.61,1174594.0,1.0,0.47200922781703203
2016-03-18,22.62,22.82,22.62,22.71,2047999.0,1.0,0.47200922781703203
2016-03-21,22.75,22.8,22.69,22.79,1186720.0,1.0,0.47200922781703203
2016-03-22,22.79,22.8,22.54,22.69,1019762.0,1.0,0.47200922781703203
2016-03-23,22.69,22.7,22.5,22.55,1154371.0,1.0,0.47200922781703203
2016-03-24,22.55,22.55,22.3,22.43,1461239.0,1.0,0.47200922781703203
2016-03-25,22.43,22.5,22.4,22.4,711166.0,1.0,0.47200922781703203
2016-03-28,22.4,22.46,22.36,22.41,730706.0,1.0,0.47200922781703203
2016-03-29,22.38,22.42,22.14,22.19,2653992.0,1.0,0.47200922781703203
2016-03-30,22.15,22.4,22.15,22.4,898757.0,1.0,0.47200922781703203
2016-03-31,22.49,22.51,22.4,22.43,964948.0,1.0,0.47200922781703203
2016-04-01,22.43,22.43,22.21,22.28,1279377.0,1.0,0.47200922781703203
2016-04-06,22.28,22.28,22.0,22.08,2758643.0,1.0,0.47200922781703203
2016-04-07,22.08,22.09,21.85,22.03,2865091.0,1.0,0.47200922781703203
2016-04-08,22.0,22.0,21.9,21.95,1226005.0,1.0,0.47200922781703203
2016-04-11,21.95,22.01,21.86,21.97,2052227.0,1.0,0.47200922781703203
2016-04-12,22.0,22.05,21.98,22.02,971866.0,1.0,0.47200922781703203
2016-04-13,22.02,22.13,22.02,22.13,610574.0,1.0,0.47200922781703203
2016-04-14,22.22,22.28,22.18,22.21,1284902.0,1.0,0.47200922781703203
2016-04-15,22.22,22.29,22.21,22.26,513298.0,1.0,0.47200922781703203
2016-04-18,22.25,22.26,22.2,22.23,425978.0,1.0,0.47200922781703203
2016-04-19,22.27,22.3,22.19,22.23,478799.0,1.0,0.47200922781703203
2016-04-20,22.23,22.25,21.85,21.93,3516953.0,1.0,0.47200922781703203
2016-04-21,21.93,21.95,21.8,21.86,2411590.0,1.0,0.47200922781703203
2016-04-22,21.86,21.89,21.75,21.79,2723044.0,1.0,0.47200922781703203
2016-04-25,21.8,21.93,21.76,21.92,539870.0,1.0,0.47200922781703203
2016-04-26,21.92,22.05,21.92,22.0,431727.0,1.0,0.47200922781703203
2016-04-27,22.0,22.01,21.95,21.96,652547.0,1.0,0.47200922781703203
2016-04-28,21.96,22.0,21.75,21.8,2297102.0,1.0,0.47200922781703203
2016-04-29,21.8,21.8,21.5,21.6,4983546.0,1.0,0.47200922781703203
2016-05-03,21.6,21.61,21.29,21.35,6413774.0,1.0,0.47200922781703203
2016-05-04,21.35,21.35,20.9,21.0,13444428.0,1.0,0.47200922781703203
2016-05-05,21.05,21.09,20.78,20.93,8644589.0,1.0,0.47200922781703203
2016-05-06,21.05,21.05,20.7,20.75,11125956.0,1.0,0.47200922781703203
2016-05-09,20.96,20.96,20.69,20.85,4946007.0,1.0,0.47200922781703203
2016-05-10,20.84,20.9,20.63,20.9,5657837.0,1.0,0.47200922781703203
2016-05-11,21.0,21.0,20.8,20.9,3941027.0,1.0,0.47200922781703203
2016-05-12,20.87,20.92,20.78,20.8,4152992.0,1.0,0.47200922781703203
2016-05-13,20.8,20.8,20.5,20.69,14628965.0,1.0,0.47200922781703203
2016-05-16,20.69,20.84,20.59,20.84,2382462.0,1.0,0.47200922781703203
2016-05-17,20.88,20.92,20.74,20.91,2563105.0,1.0,0.47200922781703203
2016-05-18,20.87,20.93,20.73,20.93,2173518.0,1.0,0.47200922781703203
2016-05-19,20.92,20.92,20.73,20.81,3259527.0,1.0,0.47200922781703203
2016-05-20,20.82,20.88,20.69,20.88,2035319.0,1.0,0.47200922781703203
2016-05-23,20.92,21.31,20.79,21.31,4724200.0,1.0,0.47200922781703203
2016-05-24,21.31,21.35,21.22,21.3,1448314.0,1.0,0.47200922781703203
2016-05-25,21.41,21.52,21.38,21.41,2796984.0,1.0,0.47200922781703203
2016-05-26,21.43,21.51,21.41,21.49,2311387.0,1.0,0.47200922781703203
2016-05-27,21.63,21.7,21.62,21.68,3562851.0,1.0,0.47200922781703203
2016-05-30,21.7,21.95,21.68,21.92,4023072.0,1.0,0.47200922781703203
2016-05-31,21.92,21.95,21.78,21.95,2794100.0,1.0,0.47200922781703203
2016-06-01,21.93,22.09,21.92,22.05,4323262.0,1.0,0.47200922781703203
2016-06-02,22.07,22.22,21.97,22.05,4981608.0,1.0,0.47200922781703203
2016-06-03,22.07,22.13,22.0,22.03,2729288.0,1.0,0.47200922781703203
2016-06-04,22.06,22.09,22.0,22.05,1852500.0,1.0,0.47200922781703203
2016-06-06,22.06,22.15,21.93,21.98,2688011.0,1.0,0.47200922781703203
2016-06-07,22.03,22.3,22.03,22.29,6829710.0,1.0,0.47200922781703203
2016-06-08,22.32,22.45,22.32,22.36,3863745.0,1.0,0.47200922781703203
2016-06-13,22.31,22.31,22.04,22.06,4617087.0,1.0,0.47200922781703203
2016-06-14,22.0,22.3,22.0,22.28,4045038.0,1.0,0.47200922781703203
2016-06-15,22.2,22.32,22.11,22.27,1905333.0,1.0,0.47200922781703203
2016-06-16,22.25,22.3,22.06,22.08,1348218.0,1.0,0.47200922781703203
2016-06-17,22.13,22.34,22.13,22.18,3056692.0,1.0,0.47200922781703203
2016-06-20,22.25,22.47,22.25,22.44,4110224.0,1.0,0.47200922781703203
2016-06-21,22.44,22.59,22.41,22.58,4473636.0,1.0,0.47200922781703203
2016-06-22,22.6,22.6,22.5,22.58,2290217.0,1.0,0.47200922781703203
2016-06-23,22.58,22.6,22.48,22.5,846063.0,1.0,0.47200922781703203
2016-06-24,22.57,22.6,21.84,21.99,4375696.0,1.0,0.47200922781703203
2016-06-27,21.86,22.15,21.86,22.14,2004144.0,1.0,0.47200922781703203
2016-06-28,22.13,22.3,22.0,22.29,1183551.0,1.0,0.47200922781703203
2016-06-29,22.36,22.58,22.35,22.5,2644875.0,1.0,0.47200922781703203
2016-06-30,22.58,22.61,22.49,22.6,3151069.0,1.0,0.47200922781703203
2016-07-01,22.73,22.83,22.7,22.8,6936087.0,1.0,0.47200922781703203
2016-07-04,22.81,23.0,22.78,22.99,7342135.0,1.0,0.47200922781703203
2016-07-05,22.99,22.99,22.83,22.94,1985106.0,1.0,0.47200922781703203
2016-07-06,22.83,22.83,22.64,22.66,1661986.0,1.0,0.47200922781703203
2016-07-07,22.68,22.88,22.68,22.86,1546293.0,1.0,0.47200922781703203
2016-07-11,23.12,23.44,23.12,23.42,9737419.0,1.0,0.47200922781703203
2016-07-12,23.41,23.58,23.37,23.43,5162279.0,1.0,0.47200922781703203
2016-07-13,23.59,23.81,23.52,23.79,8308219.0,1.0,0.47200922781703203
2016-07-14,23.79,23.86,23.69,23.8,3900863.0,1.0,0.47200922781703203
2016-07-15,23.82,23.99,23.82,23.94,7972419.0,1.0,0.47200922781703203
2016-07-18,24.0,24.2,24.0,24.13,18605803.0,1.0,0.47200922781703203
2016-07-19,24.17,24.22,24.05,24.2,6190297.0,1.0,0.47200922781703203
2016-07-20,24.08,24.2,24.02,24.05,5226691.0,1.0,0.47200922781703203
2016-07-21,24.0,24.37,24.0,24.26,5974574.0,1.0,0.47200922781703203
2016-07-22,24.2,24.35,24.14,24.24,3625865.0,1.0,0.47200922781703203
2016-07-25,24.3,24.46,24.02,24.17,3716445.0,1.0,0.47200922781703203
2016-07-26,24.15,24.23,24.05,24.19,5272888.0,1.0,0.47200922781703203
2016-07-27,24.23,24.44,24.23,24.33,3472435.0,1.0,0.47200922781703203
2016-07-28,24.34,24.44,24.29,24.42,2989841.0,1.0,0.47200922781703203
2016-07-29,24.44,24.45,24.33,24.37,1458846.0,1.0,0.47200922781703203
2016-08-01,24.31,24.57,24.31,24.55,5351356.0,1.0,0.47200922781703203
2016-08-02,24.5,24.62,24.48,24.61,3983538.0,1.0,0.47200922781703203
2016-08-03,24.48,24.54,24.32,24.49,2058169.0,1.0,0.47200922781703203
2016-08-04,24.5,24.5,24.44,24.47,1993910.0,1.0,0.47200922781703203
2016-08-05,24.47,24.63,24.43,24.58,3230343.0,1.0,0.47200922781703203
2016-08-08,24.63,24.68,24.58,24.67,2522644.0,1.0,0.47200922781703203
2016-08-09,24.62,24.75,24.62,24.68,1638055.0,1.0,0.47200922781703203
2016-08-10,24.66,24.71,24.55,24.67,2124000.0,1.0,0.47200922781703203
2016-08-11,24.61,24.7,24.4,24.48,3305952.0,1.0,0.47200922781703203
2016-08-12,24.48,24.67,24.48,24.56,2631951.0,1.0,0.47200922781703203
2016-08-15,24.56,24.66,24.5,24.59,2854933.0,1.0,0.47200922781703203
2016-08-16,24.59,24.7,24.53,24.64,3679235.0,1.0,0.47200922781703203
2016-08-17,24.6,24.61,24.5,24.58,3557276.0,1.0,0.47200922781703203
2016-08-18,24.55,24.76,24.55,24.72,2712417.0,1.0,0.47200922781703203
2016-08-19,24.72,24.94,24.64,24.65,2023170.0,1.0,0.47200922781703203
2016-08-22,24.51,24.62,24.27,24.3,1516058.0,1.0,0.47200922781703203
2016-08-23,24.22,24.5,24.22,24.41,1303093.0,1.0,0.47200922781703203
2016-08-24,24.35,24.48,24.35,24.4,938030.0,1.0,0.47200922781703203
2016-08-25,24.4,24.78,24.4,24.66,1936106.0,1.0,0.47200922781703203
2016-08-26,24.61,24.77,24.61,24.7,1131282.0,1.0,0.47200922781703203
2016-08-29,24.7,24.7,24.5,24.6,785426.0,1.0,0.47200922781703203
2016-08-30,24.6,24.77,24.6,24.74,1599749.0,1.0,0.47200922781703203
2016-08-31,24.74,24.75,24.58,24.65,1293465.0,1.0,0.47200922781703203
2016-09-01,24.65,24.65,24.33,24.39,1288399.0,1.0,0.47200922781703203
2016-09-02,24.39,24.48,24.26,24.4,1423642.0,1.0,0.47200922781703203
2016-09-05,24.4,24.66,24.4,24.65,1431995.0,1.0,0.47200922781703203
2016-09-06,24.66,24.9,24.65,24.86,3180540.0,1.0,0.47200922781703203
2016-09-07,24.9,25.04,24.9,25.0,4476523.0,1.0,0.47200922781703203
2016-09-08,25.0,25.11,24.96,25.08,3129899.0,1.0,0.47200922781703203
2016-09-09,25.0,25.0,24.89,24.95,828365.0,1.0,0.47200922781703203
2016-09-10,24.51,24.68,24.51,24.63,1461350.0,1.0,0.47200922781703203
2016-09-12,24.6,24.6,24.5,24.55,1330595.0,1.0,0.47200922781703203
2016-09-13,24.57,24.7,24.32,24.37,6564430.0,1.0,0.47200922781703203
2016-09-14,24.37,24.45,24.25,24.35,1570712.0,1.0,0.47200922781703203
2016-09-19,24.35,24.79,24.35,24.77,1422506.0,1.0,0.47200922781703203
2016-09-20,24.77,24.84,24.69,24.8,1024657.0,1.0,0.47200922781703203
2016-09-21,24.8,24.97,24.79,24.95,913500.0,1.0,0.47200922781703203
2016-09-22,24.96,25.12,24.96,25.01,3692609.0,1.0,0.47200922781703203
2016-09-23,25.0,25.05,24.98,25.02,1988147.0,1.0,0.47200922781703203
2016-09-26,25.0,25.0,24.85,24.85,399428.0,1.0,0.47200922781703203
2016-09-29,25.0,25.11,24.95,25.1,2478498.0,1.0,0.47200922781703203
2016-09-30,25.0,25.1,24.9,25.1,2270705.0,1.0,0.47200922781703203
2016-10-03,25.1,25.1,24.99,25.05,724364.0,1.0,0.47200922781703203
2016-10-04,25.0,25.07,25.0,25.07,716609.0,1.0,0.47200922781703203
2016-10-05,25.06,25.1,25.0,25.1,1389010.0,1.0,0.47200922781703203
2016-10-06,25.1,25.11,25.04,25.1,1849833.0,1.0,0.47200922781703203
2016-10-07,25.1,25.11,25.05,25.06,3161779.0,1.0,0.47200922781703203
2016-10-11,25.06,25.11,24.71,24.88,5141942.0,1.0,0.47200922781703203
2016-10-12,24.8,24.99,24.76,24.97,2461215.0,1.0,0.47200922781703203
2016-10-13,24.99,25.01,24.85,24.87,3975451.0,1.0,0.47200922781703203
2016-10-14,24.87,24.89,24.66,24.66,4020428.0,1.0,0.47200922781703203
2016-10-17,24.67,24.75,24.41,24.69,2521602.0,1.0,0.47200922781703203
2016-10-18,24.74,24.82,24.69,24.81,1981196.0,1.0,0.47200922781703203
2016-10-19,24.89,24.96,24.87,24.95,4647665.0,1.0,0.47200922781703203
2016-10-20,25.0,25.01,24.92,25.01,4761428.0,1.0,0.47200922781703203
2016-10-21,25.01,25.01,24.9,25.0,3247023.0,1.0,0.47200922781703203
2016-10-24,25.0,25.09,24.99,25.09,3975533.0,1.0,0.47200922781703203
2016-10-25,25.11,25.35,25.1,25.35,6661703.0,1.0,0.47200922781703203
2016-10-26,23.96,23.96,23.78,23.79,8440284.0,0.9487179487179487,0.4975232401314662
2016-10-27,23.79,23.84,23.67,23.75,2283131.0,1.0,0.4975232401314662
2016-10-28,23.75,23.78,23.7,23.75,865617.0,1.0,0.4975232401314662
2016-10-31,23.75,23.8,23.52,23.8,1337599.0,1.0,0.4975232401314662
2016-11-01,23.8,23.8,23.65,23.7,1331094.0,1.0,0.4975232401314662
2016-11-02,23.67,23.67,23.26,23.28,4400619.0,1.0,0.4975232401314662
2016-11-03,23.28,23.3,23.04,23.09,2651805.0,1.0,0.4975232401314662
2016-11-04,23.09,23.1,22.98,23.06,2657650.0,1.0,0.4975232401314662
2016-11-07,23.1,23.29,23.1,23.27,1144809.0,1.0,0.4975232401314662
2016-11-08,23.39,23.4,23.27,23.4,1059757.0,1.0,0.4975232401314662
2016-11-09,23.45,23.53,22.6,22.72,16421122.0,1.0,0.4975232401314662
2016-11-10,23.19,23.26,23.0,23.26,3609289.0,1.0,0.4975232401314662
2016-11-11,23.3,23.3,22.61,22.7,14758120.0,1.0,0.4975232401314662
2016-11-14,22.71,22.89,22.5,22.89,9696691.0,1.0,0.4975232401314662
2016-11-15,22.7,22.81,22.65,22.74,2966419.0,1.0,0.4975232401314662
2016-11-16,22.8,22.85,22.76,22.78,1559995.0,1.0,0.4975232401314662
2016-11-17,22.84,22.84,22.56,22.65,3094586.0,1.0,0.4975232401314662
2016-11-18,22.7,22.85,22.6,22.85,1581193.0,1.0,0.4975232401314662
2016-11-21,22.85,22.94,22.81,22.94,1997536.0,1.0,0.4975232401314662
2016-11-22,23.05,23.28,23.0,23.19,3522118.0,1.0,0.4975232401314662
2016-11-23,23.25,23.26,23.19,23.2,1204816.0,1.0,0.4975232401314662
2016-11-24,23.2,23.21,23.08,23.17,1330511.0,1.0,0.4975232401314662
2016-11-25,23.17,23.28,23.12,23.23,746210.0,1.0,0.4975232401314662
2016-11-28,23.23,23.34,23.23,23.29,1207351.0,1.0,0.4975232401314662
2016-11-29,23.3,23.32,23.24,23.25,1023995.0,1.0,0.4975232401314662
2016-11-30,23.3,23.3,23.22,23.26,592741.0,1.0,0.4975232401314662
2016-12-01,23.27,23.37,23.27,23.32,735838.0,1.0,0.4975232401314662
2016-12-02,23.3,23.3,23.11,23.13,2282058.0,1.0,0.4975232401314662
2016-12-05,23.14,23.14,22.95,22.98,1650301.0,1.0,0.4975232401314662
2016-12-06,23.06,23.17,23.06,23.14,501771.0,1.0,0.4975232401314662
2016-12-07,23.18,23.23,23.18,23.2,444547.0,1.0,0.4975232401314662
2016-12-08,23.3,23.34,23.27,23.33,1486951.0,1.0,0.4975232401314662
2016-12-09,23.35,23.47,23.34,23.43,1410111.0,1.0,0.4975232401314662
2016-12-12,23.47,23.48,23.22,23.27,1228104.0,1.0,0.4975232401314662
2016-12-13,23.27,23.3,23.22,23.28,1499318.0,1.0,0.4975232401314662
2016-12-14,23.29,23.35,23.28,23.3,821479.0,1.0,0.4975232401314662
2016-12-15,23.25,23.3,23.23,23.3,593114.0,1.0,0.4975232401314662
2016-12-16,23.3,23.38,23.27,23.31,1100818.0,1.0,0.4975232401314662
2016-12-19,23.26,23.3,23.04,23.07,2212793.0,1.0,0.4975232401314662
2016-12-20,23.1,23.1,22.97,23.1,1925467.0,1.0,0.4975232401314662
2016-12-21,23.1,23.1,22.99,23.03,1580453.0,1.0,0.4975232401314662
2016-12-22,23.03,23.03,22.9,23.0,2994348.0,1.0,0.4975232401314662
2016-12-23,22.98,22.98,22.79,22.85,4813210.0,1.0,0.4975232401314662
2016-12-26,22.89,22.9,22.79,22.9,2281587.0,1.0,0.4975232401314662
2016-12-27,22.9,22.94,22.85,22.86,1433665.0,1.0,0.4975232401314662
2016-12-28,22.96,23.0,22.88,23.0,1216165.0,1.0,0.4975232401314662
2016-12-29,22.99,23.03,22.92,22.99,963266.0,1.0,0.4975232401314662
2016-12-30,23.01,23.09,23.0,23.07,1290054.0,1.0,0.4975232401314662
2017-01-03,23.12,23.13,23.07,23.12,1141125.0,1.0,0.4975232401314662
2017-01-04,23.12,23.21,23.12,23.2,913715.0,1.0,0.4975232401314662
2017-01-05,23.25,23.28,23.21,23.28,1072101.0,1.0,0.4975232401314662
2017-01-06,23.28,23.37,23.28,23.34,1444459.0,1.0,0.4975232401314662
2017-01-09,23.37,23.41,23.27,23.3,1087535.0,1.0,0.4975232401314662
2017-01-10,23.3,23.41,23.29,23.41,1281944.0,1.0,0.4975232401314662
2017-01-11,23.45,23.52,23.42,23.5,2464699.0,1.0,0.4975232401314662
2017-01-12,23.51,23.59,23.5,23.58,2757346.0,1.0,0.4975232401314662
2017-01-13,23.51,23.58,23.5,23.56,852101.0,1.0,0.4975232401314662
2017-01-16,23.55,23.55,23.35,23.44,895162.0,1.0,0.4975232401314662
2017-01-17,23.37,23.49,23.37,23.44,712583.0,1.0,0.4975232401314662
2017-01-18,23.48,23.48,23.41,23.42,371489.0,1.0,0.4975232401314662
2017-01-19,23.4,23.4,23.35,23.39,300555.0,1.0,0.4975232401314662
2017-01-20,23.4,23.43,23.35,23.35,603250.0,1.0,0.4975232401314662
2017-01-23,23.35,23.49,23.35,23.48,544355.0,1.0,0.4975232401314662
2017-01-24,23.48,23.55,23.48,23.54,832099.0,1.0,0.4975232401314662
2017-02-02,23.55,23.64,23.54,23.55,946108.0,1.0,0.4975232401314662
2017-02-03,23.55,23.65,23.53,23.65,1328923.0,1.0,0.4975232401314662
2017-02-06,23.66,23.96,23.66,23.93,2918974.0,1.0,0.4975232401314662
2017-02-07,23.93,24.0,23.91,23.96,2097662.0,1.0,0.4975232401314662
2017-02-08,23.96,24.24,23.95,24.15,3332439.0,1.0,0.4975232401314662
2017-02-09,24.15,24.2,24.08,24.19,1188936.0,1.0,0.4975232401314662
2017-02-10,24.22,24.45,24.22,24.33,2251876.0,1.0,0.4975232401314662
2017-02-13,24.33,24.34,24.25,24.33,1874630.0,1.0,0.4975232401314662
2017-02-14,24.34,24.52,24.34,24.4,2645217.0,1.0,0.4975232401314662
2017-02-15,24.4,24.61,24.4,24.59,2798192.0,1.0,0.4975232401314662
2017-02-16,24.6,24.69,24.42,24.48,10656299.0,1.0,0.4975232401314662
2017-02-17,24.48,24.54,24.42,24.45,3166682.0,1.0,0.4975232401314662
2017-02-18,24.45,24.5,24.4,24.5,1108862.0,1.0,0.4975232401314662
2017-02-20,24.5,24.55,24.3,24.37,922614.0,1.0,0.4975232401314662
2017-02-21,24.37,24.37,24.19,24.24,945788.0,1.0,0.4975232401314662
2017-02-22,24.25,24.41,24.25,24.38,1078412.0,1.0,0.4975232401314662
2017-02-23,24.4,24.52,24.4,24.44,1808054.0,1.0,0.4975232401314662
2017-02-24,24.44,24.48,24.38,24.48,926055.0,1.0,0.4975232401314662
2017-03-01,24.5,24.57,24.47,24.5,1044366.0,1.0,0.4975232401314662
2017-03-02,24.53,24.65,24.46,24.5,2964309.0,1.0,0.4975232401314662
2017-03-03,24.48,24.5,24.45,24.47,703584.0,1.0,0.4975232401314662
2017-03-06,24.47,24.47,24.42,24.45,699065.0,1.0,0.4975232401314662
2017-03-07,24.45,24.52,24.44,24.51,851834.0,1.0,0.4975232401314662
2017-03-08,24.52,24.57,24.52,24.56,687513.0,1.0,0.4975232401314662
2017-03-09,24.56,24.57,24.45,24.5,1216566.0,1.0,0.4975232401314662
2017-03-10,24.5,24.5,24.22,24.4,1267451.0,1.0,0.4975232401314662
2017-03-13,24.4,24.5,24.4,24.49,564449.0,1.0,0.4975232401314662
2017-03-14,24.5,24.6,24.49,24.6,1900411.0,1.0,0.4975232401314662
2017-03-15,24.6,24.65,24.58,24.59,1084650.0,1.0,0.4975232401314662
2017-03-16,24.64,24.82,24.64,24.76,2443794.0,1.0,0.4975232401314662
2017-03-17,24.76,24.83,24.76,24.8,1542141.0,1.0,0.4975232401314662
2017-03-20,24.81,24.95,24.81,24.92,2451244.0,1.0,0.4975232401314662
2017-03-21,24.95,25.15,24.95,25.03,8280072.0,1.0,0.4975232401314662
2017-03-22,24.79,25.09,24.78,25.08,2598426.0,1.0,0.4975232401314662
2017-03-23,25.05,25.08,24.96,25.0,1112801.0,1.0,0.4975232401314662
2017-03-24,25.0,25.0,24.94,24.98,1082326.0,1.0,0.4975232401314662
2017-03-27,24.97,24.97,24.84,24.86,1090016.0,1.0,0.4975232401314662
2017-03-28,24.86,24.92,24.58,24.75,2018343.0,1.0,0.4975232401314662
2017-03-29,24.83,24.83,24.75,24.8,523349.0,1.0,0.4975232401314662
2017-03-30,24.8,24.84,24.73,24.8,489880.0,1.0,0.4975232401314662
2017-03-31,24.8,24.8,24.72,24.73,773898.0,1.0,0.4975232401314662
2017-04-05,24.73,24.93,24.73,24.91,1351945.0,1.0,0.4975232401314662
2017-04-06,24.91,24.91,24.8,24.85,479343.0,1.0,0.4975232401314662
2017-04-07,24.85,24.86,24.65,24.79,860024.0,1.0,0.4975232401314662
2017-04-10,24.79,24.83,24.79,24.82,766984.0,1.0,0.4975232401314662
2017-04-11,24.82,24.82,24.58,24.59,2154819.0,1.0,0.4975232401314662
2017-04-12,24.6,24.6,24.39,24.49,1836321.0,1.0,0.4975232401314662
2017-04-13,24.49,24.52,24.42,24.52,958061.0,1.0,0.4975232401314662
2017-04-14,24.48,24.48,24.23,24.27,5400808.0,1.0,0.4975232401314662
2017-04-17,24.27,24.29,23.99,24.18,7015859.0,1.0,0.4975232401314662
2017-04-18,24.2,24.28,24.18,24.25,1419362.0,1.0,0.4975232401314662
2017-04-19,24.22,24.22,24.02,24.18,3385096.0,1.0,0.4975232401314662
2017-04-20,24.15,24.15,23.96,24.01,5947253.0,1.0,0.4975232401314662
2017-04-21,24.15,24.15,24.03,24.09,2625831.0,1.0,0.4975232401314662
2017-04-24,24.13,24.17,24.04,24.11,1199827.0,1.0,0.4975232401314662
2017-04-25,24.2,24.23,24.12,24.23,1134244.0,1.0,0.4975232401314662
2017-04-26,24.27,24.45,24.27,24.45,1736892.0,1.0,0.4975232401314662
2017-04-27,24.45,24.46,24.38,24.44,441977.0,1.0,0.4975232401314662
2017-04-28,24.45,24.52,24.41,24.45,2088492.0,1.0,0.4975232401314662
2017-05-02,24.53,24.59,24.52,24.56,3285207.0,1.0,0.4975232401314662
2017-05-03,24.57,24.58,24.51,24.51,736690.0,1.0,0.4975232401314662
2017-05-04,24.51,24.61,24.5,24.61,2623127.0,1.0,0.4975232401314662
2017-05-05,24.61,24.64,24.5,24.51,1718109.0,1.0,0.4975232401314662
2017-05-08,24.55,24.62,24.55,24.57,827451.0,1.0,0.4975232401314662
2017-05-09,24.57,24.61,24.47,24.5,1043357.0,1.0,0.4975232401314662
2017-05-10,24.5,24.5,24.45,24.47,637841.0,1.0,0.4975232401314662
2017-05-11,24.47,24.5,24.42,24.48,450483.0,1.0,0.4975232401314662
2017-05-12,24.45,24.58,24.45,24.56,643107.0,1.0,0.4975232401314662
2017-05-15,24.57,24.73,24.57,24.7,1571405.0,1.0,0.4975232401314662
2017-05-16,24.7,24.82,24.7,24.75,1048937.0,1.0,0.4975232401314662
2017-05-17,24.75,24.78,24.7,24.7,898884.0,1.0,0.4975232401314662
2017-05-18,24.6,24.66,24.5,24.66,610977.0,1.0,0.4975232401314662
2017-05-19,24.69,24.73,24.62,24.69,1565136.0,1.0,0.4975232401314662
2017-05-22,24.69,24.78,24.69,24.75,583536.0,1.0,0.4975232401314662
2017-05-23,24.75,24.76,24.75,24.76,532706.0,1.0,0.4975232401314662
2017-05-24,24.72,24.76,24.7,24.76,617439.0,1.0,0.4975232401314662
2017-05-25,24.76,24.81,24.76,24.81,1394973.0,1.0,0.4975232401314662
2017-05-26,24.81,24.95,24.81,24.89,2790124.0,1.0,0.4975232401314662
2017-05-31,24.89,24.9,24.8,24.83,649374.0,1.0,0.4975232401314662
2017-06-01,24.83,24.85,24.83,24.84,388248.0,1.0,0.4975232401314662
2017-06-02,24.85,24.87,24.84,24.86,503652.0,1.0,0.4975232401314662
2017-06-03,24.88,24.92,24.86,24.9,1636903.0,1.0,0.4975232401314662
2017-06-05,24.9,25.0,24.9,24.99,3296190.0,1.0,0.4975232401314662
2017-06-06,24.99,25.02,24.97,25.0,4960736.0,1.0,0.4975232401314662
2017-06-07,25.0,25.04,24.91,24.93,905701.0,1.0,0.4975232401314662
2017-06-08,24.93,25.0,24.93,25.0,555835.0,1.0,0.4975232401314662
2017-06-09,25.0,25.09,25.0,25.0,2810683.0,1.0,0.4975232401314662
2017-06-12,24.98,25.11,24.94,25.07,5332990.0,1.0,0.4975232401314662
2017-06-13,25.07,25.18,25.07,25.16,1617722.0,1.0,0.4975232401314662
2017-06-14,25.16,25.18,24.92,24.96,2786289.0,1.0,0.4975232401314662
2017-06-15,24.98,25.0,24.92,24.98,1039425.0,1.0,0.4975232401314662
2017-06-16,24.97,25.05,24.94,25.05,1857755.0,1.0,0.4975232401314662
2017-06-19,25.05,25.25,25.03,25.22,6644737.0,1.0,0.4975232401314662
2017-06-20,25.24,25.31,25.24,25.26,1709900.0,1.0,0.4975232401314662
2017-06-21,25.26,25.45,25.21,25.42,4101017.0,1.0,0.4975232401314662
2017-06-22,25.43,25.59,25.43,25.56,3199600.0,1.0,0.4975232401314662
2017-06-23,25.56,25.57,25.46,25.48,996328.0,1.0,0.4975232401314662
2017-06-26,25.48,25.72,25.48,25.7,3756984.0,1.0,0.4975232401314662
2017-06-27,25.7,25.82,25.7,25.76,1443909.0,1.0,0.4975232401314662
2017-06-28,25.7,25.76,25.55,25.57,1214570.0,1.0,0.4975232401314662
2017-06-29,25.57,25.71,25.57,25.6,1233897.0,1.0,0.4975232401314662
2017-06-30,25.6,25.6,25.5,25.58,700368.0,1.0,0.4975232401314662
2017-07-03,25.57,25.75,25.57,25.75,1110668.0,1.0,0.4975232401314662
2017-07-04,25.75,25.76,25.6,25.65,1131595.0,1.0,0.4975232401314662
2017-07-05,25.65,25.68,25.5,25.68,985026.0,1.0,0.4975232401314662
2017-07-06,25.68,25.68,25.6,25.64,851742.0,1.0,0.4975232401314662
2017-07-07,25.64,25.64,25.54,25.56,801627.0,1.0,0.4975232401314662
2017-07-10,25.56,25.6,25.56,25.58,649190.0,1.0,0.4975232401314662
2017-07-11,25.59,25.82,25.59,25.8,1443495.0,1.0,0.4975232401314662
2017-07-12,25.8,25.96,25.8,25.94,1062255.0,1.0,0.4975232401314662
2017-07-13,25.97,26.04,25.97,26.0,2142314.0,1.0,0.4975232401314662
2017-07-14,26.0,26.1,25.99,26.04,1483538.0,1.0,0.4975232401314662
2017-07-17,26.05,26.17,26.05,26.11,1334063.0,1.0,0.4975232401314662
2017-07-18,26.11,26.13,26.08,26.13,1117825.0,1.0,0.4975232401314662
2017-07-19,26.13,26.3,26.13,26.25,2426809.0,1.0,0.4975232401314662
2017-07-20,26.3,26.31,26.23,26.25,973885.0,1.0,0.4975232401314662
2017-07-21,26.2,26.2,26.1,26.11,1106141.0,1.0,0.4975232401314662
2017-07-24,26.0,26.05,25.98,26.03,2894639.0,1.0,0.4975232401314662
2017-07-25,26.03,26.17,26.03,26.16,1118126.0,1.0,0.4975232401314662
2017-07-26,26.16,26.18,26.13,26.15,646250.0,1.0,0.4975232401314662
2017-07-27,26.15,26.23,26.15,26.22,1024769.0,1.0,0.4975232401314662
2017-07-28,26.2,26.21,26.18,26.19,758450.0,1.0,0.4975232401314662
2017-07-31,26.19,26.19,26.04,26.09,899080.0,1.0,0.4975232401314662
2017-08-01,26.09,26.21,26.09,26.2,863934.0,1.0,0.4975232401314662
2017-08-02,26.22,26.35,26.22,26.28,1462001.0,1.0,0.4975232401314662
2017-08-03,26.29,26.29,26.2,26.23,849168.0,1.0,0.4975232401314662
2017-08-04,26.23,26.29,26.23,26.29,1126456.0,1.0,0.4975232401314662
2017-08-07,26.31,26.37,26.3,26.34,1000311.0,1.0,0.4975232401314662
2017-08-08,26.34,26.45,26.34,26.36,772042.0,1.0,0.4975232401314662
2017-08-09,26.36,26.39,26.25,26.26,1314641.0,1.0,0.4975232401314662
2017-08-10,26.26,26.26,25.84,25.9,4650668.0,1.0,0.4975232401314662
2017-08-11,25.75,25.86,25.65,25.86,4616210.0,1.0,0.4975232401314662
2017-08-14,25.86,25.86,25.42,25.44,4019683.0,1.0,0.4975232401314662
2017-08-15,25.52,25.7,25.52,25.68,2178460.0,1.0,0.4975232401314662
2017-08-16,25.7,25.73,25.59,25.64,3961696.0,1.0,0.4975232401314662
2017-08-17,25.69,25.85,25.69,25.85,879880.0,1.0,0.4975232401314662
2017-08-18,25.79,25.79,25.6,25.78,1957864.0,1.0,0.4975232401314662
2017-08-21,25.78,25.78,25.59,25.67,1845355.0,1.0,0.4975232401314662
2017-08-22,25.67,25.78,25.67,25.78,625818.0,1.0,0.4975232401314662
2017-08-23,25.8,25.9,25.8,25.87,790232.0,1.0,0.4975232401314662
2017-08-24,25.9,25.94,25.87,25.92,724204.0,1.0,0.4975232401314662
2017-08-25,25.96,25.96,25.92,25.94,506801.0,1.0,0.4975232401314662
2017-08-28,25.96,25.98,25.94,25.98,623372.0,1.0,0.4975232401314662
2017-08-29,25.98,25.98,25.84,25.85,1027768.0,1.0,0.4975232401314662
2017-08-30,25.86,25.98,25.86,25.98,1094810.0,1.0,0.4975232401314662
2017-08-31,25.99,26.13,25.99,26.09,2100932.0,1.0,0.4975232401314662
2017-09-01,26.1,26.28,26.09,26.25,3841971.0,1.0,0.4975232401314662
2017-09-04,26.25,26.25,26.17,26.22,859394.0,1.0,0.4975232401314662
2017-09-05,26.22,26.29,26.22,26.29,1082393.0,1.0,0.4975232401314662
2017-09-06,26.29,26.3,26.17,26.25,1561495.0,1.0,0.4975232401314662
2017-09-07,26.24,26.3,26.12,26.14,1182123.0,1.0,0.4975232401314662
2017-09-08,26.15,26.25,26.15,26.23,968814.0,1.0,0.4975232401314662
2017-09-11,26.26,26.36,26.26,26.31,1548837.0,1.0,0.4975232401314662
2017-09-12,26.33,26.52,26.33,26.49,2066683.0,1.0,0.4975232401314662
2017-09-13,26.5,26.6,26.48,26.5,1600628.0,1.0,0.4975232401314662
2017-09-14,26.5,26.56,26.46,26.51,977781.0,1.0,0.4975232401314662
2017-09-15,26.5,26.58,26.46,26.55,1920390.0,1.0,0.4975232401314662
2017-09-18,26.55,26.8,26.55,26.8,2795795.0,1.0,0.4975232401314662
2017-09-19,26.8,26.85,26.48,26.48,2675339.0,1.0,0.4975232401314662
2017-09-20,26.48,26.5,26.31,26.34,1682133.0,1.0,0.4975232401314662
2017-09-21,26.34,26.47,26.34,26.43,779879.0,1.0,0.4975232401314662
2017-09-22,26.43,26.45,26.19,26.2,3103150.0,1.0,0.4975232401314662
2017-09-25,26.2,26.21,25.69,25.8,9492340.0,1.0,0.4975232401314662
2017-09-26,25.8,25.88,25.56,25.65,9639283.0,1.0,0.4975232401314662
2017-09-27,25.7,25.8,25.67,25.77,2833383.0,1.0,0.4975232401314662
2017-09-28,25.8,25.88,25.72,25.8,1763753.0,1.0,0.4975232401314662
2017-09-29,25.8,25.84,25.61,25.8,5461974.0,1.0,0.4975232401314662
2017-09-30,25.85,25.96,25.84,25.96,1178490.0,1.0,0.4975232401314662
2017-10-02,26.05,26.18,26.02,26.15,1124589.0,1.0,0.4975232401314662
2017-10-03,26.17,26.25,26.12,26.24,1292866.0,1.0,0.4975232401314662
2017-10-05,26.24,26.29,26.18,26.29,786054.0,1.0,0.4975232401314662
2017-10-06,26.5,26.5,26.35,26.41,1473760.0,1.0,0.4975232401314662
2017-10-11,26.45,26.45,26.32,26.41,3156811.0,1.0,0.4975232401314662
2017-10-12,26.41,26.43,26.32,26.39,1675460.0,1.0,0.4975232401314662
2017-10-13,26.35,26.35,26.24,26.28,2687940.0,1.0,0.4975232401314662
2017-10-16,26.28,26.42,26.25,26.38,1888259.0,1.0,0.4975232401314662
2017-10-17,26.38,26.46,26.31,26.31,1002896.0,1.0,0.4975232401314662
2017-10-18,26.33,26.4,26.29,26.33,1089076.0,1.0,0.4975232401314662
2017-10-19,26.35,26.39,26.33,26.35,952455.0,1.0,0.4975232401314662
2017-10-20,26.35,26.35,26.25,26.33,1375201.0,1.0,0.4975232401314662
2017-10-23,26.34,26.52,26.34,26.5,5967122.0,1.0,0.4975232401314662
2017-10-24,26.5,26.65,26.5,26.64,5248577.0,1.0,0.4975232401314662
2017-10-25,26.64,26.69,26.62,26.64,1352259.0,1.0,0.4975232401314662
2017-10-26,26.64,26.64,26.48,26.62,1353923.0,1.0,0.4975232401314662
2017-10-27,26.6,26.62,26.38,26.39,3736068.0,1.0,0.4975232401314662
2017-10-30,25.66,25.66,25.3,25.5,8422253.0,0.9640015157256537,0.5161021347118472
2017-10-31,25.47,25.61,25.38,25.58,2929021.0,1.0,0.5161021347118472
2017-11-01,25.6,25.63,25.55,25.6,1777601.0,1.0,0.5161021347118472
2017-11-02,25.6,25.69,25.6,25.67,1026948.0,1.0,0.5161021347118472
2017-11-03,25.7,25.8,25.65,25.69,2005761.0,1.0,0.5161021347118472
2017-11-06,25.8,25.8,25.52,25.6,2153491.0,1.0,0.5161021347118472
2017-11-07,25.6,25.62,25.55,25.6,1119319.0,1.0,0.5161021347118472
2017-11-08,25.6,25.65,25.56,25.65,990924.0,1.0,0.5161021347118472
2017-11-09,25.65,25.7,25.34,25.41,3077256.0,1.0,0.5161021347118472
2017-11-10,25.41,25.41,25.06,25.29,5708661.0,1.0,0.5161021347118472
2017-11-13,25.29,25.3,25.0,25.0,9228953.0,1.0,0.5161021347118472
2017-11-14,25.0,25.15,24.93,25.14,3771885.0,1.0,0.5161021347118472
2017-11-15,25.14,25.14,24.9,25.03,4269349.0,1.0,0.5161021347118472
2017-11-16,25.0,25.09,24.93,25.04,2339251.0,1.0,0.5161021347118472
2017-11-17,25.11,25.21,25.1,25.13,3064651.0,1.0,0.5161021347118472
2017-11-20,25.13,25.15,25.04,25.09,2342357.0,1.0,0.5161021347118472
2017-11-21,25.1,25.23,25.1,25.19,1128661.0,1.0,0.5161021347118472
2017-11-22,25.21,25.25,25.15,25.17,1915379.0,1.0,0.5161021347118472
2017-11-23,25.19,25.28,25.17,25.2,1804666.0,1.0,0.5161021347118472
2017-11-24,25.2,25.28,25.2,25.26,1595757.0,1.0,0.5161021347118472
2017-11-27,25.26,25.35,25.17,25.2,1504665.0,1.0,0.5161021347118472
2017-11-28,25.19,25.2,25.09,25.1,1536648.0,1.0,0.5161021347118472
2017-11-29,25.11,25.2,25.11,25.15,979609.0,1.0,0.5161021347118472
2017-11-30,25.15,25.15,24.96,24.99,3821663.0,1.0,0.5161021347118472
2017-12-01,24.99,25.02,24.78,24.99,2325615.0,1.0,0.5161021347118472
2017-12-04,24.99,25.0,24.8,24.99,1957399.0,1.0,0.5161021347118472
2017-12-05,24.99,25.0,24.82,24.86,6629055.0,1.0,0.5161021347118472
2017-12-06,24.9,24.9,24.58,24.61,11757064.0,1.0,0.5161021347118472
2017-12-07,24.61,24.64,24.45,24.48,9080905.0,1.0,0.5161021347118472
2017-12-08,24.48,24.72,24.43,24.72,3647602.0,1.0,0.5161021347118472
2017-12-11,24.74,24.91,24.74,24.9,1046591.0,1.0,0.5161021347118472
2017-12-12,24.95,24.95,24.72,24.8,851617.0,1.0,0.5161021347118472
2017-12-13,24.9,24.91,24.78,24.83,594512.0,1.0,0.5161021347118472
2017-12-14,24.85,24.95,24.85,24.92,620111.0,1.0,0.5161021347118472
2017-12-15,24.93,24.93,24.76,24.86,879538.0,1.0,0.5161021347118472
2017-12-18,24.9,24.95,24.75,24.95,879671.0,1.0,0.5161021347118472
2017-12-19,24.95,24.95,24.71,24.88,691578.0,1.0,0.5161021347118472
2017-12-20,24.88,24.9,24.83,24.9,328258.0,1.0,0.5161021347118472
2017-12-21,24.9,24.92,24.88,24.9,407545.0,1.0,0.5161021347118472
2017-12-22,24.9,24.91,24.8,24.9,437040.0,1.0,0.5161021347118472
2017-12-25,24.9,24.95,24.88,24.94,527795.0,1.0,0.5161021347118472
2017-12-26,24.94,24.94,24.78,24.89,864878.0,1.0,0.5161021347118472
2017-12-27,24.89,24.9,24.82,24.9,270515.0,1.0,0.5161021347118472
2017-12-28,24.9,24.95,24.88,24.9,1653138.0,1.0,0.5161021347118472
2017-12-29,24.91,25.05,24.91,25.0,2102589.0,1.0,0.5161021347118472
2018-01-02,25.0,25.14,25.0,25.13,1868451.0,1.0,0.5161021347118472
2018-01-03,25.15,25.31,25.15,25.31,3846820.0,1.0,0.5161021347118472
2018-01-04,25.31,25.45,25.31,25.41,2736229.0,1.0,0.5161021347118472
2018-01-05,25.41,25.48,25.39,25.44,2383585.0,1.0,0.5161021347118472
2018-01-08,25.45,25.57,25.45,25.57,3048596.0,1.0,0.5161021347118472
2018-01-09,25.55,25.63,25.48,25.5,2965586.0,1.0,0.5161021347118472
2018-01-10,25.5,25.55,25.35,25.37,1323050.0,1.0,0.5161021347118472
2018-01-11,25.34,25.41,25.34,25.41,2404787.0,1.0,0.5161021347118472
2018-01-12,25.41,25.57,25.41,25.54,3979566.0,1.0,0.5161021347118472
2018-01-15,25.57,25.68,25.55,25.65,1445655.0,1.0,0.5161021347118472
2018-01-16,25.65,25.8,25.65,25.8,7649103.0,1.0,0.5161021347118472
2018-01-17,25.8,25.93,25.76,25.92,7014654.0,1.0,0.5161021347118472
2018-01-18,25.92,26.13,25.92,26.02,7911027.0,1.0,0.5161021347118472
2018-01-19,26.02,26.12,25.98,26.0,2496482.0,1.0,0.5161021347118472
2018-01-22,26.0,26.25,26.0,26.25,6755556.0,1.0,0.5161021347118472
2018-01-23,26.25,26.4,26.17,26.2,2946921.0,1.0,0.5161021347118472
2018-01-24,26.17,26.39,26.17,26.32,9028263.0,1.0,0.5161021347118472
2018-01-25,26.32,26.61,26.32,26.45,6270581.0,1.0,0.5161021347118472
2018-01-26,26.45,26.54,26.31,26.54,2397837.0,1.0,0.5161021347118472
2018-01-29,26.57,26.8,26.57,26.8,7869670.0,1.0,0.5161021347118472
2018-01-30,26.76,26.76,26.4,26.41,2594237.0,1.0,0.5161021347118472
2018-01-31,26.3,26.48,26.17,26.45,2438996.0,1.0,0.5161021347118472
2018-02-01,26.45,26.54,26.4,26.42,799298.0,1.0,0.5161021347118472
2018-02-02,26.39,26.4,26.22,26.34,2118179.0,1.0,0.5161021347118472
2018-02-05,26.1,26.1,25.77,26.0,2894343.0,1.0,0.5161021347118472
2018-02-06,25.6,25.6,24.55,24.99,13899659.0,1.0,0.5161021347118472
2018-02-07,25.16,25.51,25.16,25.43,2950428.0,1.0,0.5161021347118472
2018-02-08,25.43,25.5,25.3,25.5,1313980.0,1.0,0.5161021347118472
2018-02-09,24.86,25.5,24.63,25.5,4127754.0,1.0,0.5161021347118472
2018-02-12,25.5,25.5,25.14,25.15,3449872.0,1.0,0.5161021347118472
2018-02-21,25.5,25.72,25.4,25.72,1841744.0,1.0,0.5161021347118472
2018-02-22,25.68,25.68,25.55,25.62,919583.0,1.0,0.5161021347118472
2018-02-23,25.72,25.8,25.72,25.8,1464915.0,1.0,0.5161021347118472
2018-02-26,25.91,25.98,25.91,25.98,4476529.0,1.0,0.5161021347118472
2018-02-27,26.01,26.15,25.95,25.95,2117338.0,1.0,0.5161021347118472
2018-03-01,25.8,25.91,25.7,25.91,1040292.0,1.0,0.5161021347118472
2018-03-02,25.85,25.85,25.66,25.76,851735.0,1.0,0.5161021347118472
2018-03-05,25.78,25.8,25.6,25.63,749148.0,1.0,0.5161021347118472
2018-03-06,25.71,25.81,25.65,25.76,1020664.0,1.0,0.5161021347118472
2018-03-07,25.75,25.88,25.65,25.7,1096718.0,1.0,0.5161021347118472
2018-03-08,25.7,26.07,25.7,26.01,2120537.0,1.0,0.5161021347118472
2018-03-09,26.05,26.05,25.91,25.93,513167.0,1.0,0.5161021347118472
2018-03-12,26.05,26.14,26.02,26.1,2819132.0,1.0,0.5161021347118472
2018-03-13,26.1,26.17,26.08,26.17,1881112.0,1.0,0.5161021347118472
2018-03-14,26.08,26.21,26.08,26.08,1628880.0,1.0,0.5161021347118472
2018-03-15,26.0,26.15,26.0,26.11,1654618.0,1.0,0.5161021347118472
2018-03-16,26.15,26.16,26.05,26.16,803078.0,1.0,0.5161021347118472
2018-03-19,26.16,26.2,26.12,26.19,1225634.0,1.0,0.5161021347118472
2018-03-20,26.18,26.18,26.08,26.13,623310.0,1.0,0.5161021347118472
2018-03-21,26.13,26.25,26.13,26.17,698359.0,1.0,0.5161021347118472
2018-03-22,26.17,26.35,26.13,26.14,1536613.0,1.0,0.5161021347118472
2018-03-23,25.85,25.92,25.66,25.82,2810755.0,1.0,0.5161021347118472
2018-03-26,25.74,26.0,25.73,26.0,831745.0,1.0,0.5161021347118472
2018-03-27,26.06,26.14,26.06,26.08,1305215.0,1.0,0.5161021347118472
2018-03-28,26.05,26.06,25.92,25.93,714309.0,1.0,0.5161021347118472
2018-03-29,25.92,25.94,25.83,25.9,1355082.0,1.0,0.5161021347118472
2018-03-30,25.99,26.0,25.9,25.96,509321.0,1.0,0.5161021347118472
2018-03-31,25.96,25.99,25.94,25.95,212569.0,1.0,0.5161021347118472
2018-04-02,25.99,26.06,25.98,26.02,633240.0,1.0,0.5161021347118472
2018-04-03,26.0,26.0,25.88,25.92,707840.0,1.0,0.5161021347118472
2018-04-09,25.95,25.96,25.85,25.95,795830.0,1.0,0.5161021347118472
2018-04-10,25.95,25.99,25.84,25.95,388841.0,1.0,0.5161021347118472
2018-04-11,26.01,26.12,26.0,26.11,1469411.0,1.0,0.5161021347118472
2018-04-12,26.1,26.1,25.99,26.0,303794.0,1.0,0.5161021347118472
2018-04-13,26.1,26.1,25.96,25.99,475014.0,1.0,0.5161021347118472
2018-04-16,26.04,26.04,25.77,25.98,1387773.0,1.0,0.5161021347118472
2018-04-17,25.96,25.96,25.6,25.77,2488368.0,1.0,0.5161021347118472
2018-04-18,25.77,25.81,25.65,25.68,1689930.0,1.0,0.5161021347118472
2018-04-19,25.7,25.88,25.7,25.86,699908.0,1.0,0.5161021347118472
2018-04-20,25.8,25.86,25.7,25.82,528632.0,1.0,0.5161021347118472
2018-04-23,25.82,25.82,25.65,25.69,1729983.0,1.0,0.5161021347118472
2018-04-24,25.81,25.81,25.35,25.5,4524128.0,1.0,0.5161021347118472
2018-04-25,25.45,25.47,25.15,25.31,8716622.0,1.0,0.5161021347118472
2018-04-26,25.4,25.5,25.11,25.23,4395428.0,1.0,0.5161021347118472
2018-04-27,25.25,25.35,25.06,25.15,4863984.0,1.0,0.5161021347118472
2018-04-30,25.18,25.4,25.1,25.4,1943348.0,1.0,0.5161021347118472
2018-05-02,25.4,25.4,25.27,25.34,974727.0,1.0,0.5161021347118472
2018-05-03,25.3,25.3,25.16,25.22,1172951.0,1.0,0.5161021347118472
2018-05-04,25.26,25.26,25.12,25.2,1296217.0,1.0,0.5161021347118472
2018-05-07,25.35,25.35,25.17,25.3,952527.0,1.0,0.5161021347118472
2018-05-08,25.3,25.43,25.27,25.43,702378.0,1.0,0.5161021347118472
2018-05-09,25.38,25.42,25.38,25.4,462117.0,1.0,0.5161021347118472
2018-05-10,25.5,25.53,25.45,25.48,540725.0,1.0,0.5161021347118472
2018-05-11,25.5,25.6,25.5,25.6,2452825.0,1.0,0.5161021347118472
2018-05-14,25.61,25.91,25.61,25.85,3395367.0,1.0,0.5161021347118472
2018-05-15,25.85,25.85,25.68,25.78,1618979.0,1.0,0.5161021347118472
2018-05-16,25.82,25.99,25.78,25.93,3072246.0,1.0,0.5161021347118472
2018-05-17,25.93,26.2,25.93,26.06,7233863.0,1.0,0.5161021347118472
2018-05-18,26.07,26.27,26.07,26.2,4836752.0,1.0,0.5161021347118472
2018-05-21,26.21,26.42,26.21,26.35,3604210.0,1.0,0.5161021347118472
2018-05-22,26.35,26.43,26.35,26.4,2749670.0,1.0,0.5161021347118472
2018-05-23,26.4,26.47,26.31,26.4,2752729.0,1.0,0.5161021347118472
2018-05-24,26.4,26.44,26.34,26.41,1265944.0,1.0,0.5161021347118472
2018-05-25,26.41,26.42,26.32,26.33,810580.0,1.0,0.5161021347118472
2018-05-28,26.32,26.39,26.31,26.39,3104110.0,1.0,0.5161021347118472
2018-05-29,26.39,26.39,26.3,26.37,4092445.0,1.0,0.5161021347118472
2018-05-30,26.3,26.3,26.01,26.01,5269881.0,1.0,0.5161021347118472
2018-05-31,26.03,26.22,26.03,26.19,7842487.0,1.0,0.5161021347118472
2018-06-01,26.19,26.45,26.19,26.4,2001589.0,1.0,0.5161021347118472
2018-06-04,26.4,26.62,26.4,26.62,2910718.0,1.0,0.5161021347118472
2018-06-05,26.62,26.69,26.59,26.61,2599836.0,1.0,0.5161021347118472
2018-06-06,26.65,26.8,26.65,26.79,6532972.0,1.0,0.5161021347118472
2018-06-07,26.81,26.9,26.73,26.79,5595072.0,1.0,0.5161021347118472
2018-06-08,26.78,26.8,26.61,26.67,5597877.0,1.0,0.5161021347118472
2018-06-11,26.66,26.76,26.63,26.69,4595813.0,1.0,0.5161021347118472
2018-06-12,26.69,26.69,26.58,26.6,432479.0,1.0,0.5161021347118472
2018-06-13,26.6,26.62,26.54,26.56,334762.0,1.0,0.5161021347118472
2018-06-14,26.56,26.56,26.38,26.39,664339.0,1.0,0.5161021347118472
2018-06-15,26.4,26.4,26.26,26.32,2449038.0,1.0,0.5161021347118472
2018-06-19,26.3,26.3,25.96,26.2,4257913.0,1.0,0.5161021347118472
2018-06-20,26.2,26.2,25.92,26.1,1630066.0,1.0,0.5161021347118472
2018-06-21,26.08,26.14,26.08,26.12,475667.0,1.0,0.5161021347118472
2018-06-22,26.08,26.08,25.84,26.0,4129090.0,1.0,0.5161021347118472
2018-06-25,26.05,26.05,25.77,25.78,8676005.0,1.0,0.5161021347118472
2018-06-26,25.79,25.79,25.5,25.65,9043590.0,1.0,0.5161021347118472
2018-06-27,25.7,25.77,25.63,25.64,3080243.0,1.0,0.5161021347118472
2018-06-28,25.62,25.62,25.36,25.4,7545492.0,1.0,0.5161021347118472
2018-06-29,25.5,25.66,25.45,25.66,2278448.0,1.0,0.5161021347118472
2018-07-02,25.75,25.78,25.61,25.61,1781677.0,1.0,0.5161021347118472
2018-07-03,25.7,25.7,25.44,25.5,2836873.0,1.0,0.5161021347118472
2018-07-04,25.5,25.57,25.44,25.53,1558391.0,1.0,0.5161021347118472
2018-07-05,25.59,25.59,25.29,25.31,6416102.0,1.0,0.5161021347118472
2018-07-06,25.47,25.51,25.11,25.3,6417211.0,1.0,0.5161021347118472
2018-07-09,25.42,25.6,25.37,25.6,1750210.0,1.0,0.5161021347118472
2018-07-10,25.66,25.69,25.6,25.63,929816.0,1.0,0.5161021347118472
2018-07-11,25.59,25.59,25.43,25.51,1429416.0,1.0,0.5161021347118472
2018-07-12,25.51,25.61,25.5,25.61,828950.0,1.0,0.5161021347118472
2018-07-13,25.68,25.8,25.65,25.79,1457653.0,1.0,0.5161021347118472
2018-07-16,25.8,25.93,25.8,25.93,2247510.0,1.0,0.5161021347118472
2018-07-17,25.93,26.05,25.89,25.97,3514003.0,1.0,0.5161021347118472
2018-07-18,26.01,26.25,26.01,26.21,5241566.0,1.0,0.5161021347118472
2018-07-19,26.21,26.35,26.13,26.13,3176188.0,1.0,0.5161021347118472
2018-07-20,26.15,26.27,26.13,26.14,2040101.0,1.0,0.5161021347118472
2018-07-23,26.14,26.27,26.14,26.23,2504320.0,1.0,0.5161021347118472
2018-07-24,26.25,26.43,26.23,26.42,5946642.0,1.0,0.5161021347118472
2018-07-25,26.42,26.5,26.34,26.47,6137897.0,1.0,0.5161021347118472
2018-07-26,26.5,26.6,26.5,26.59,5122200.0,1.0,0.5161021347118472
2018-07-27,26.58,26.91,26.58,26.89,12809644.0,1.0,0.5161021347118472
2018-07-30,26.8,27.08,26.8,27.04,7402139.0,1.0,0.5161021347118472
2018-07-31,27.0,27.19,26.94,27.19,5573103.0,1.0,0.5161021347118472
2018-08-01,27.2,27.29,27.2,27.28,2305742.0,1.0,0.5161021347118472
2018-08-02,27.28,27.33,26.98,27.0,4623373.0,1.0,0.5161021347118472
2018-08-03,27.02,27.19,27.02,27.18,3169619.0,1.0,0.5161021347118472
2018-08-06,27.25,27.43,27.25,27.43,2667435.0,1.0,0.5161021347118472
2018-08-07,27.44,27.49,27.4,27.45,1753247.0,1.0,0.5161021347118472
2018-08-08,27.5,27.69,27.5,27.6,2178155.0,1.0,0.5161021347118472
2018-08-09,27.6,27.6,27.44,27.5,1190572.0,1.0,0.5161021347118472
2018-08-10,27.5,27.6,27.48,27.53,1051374.0,1.0,0.5161021347118472
2018-08-13,27.49,27.49,27.05,27.18,1628637.0,1.0,0.5161021347118472
2018-08-14,27.26,27.38,27.18,27.38,956951.0,1.0,0.5161021347118472
2018-08-15,27.38,27.38,27.03,27.1,1521413.0,1.0,0.5161021347118472
2018-08-16,26.99,27.1,26.76,27.09,2117852.0,1.0,0.5161021347118472
2018-08-17,27.29,27.29,27.1,27.12,1261898.0,1.0,0.5161021347118472
2018-08-20,27.13,27.22,27.12,27.19,1584175.0,1.0,0.5161021347118472
2018-08-21,27.19,27.23,27.15,27.23,691970.0,1.0,0.5161021347118472
2018-08-22,27.23,27.3,27.23,27.29,671974.0,1.0,0.5161021347118472
2018-08-23,27.4,27.4,27.21,27.3,869785.0,1.0,0.5161021347118472
2018-08-24,27.3,27.3,27.08,27.2,513630.0,1.0,0.5161021347118472
2018-08-27,27.21,27.39,27.21,27.35,551541.0,1.0,0.5161021347118472
2018-08-28,27.45,27.57,27.45,27.56,1613907.0,1.0,0.5161021347118472
2018-08-29,27.59,27.64,27.54,27.61,2140786.0,1.0,0.5161021347118472
2018-08-30,27.69,27.75,27.62,27.7,1271951.0,1.0,0.5161021347118472
2018-08-31,27.6,27.78,27.58,27.78,1393026.0,1.0,0.5161021347118472
2018-09-03,27.8,27.84,27.62,27.63,1244587.0,1.0,0.5161021347118472
2018-09-04,27.65,27.7,27.62,27.63,775730.0,1.0,0.5161021347118472
2018-09-05,27.63,27.63,27.53,27.53,1326010.0,1.0,0.5161021347118472
2018-09-06,27.53,27.53,27.25,27.45,1895715.0,1.0,0.5161021347118472
2018-09-07,27.45,27.45,27.1,27.19,7158013.0,1.0,0.5161021347118472
2018-09-10,27.19,27.2,26.6,26.67,17360549.0,1.0,0.5161021347118472
2018-09-11,26.68,26.8,26.55,26.78,4578941.0,1.0,0.5161021347118472
2018-09-12,26.78,26.81,26.6,26.74,5357505.0,1.0,0.5161021347118472
2018-09-13,26.88,26.97,26.79,26.92,2102477.0,1.0,0.5161021347118472
2018-09-14,27.0,27.47,27.0,27.4,6427985.0,1.0,0.5161021347118472
2018-09-17,27.43,27.55,27.29,27.46,5451108.0,1.0,0.5161021347118472
2018-09-18,27.45,27.45,27.27,27.4,5538413.0,1.0,0.5161021347118472
2018-09-19,27.4,27.45,27.38,27.41,1035740.0,1.0,0.5161021347118472
2018-09-20,27.4,27.45,27.36,27.4,610388.0,1.0,0.5161021347118472
2018-09-21,27.4,27.41,27.35,27.41,938904.0,1.0,0.5161021347118472
2018-09-25,27.41,27.55,27.41,27.49,2217728.0,1.0,0.5161021347118472
2018-09-26,27.5,27.5,27.35,27.4,912206.0,1.0,0.5161021347118472
2018-09-27,27.36,27.4,27.3,27.33,819263.0,1.0,0.5161021347118472
2018-09-28,27.31,27.35,27.24,27.28,1180645.0,1.0,0.5161021347118472
2018-10-01,27.28,27.4,27.28,27.32,581153.0,1.0,0.5161021347118472
2018-10-02,27.32,27.32,27.13,27.2,1966764.0,1.0,0.5161021347118472
2018-10-03,27.2,27.22,26.85,26.97,8191935.0,1.0,0.5161021347118472
2018-10-04,26.88,26.88,26.7,26.78,11309410.0,1.0,0.5161021347118472
2018-10-05,26.69,26.69,26.09,26.43,22989298.0,1.0,0.5161021347118472
2018-10-08,26.91,26.91,26.35,26.7,25497767.0,1.0,0.5161021347118472
2018-10-09,26.67,26.67,26.19,26.34,23326328.0,1.0,0.5161021347118472
2018-10-11,25.72,25.72,24.7,24.91,71440831.0,1.0,0.5161021347118472
2018-10-12,24.87,25.26,24.52,25.26,24409535.0,1.0,0.5161021347118472
2018-10-15,25.26,25.29,25.02,25.18,18224799.0,1.0,0.5161021347118472
2018-10-16,25.27,25.44,25.22,25.39,9573914.0,1.0,0.5161021347118472
2018-10-17,25.75,25.75,25.5,25.51,8600967.0,1.0,0.5161021347118472
2018-10-18,25.55,25.6,25.38,25.54,6588029.0,1.0,0.5161021347118472
2018-10-19,25.38,25.55,25.15,25.55,7193014.0,1.0,0.5161021347118472
2018-10-22,25.58,25.82,25.48,25.81,11707245.0,1.0,0.5161021347118472
2018-10-23,24.88,24.88,24.07,24.13,39950173.0,0.9438202247191011,0.5468224998732667
2018-10-24,24.15,24.23,23.93,24.12,12717580.0,1.0,0.5468224998732667
2018-10-25,23.67,23.68,23.47,23.59,22645995.0,1.0,0.5468224998732667
2018-10-26,23.78,23.87,23.24,23.43,14341793.0,1.0,0.5468224998732667
2018-10-29,23.5,23.51,23.24,23.34,13253209.0,1.0,0.5468224998732667
2018-10-30,23.35,23.43,23.25,23.42,5785507.0,1.0,0.5468224998732667
2018-10-31,23.6,23.78,23.59,23.78,5563796.0,1.0,0.5468224998732667
2018-11-01,23.86,24.14,23.8,24.08,5378249.0,1.0,0.5468224998732667
2018-11-02,24.16,24.2,24.08,24.18,4261606.0,1.0,0.5468224998732667
2018-11-05,24.16,24.18,24.05,24.18,3685918.0,1.0,0.5468224998732667
2018-11-06,24.29,24.29,24.01,24.08,4249614.0,1.0,0.5468224998732667
2018-11-07,24.15,24.21,24.1,24.21,2472090.0,1.0,0.5468224998732667
2018-11-08,24.49,24.49,24.35,24.37,3294794.0,1.0,0.5468224998732667
2018-11-09,24.37,24.37,24.13,24.21,3914628.0,1.0,0.5468224998732667
2018-11-12,24.21,24.23,24.17,24.18,2847270.0,1.0,0.5468224998732667
2018-11-13,23.73,24.12,23.62,24.12,6735087.0,1.0,0.5468224998732667
2018-11-14,24.12,24.16,24.05,24.15,2544904.0,1.0,0.5468224998732667
2018-11-15,24.16,24.22,24.04,24.22,2053279.0,1.0,0.5468224998732667
2018-11-16,24.31,24.32,24.23,24.29,1397707.0,1.0,0.5468224998732667
2018-11-19,24.32,24.4,24.3,24.4,2301180.0,1.0,0.5468224998732667
2018-11-20,24.39,24.39,24.14,24.17,3387463.0,1.0,0.5468224998732667
2018-11-21,24.06,24.15,23.9,24.14,3744716.0,1.0,0.5468224998732667
2018-11-22,24.14,24.17,23.95,23.98,4273221.0,1.0,0.5468224998732667
2018-11-23,24.02,24.02,23.85,23.94,4068298.0,1.0,0.5468224998732667
2018-11-26,24.05,24.18,24.01,24.11,2196045.0,1.0,0.5468224998732667
2018-11-27,24.15,24.15,23.97,24.1,1758728.0,1.0,0.5468224998732667
2018-11-28,24.14,24.27,24.14,24.27,1966698.0,1.0,0.5468224998732667
2018-11-29,24.39,24.53,24.36,24.38,3904316.0,1.0,0.5468224998732667
2018-11-30,24.4,24.53,24.4,24.46,3679269.0,1.0,0.5468224998732667
2018-12-03,24.65,24.89,24.65,24.89,9074674.0,1.0,0.5468224998732667
2018-12-04,24.92,24.95,24.82,24.82,3974354.0,1.0,0.5468224998732667
2018-12-05,24.63,24.63,24.5,24.6,3067099.0,1.0,0.5468224998732667
2018-12-06,24.6,24.6,24.06,24.19,9413817.0,1.0,0.5468224998732667
2018-12-07,24.21,24.28,24.2,24.28,2002596.0,1.0,0.5468224998732667
2018-12-10,24.2,24.2,24.02,24.07,9147677.0,1.0,0.5468224998732667
2018-12-11,24.15,24.18,24.09,24.18,1889083.0,1.0,0.5468224998732667
2018-12-12,24.27,24.32,24.25,24.32,2114147.0,1.0,0.5468224998732667
2018-12-13,24.38,24.39,24.35,24.39,1471236.0,1.0,0.5468224998732667
2018-12-14,24.39,24.39,24.21,24.31,2619336.0,1.0,0.5468224998732667
2018-12-17,24.31,24.37,24.23,24.31,2841425.0,1.0,0.5468224998732667
2018-12-18,24.2,24.2,23.98,24.03,15809373.0,1.0,0.5468224998732667
2018-12-19,24.1,24.16,24.1,24.14,958932.0,1.0,0.5468224998732667
2018-12-20,24.13,24.16,24.08,24.13,1646015.0,1.0,0.5468224998732667
2018-12-21,24.13,24.14,24.0,24.14,1965084.0,1.0,0.5468224998732667
2018-12-22,24.13,24.17,24.08,24.17,1103317.0,1.0,0.5468224998732667
2018-12-24,24.2,24.21,24.09,24.18,1501284.0,1.0,0.5468224998732667
2018-12-25,24.01,24.06,23.84,23.97,13908880.0,1.0,0.5468224998732667
2018-12-26,24.09,24.09,23.67,23.72,12600245.0,1.0,0.5468224998732667
2018-12-27,24.0,24.02,23.9,23.91,2986526.0,1.0,0.5468224998732667
2018-12-28,23.93,23.96,23.89,23.94,2657586.0,1.0,0.5468224998732667
2019-01-02,24.02,24.07,23.8,23.83,8878382.0,1.0,0.5468224998732667
2019-01-03,23.88,23.88,23.56,23.59,17556279.0,1.0,0.5468224998732667
2019-01-04,23.53,23.53,23.11,23.4,19970699.0,1.0,0.5468224998732667
2019-01-07,23.67,23.73,23.61,23.73,4850550.0,1.0,0.5468224998732667
2019-01-08,23.78,23.8,23.73,23.79,2393467.0,1.0,0.5468224998732667
2019-01-09,23.81,24.1,23.81,24.05,5976945.0,1.0,0.5468224998732667
2019-01-10,24.05,24.05,23.91,24.01,1887210.0,1.0,0.5468224998732667
2019-01-11,24.07,24.15,24.03,24.04,3575051.0,1.0,0.5468224998732667
2019-01-14,24.05,24.07,23.98,23.99,2027605.0,1.0,0.5468224998732667
2019-01-15,24.04,24.18,24.01,24.13,3711005.0,1.0,0.5468224998732667
2019-01-16,24.19,24.29,24.18,24.25,5031886.0,1.0,0.5468224998732667
2019-01-17,24.29,24.35,24.21,24.26,3193527.0,1.0,0.5468224998732667
2019-01-18,24.35,24.44,24.3,24.39,6492041.0,1.0,0.5468224998732667
2019-01-21,24.45,24.62,24.45,24.51,4593711.0,1.0,0.5468224998732667
2019-01-22,24.51,24.52,24.44,24.5,4682509.0,1.0,0.5468224998732667
2019-01-23,24.43,24.44,24.36,24.44,2462516.0,1.0,0.5468224998732667
2019-01-24,24.47,24.61,24.47,24.55,4432379.0,1.0,0.5468224998732667
2019-01-25,24.62,24.92,24.62,24.9,14684688.0,1.0,0.5468224998732667
2019-01-28,24.9,25.1,24.9,25.01,11250601.0,1.0,0.5468224998732667
2019-01-29,25.0,25.0,24.82,24.89,4243450.0,1.0,0.5468224998732667
2019-01-30,24.95,25.01,24.9,24.92,4009756.0,1.0,0.5468224998732667
2019-02-11,25.08,25.1,24.92,24.99,5847912.0,1.0,0.5468224998732667
2019-02-12,25.0,25.27,25.0,25.26,11402917.0,1.0,0.5468224998732667
2019-02-13,25.3,25.42,25.28,25.42,8819200.0,1.0,0.5468224998732667
2019-02-14,25.42,25.5,25.37,25.43,6341563.0,1.0,0.5468224998732667
2019-02-15,25.43,25.6,25.35,25.39,9087607.0,1.0,0.5468224998732667
2019-02-18,25.55,25.61,25.48,25.52,6189785.0,1.0,0.5468224998732667
2019-02-19,25.58,25.58,25.5,25.52,3086651.0,1.0,0.5468224998732667
2019-02-20,25.54,25.75,25.54,25.74,11329242.0,1.0,0.5468224998732667
2019-02-21,25.75,25.87,25.75,25.84,9817133.0,1.0,0.5468224998732667
2019-02-22,25.84,25.93,25.82,25.9,15306751.0,1.0,0.5468224998732667
2019-02-25,25.93,26.14,25.93,26.13,15155233.0,1.0,0.5468224998732667
2019-02-26,26.19,26.31,26.16,26.18,10165034.0,1.0,0.5468224998732667
2019-02-27,26.15,26.15,25.92,25.96,7408088.0,1.0,0.5468224998732667
2019-03-04,25.96,26.16,25.9,26.12,12355246.0,1.0,0.5468224998732667
2019-03-05,26.09,26.09,25.98,26.0,5707672.0,1.0,0.5468224998732667
2019-03-06,26.05,26.1,26.02,26.08,3385295.0,1.0,0.5468224998732667
2019-03-07,26.08,26.11,25.97,25.98,3798278.0,1.0,0.5468224998732667
2019-03-08,25.91,25.91,25.68,25.84,6057168.0,1.0,0.5468224998732667
2019-03-11,25.84,25.9,25.78,25.89,3779390.0,1.0,0.5468224998732667
2019-03-12,26.02,26.08,26.0,26.01,4462109.0,1.0,0.5468224998732667
2019-03-13,26.01,26.02,25.95,25.98,2314614.0,1.0,0.5468224998732667
2019-03-14,25.99,26.01,25.86,25.91,3651079.0,1.0,0.5468224998732667
2019-03-15,25.91,25.99,25.9,25.91,3057756.0,1.0,0.5468224998732667
2019-03-18,26.01,26.13,26.0,26.13,7184696.0,1.0,0.5468224998732667
2019-03-19,26.13,26.28,26.13,26.22,13399629.0,1.0,0.5468224998732667
2019-03-20,26.22,26.24,26.17,26.2,2304178.0,1.0,0.5468224998732667
2019-03-21,26.26,26.38,26.26,26.37,11109353.0,1.0,0.5468224998732667
2019-03-22,26.43,26.58,26.34,26.37,10262168.0,1.0,0.5468224998732667
2019-03-25,26.24,26.24,26.05,26.1,5705875.0,1.0,0.5468224998732667
2019-03-26,26.26,26.3,26.25,26.25,2228192.0,1.0,0.5468224998732667
2019-03-27,26.26,26.3,26.25,26.28,1759849.0,1.0,0.5468224998732667
2019-03-28,26.28,26.28,26.21,26.24,1827877.0,1.0,0.5468224998732667
2019-03-29,26.3,26.41,26.27,26.4,4486777.0,1.0,0.5468224998732667
2019-04-01,26.5,26.6,26.5,26.51,7255846.0,1.0,0.5468224998732667
2019-04-02,26.52,26.64,26.52,26.58,2905223.0,1.0,0.5468224998732667
2019-04-03,26.62,26.76,26.62,26.73,10981802.0,1.0,0.5468224998732667
2019-04-08,26.87,26.99,26.87,26.93,7277247.0,1.0,0.5468224998732667
2019-04-09,26.95,27.07,26.93,27.02,15167174.0,1.0,0.5468224998732667
2019-04-10,27.0,27.0,26.91,26.97,6258431.0,1.0,0.5468224998732667
2019-04-11,27.0,27.08,26.87,26.89,6076925.0,1.0,0.5468224998732667
2019-04-12,26.89,26.9,26.71,26.76,4986704.0,1.0,0.5468224998732667
2019-04-15,26.89,27.0,26.89,26.99,5300611.0,1.0,0.5468224998732667
2019-04-16,27.02,27.26,27.0,27.25,15327886.0,1.0,0.5468224998732667
2019-04-17,27.27,27.49,27.27,27.44,10329575.0,1.0,0.5468224998732667
2019-04-18,27.44,27.57,27.13,27.14,8277713.0,1.0,0.5468224998732667
2019-04-19,27.25,27.47,27.25,27.35,5366796.0,1.0,0.5468224998732667
2019-04-22,27.39,27.53,27.37,27.41,5721886.0,1.0,0.5468224998732667
2019-04-23,27.41,27.42,27.25,27.36,2609526.0,1.0,0.5468224998732667
2019-04-24,27.44,27.57,27.44,27.57,7408137.0,1.0,0.5468224998732667
2019-04-25,27.56,27.65,27.56,27.65,4508103.0,1.0,0.5468224998732667
2019-04-26,27.6,27.6,27.45,27.52,3087043.0,1.0,0.5468224998732667
2019-04-29,27.52,27.53,27.24,27.35,4207555.0,1.0,0.5468224998732667
2019-04-30,27.35,27.35,27.2,27.35,4149917.0,1.0,0.5468224998732667
2019-05-02,27.35,27.44,27.35,27.4,2134902.0,1.0,0.5468224998732667
2019-05-03,27.45,27.56,27.4,27.56,3566841.0,1.0,0.5468224998732667
2019-05-06,27.47,27.47,27.02,27.08,13121912.0,1.0,0.5468224998732667
2019-05-07,27.08,27.28,27.08,27.26,2732665.0,1.0,0.5468224998732667
2019-05-08,27.08,27.2,26.94,27.2,2800869.0,1.0,0.5468224998732667
2019-05-09,27.16,27.16,26.65,26.74,18341778.0,1.0,0.5468224998732667
2019-05-10,26.74,26.9,26.38,26.55,17233055.0,1.0,0.5468224998732667
2019-05-13,26.53,26.53,26.06,26.09,25434915.0,1.0,0.5468224998732667
2019-05-14,25.8,26.09,25.54,26.07,26229252.0,1.0,0.5468224998732667
2019-05-15,26.17,26.26,26.07,26.18,11292203.0,1.0,0.5468224998732667
2019-05-16,26.16,26.17,25.9,25.92,16804143.0,1.0,0.5468224998732667
2019-05-17,26.02,26.09,25.66,25.7,25301199.0,1.0,0.5468224998732667
2019-05-20,25.84,25.85,25.54,25.7,16697262.0,1.0,0.5468224998732667
2019-05-21,25.7,25.78,25.55,25.76,17584158.0,1.0,0.5468224998732667
2019-05-22,25.86,25.89,25.76,25.79,11103208.0,1.0,0.5468224998732667
2019-05-23,25.67,25.67,25.4,25.44,32848022.0,1.0,0.5468224998732667
2019-05-24,25.46,25.55,25.4,25.44,17692438.0,1.0,0.5468224998732667
2019-05-27,25.57,25.57,25.33,25.45,17219171.0,1.0,0.5468224998732667
2019-05-28,25.47,25.5,25.41,25.5,9533878.0,1.0,0.5468224998732667
2019-05-29,25.39,25.41,25.22,25.39,13580824.0,1.0,0.5468224998732667
2019-05-30,25.4,25.59,25.39,25.58,12611274.0,1.0,0.5468224998732667
2019-05-31,25.58,25.94,25.56,25.94,9109759.0,1.0,0.5468224998732667
2019-06-03,25.87,25.87,25.58,25.84,9134391.0,1.0,0.5468224998732667
2019-06-04,25.84,25.92,25.75,25.76,6616095.0,1.0,0.5468224998732667
2019-06-05,25.96,26.0,25.79,25.81,5121832.0,1.0,0.5468224998732667
2019-06-06,25.81,25.82,25.64,25.69,11742018.0,1.0,0.5468224998732667
2019-06-10,25.9,25.99,25.87,25.99,4686447.0,1.0,0.5468224998732667
2019-06-11,26.08,26.08,25.98,26.04,7820106.0,1.0,0.5468224998732667
2019-06-12,26.04,26.1,25.99,26.1,6103314.0,1.0,0.5468224998732667
2019-06-13,26.1,26.1,25.94,26.01,7322160.0,1.0,0.5468224998732667
2019-06-14,26.01,26.04,25.96,25.99,6286912.0,1.0,0.5468224998732667
2019-06-17,26.0,26.1,25.95,26.05,5804324.0,1.0,0.5468224998732667
2019-06-18,26.03,26.08,26.03,26.06,2009278.0,1.0,0.5468224998732667
2019-06-19,26.25,26.48,26.24,26.47,11345281.0,1.0,0.5468224998732667
2019-06-20,26.49,26.62,26.49,26.61,9308012.0,1.0,0.5468224998732667
2019-06-21,26.65,26.72,26.51,26.52,7526928.0,1.0,0.5468224998732667
2019-06-24,26.52,26.63,26.47,26.6,5113618.0,1.0,0.5468224998732667
2019-06-25,26.6,26.62,26.46,26.47,4695867.0,1.0,0.5468224998732667
2019-06-26,26.47,26.47,26.4,26.43,3398929.0,1.0,0.5468224998732667
2019-06-27,26.46,26.67,26.46,26.61,5349817.0,1.0,0.5468224998732667
2019-06-28,26.61,26.65,26.57,26.59,2815610.0,1.0,0.5468224998732667
2019-07-01,26.9,26.96,26.87,26.95,10905721.0,1.0,0.5468224998732667
2019-07-02,26.95,26.98,26.84,26.96,7149472.0,1.0,0.5468224998732667
2019-07-03,26.96,26.96,26.77,26.78,4255938.0,1.0,0.5468224998732667
2019-07-04,26.79,26.99,26.79,26.93,4262698.0,1.0,0.5468224998732667
2019-07-05,26.93,27.06,26.93,26.99,6578217.0,1.0,0.5468224998732667
2019-07-08,26.99,27.04,26.88,26.96,4585838.0,1.0,0.5468224998732667
2019-07-09,26.96,26.97,26.85,26.87,3058655.0,1.0,0.5468224998732667
2019-07-10,26.9,26.97,26.88,26.95,5629394.0,1.0,0.5468224998732667
2019-07-11,27.0,27.18,27.0,27.11,18772716.0,1.0,0.5468224998732667
2019-07-12,27.11,27.26,27.11,27.16,16441150.0,1.0,0.5468224998732667
2019-07-15,27.18,27.23,27.02,27.21,11954208.0,1.0,0.5468224998732667
2019-07-16,27.21,27.34,27.21,27.26,7512646.0,1.0,0.5468224998732667
2019-07-17,27.25,27.25,27.08,27.14,5612262.0,1.0,0.5468224998732667
2019-07-18,27.09,27.13,27.05,27.06,5846709.0,1.0,0.5468224998732667
2019-07-19,27.13,27.17,27.03,27.06,5264174.0,1.0,0.5468224998732667
2019-07-22,27.08,27.14,27.08,27.11,4942243.0,1.0,0.5468224998732667
2019-07-23,27.16,27.28,27.16,27.24,9291709.0,1.0,0.5468224998732667
2019-07-24,27.24,27.37,27.24,27.28,9977039.0,1.0,0.5468224998732667
2019-07-25,27.3,27.47,27.27,27.47,12149479.0,1.0,0.5468224998732667
2019-07-26,27.47,27.47,27.38,27.4,3924848.0,1.0,0.5468224998732667
2019-07-29,27.4,27.43,27.31,27.37,2530966.0,1.0,0.5468224998732667
2019-07-30,27.41,27.45,27.25,27.29,3917750.0,1.0,0.5468224998732667
2019-07-31,27.29,27.3,27.12,27.2,3463983.0,1.0,0.5468224998732667
2019-08-01,27.1,27.19,27.03,27.1,4145642.0,1.0,0.5468224998732667
2019-08-02,27.0,27.0,26.78,26.85,19181638.0,1.0,0.5468224998732667
2019-08-05,26.82,26.82,26.6,26.6,18986649.0,1.0,0.5468224998732667
2019-08-06,26.38,26.55,25.94,26.52,21009136.0,1.0,0.5468224998732667
2019-08-07,26.56,26.65,26.37,26.43,14483916.0,1.0,0.5468224998732667
2019-08-08,26.45,26.61,26.45,26.56,7648272.0,1.0,0.5468224998732667
2019-08-12,26.57,26.91,26.57,26.9,4756465.0,1.0,0.5468224998732667
2019-08-13,26.85,26.85,26.64,26.76,4780028.0,1.0,0.5468224998732667
2019-08-14,26.95,26.98,26.92,26.93,3727407.0,1.0,0.5468224998732667
2019-08-15,26.64,26.85,26.53,26.82,6225616.0,1.0,0.5468224998732667
2019-08-16,26.93,26.95,26.79,26.95,2997474.0,1.0,0.5468224998732667
2019-08-19,26.98,27.09,26.98,27.03,4073881.0,1.0,0.5468224998732667
2019-08-20,27.04,27.09,27.04,27.07,3875482.0,1.0,0.5468224998732667
2019-08-21,27.07,27.11,27.04,27.05,2737321.0,1.0,0.5468224998732667
2019-08-22,27.08,27.15,27.0,27.02,5386121.0,1.0,0.5468224998732667
2019-08-23,27.03,27.08,27.0,27.02,2825715.0,1.0,0.5468224998732667
2019-08-26,26.8,26.92,26.77,26.88,15764782.0,1.0,0.5468224998732667
2019-08-27,26.9,27.0,26.9,26.96,2146074.0,1.0,0.5468224998732667
2019-08-28,27.0,27.0,26.96,26.97,2056821.0,1.0,0.5468224998732667
2019-08-29,26.98,27.0,26.96,27.0,1777397.0,1.0,0.5468224998732667
2019-08-30,27.1,27.34,27.1,27.25,16157578.0,1.0,0.5468224998732667
2019-09-02,27.3,27.46,27.3,27.44,12818715.0,1.0,0.5468224998732667
2019-09-03,27.45,27.52,27.4,27.4,9302571.0,1.0,0.5468224998732667
2019-09-04,27.4,27.55,27.4,27.54,13513503.0,1.0,0.5468224998732667
2019-09-05,27.63,27.79,27.63,27.71,15912013.0,1.0,0.5468224998732667
2019-09-06,27.8,27.95,27.76,27.83,15102467.0,1.0,0.5468224998732667
2019-09-09,27.86,27.96,27.74,27.77,7862097.0,1.0,0.5468224998732667
2019-09-10,27.79,27.83,27.71,27.74,5715715.0,1.0,0.5468224998732667
2019-09-11,27.79,27.92,27.79,27.81,8489636.0,1.0,0.5468224998732667
2019-09-12,27.92,28.03,27.91,27.92,13047504.0,1.0,0.5468224998732667
2019-09-16,27.96,27.98,27.92,27.94,6197909.0,1.0,0.5468224998732667
2019-09-17,27.94,28.05,27.94,28.0,10509998.0,1.0,0.5468224998732667
2019-09-18,28.0,28.08,28.0,28.05,5340038.0,1.0,0.5468224998732667
2019-09-19,28.06,28.09,27.95,27.97,4606448.0,1.0,0.5468224998732667
2019-09-20,27.97,28.0,27.97,27.98,2774640.0,1.0,0.5468224998732667
2019-09-23,27.98,28.15,27.95,28.12,14346926.0,1.0,0.5468224998732667
2019-09-24,28.12,28.37,28.11,28.33,8887369.0,1.0,0.5468224998732667
2019-09-25,28.33,28.33,28.18,28.2,3828087.0,1.0,0.5468224998732667
2019-09-26,28.34,28.34,28.11,28.15,3829788.0,1.0,0.5468224998732667
2019-09-27,28.15,28.17,27.85,27.88,7746527.0,1.0,0.5468224998732667
2019-10-01,27.93,28.23,27.93,28.18,5360488.0,1.0,0.5468224998732667
2019-10-02,28.14,28.18,28.1,28.17,2154857.0,1.0,0.5468224998732667
2019-10-03,28.0,28.12,27.95,28.12,4313025.0,1.0,0.5468224998732667
2019-10-04,28.15,28.2,28.08,28.14,2560924.0,1.0,0.5468224998732667
2019-10-07,28.6,28.6,28.39,28.42,41287703.0,1.0,0.5468224998732667
2019-10-08,28.5,28.57,28.42,28.44,17646104.0,1.0,0.5468224998732667
2019-10-09,28.42,28.42,28.25,28.28,21754179.0,1.0,0.5468224998732667
2019-10-14,28.57,28.58,28.5,28.52,12704020.0,1.0,0.5468224998732667
2019-10-15,28.53,28.56,28.42,28.45,11882620.0,1.0,0.5468224998732667
2019-10-16,28.57,28.57,28.45,28.51,9730683.0,1.0,0.5468224998732667
2019-10-17,28.52,28.7,28.51,28.7,11644864.0,1.0,0.5468224998732667
2019-10-18,28.76,28.92,28.76,28.82,14882765.0,1.0,0.5468224998732667
2019-10-21,28.9,28.98,28.89,28.95,34164302.0,1.0,0.5468224998732667
2019-10-22,29.0,29.06,28.97,29.03,33730255.0,1.0,0.5468224998732667
2019-10-23,27.46,27.62,27.25,27.54,98226814.0,0.9379951774026869,0.5829694150319843
2019-10-24,27.69,27.69,27.58,27.65,28335344.0,1.0,0.5829694150319843
2019-10-25,27.8,27.85,27.6,27.6,23111873.0,1.0,0.5829694150319843
2019-10-28,27.84,27.84,27.61,27.7,14846481.0,1.0,0.5829694150319843
2019-10-29,27.77,27.81,27.51,27.62,23529598.0,1.0,0.5829694150319843
2019-10-30,27.67,27.67,27.6,27.65,10482971.0,1.0,0.5829694150319843
2019-10-31,27.66,27.7,27.57,27.58,16712712.0,1.0,0.5829694150319843
2019-11-01,27.58,27.63,27.49,27.63,11177733.0,1.0,0.5829694150319843
2019-11-04,27.65,27.84,27.65,27.84,13142719.0,1.0,0.5829694150319843
2019-11-05,28.0,28.05,27.94,28.03,13469440.0,1.0,0.5829694150319843
2019-11-06,28.17,28.17,27.78,27.93,19221502.0,1.0,0.5829694150319843
2019-11-07,27.93,27.93,27.7,27.8,12699573.0,1.0,0.5829694150319843
2019-11-08,27.83,27.95,27.79,27.88,6708118.0,1.0,0.5829694150319843
2019-11-11,27.88,27.88,27.47,27.5,42792590.0,1.0,0.5829694150319843
2019-11-12,27.56,27.74,27.56,27.74,5867933.0,1.0,0.5829694150319843
2019-11-13,27.74,27.8,27.7,27.79,4770035.0,1.0,0.5829694150319843
2019-11-14,27.8,27.83,27.8,27.83,3970329.0,1.0,0.5829694150319843
2019-11-15,27.94,27.95,27.82,27.88,6901520.0,1.0,0.5829694150319843
2019-11-18,27.99,28.07,27.94,28.05,10450081.0,1.0,0.5829694150319843
2019-11-19,28.06,28.14,28.03,28.14,7508205.0,1.0,0.5829694150319843
2019-11-20,28.15,28.15,28.07,28.09,6689728.0,1.0,0.5829694150319843
2019-11-21,28.03,28.03,27.83,28.0,11566076.0,1.0,0.5829694150319843
2019-11-22,28.0,28.03,27.98,28.01,4531766.0,1.0,0.5829694150319843
2019-11-25,28.04,28.06,27.98,27.99,6319501.0,1.0,0.5829694150319843
2019-11-26,28.14,28.14,28.02,28.06,4798907.0,1.0,0.5829694150319843
2019-11-27,28.06,28.07,28.0,28.04,3859055.0,1.0,0.5829694150319843
2019-11-28,28.04,28.05,28.0,28.03,3337478.0,1.0,0.5829694150319843
2019-11-29,28.03,28.03,27.74,27.75,23823262.0,1.0,0.5829694150319843
2019-12-02,27.76,27.78,27.51,27.65,19022342.0,1.0,0.5829694150319843
2019-12-03,27.65,27.97,27.58,27.92,7186008.0,1.0,0.5829694150319843
2019-12-04,27.89,27.89,27.8,27.88,5055460.0,1.0,0.5829694150319843
2019-12-05,27.98,28.07,27.95,28.03,11396638.0,1.0,0.5829694150319843
2019-12-06,28.12,28.2,28.09,28.13,11833145.0,1.0,0.5829694150319843
2019-12-09,28.17,28.27,28.17,28.21,6421844.0,1.0,0.5829694150319843
2019-12-10,28.21,28.22,28.12,28.14,3594897.0,1.0,0.5829694150319843
2019-12-11,28.15,28.21,28.15,28.21,5952469.0,1.0,0.5829694150319843
2019-12-12,28.25,28.34,28.25,28.31,9555665.0,1.0,0.5829694150319843
2019-12-13,28.4,28.5,28.3,28.37,10070440.0,1.0,0.5829694150319843
2019-12-16,28.5,28.6,28.45,28.57,10857580.0,1.0,0.5829694150319843
2019-12-17,28.59,28.71,28.59,28.71,9472839.0,1.0,0.5829694150319843
2019-12-18,28.73,28.82,28.69,28.77,8885507.0,1.0,0.5829694150319843
2019-12-19,28.77,28.86,28.64,28.69,7987291.0,1.0,0.5829694150319843
2019-12-20,28.73,28.9,28.66,28.8,7772041.0,1.0,0.5829694150319843
2019-12-23,28.8,28.8,28.66,28.72,5086792.0,1.0,0.5829694150319843
2019-12-24,28.72,28.79,28.7,28.74,3111481.0,1.0,0.5829694150319843
2019-12-25,28.75,28.92,28.75,28.83,6322447.0,1.0,0.5829694150319843
2019-12-26,28.92,28.92,28.8,28.86,5004440.0,1.0,0.5829694150319843
2019-12-27,28.87,28.92,28.87,28.9,4884324.0,1.0,0.5829694150319843
2019-12-30,28.9,29.05,28.9,29.0,17029814.0,1.0,0.5829694150319843
2019-12-31,29.0,29.06,28.9,28.97,10185548.0,1.0,0.5829694150319843
2020-01-02,29.0,29.12,28.99,29.09,12542463.0,1.0,0.5829694150319843
2020-01-03,29.15,29.43,29.04,29.18,15397477.0,1.0,0.5829694150319843
2020-01-06,29.18,29.18,28.95,28.96,12664714.0,1.0,0.5829694150319843
2020-01-07,28.95,28.96,28.48,28.69,28160121.0,1.0,0.5829694150319843
2020-01-08,28.56,28.69,28.3,28.5,18148599.0,1.0,0.5829694150319843
2020-01-09,28.56,28.78,28.56,28.7,11167458.0,1.0,0.5829694150319843
2020-01-10,28.83,28.85,28.65,28.69,9414322.0,1.0,0.5829694150319843
2020-01-13,28.73,28.85,28.7,28.84,9109161.0,1.0,0.5829694150319843
2020-01-14,28.91,29.02,28.91,29.02,8836874.0,1.0,0.5829694150319843
2020-01-15,29.03,29.09,29.0,29.01,9081284.0,1.0,0.5829694150319843
2020-01-16,29.11,29.12,28.95,29.1,11087219.0,1.0,0.5829694150319843
2020-01-17,29.13,29.19,29.09,29.16,11756156.0,1.0,0.5829694150319843
2020-01-20,29.17,29.22,29.16,29.19,8166082.0,1.0,0.5829694150319843
2020-01-30,28.5,28.5,27.5,27.7,124629153.0,1.0,0.5829694150319843
2020-01-31,27.71,28.0,27.61,27.92,43237283.0,1.0,0.5829694150319843
2020-02-03,27.42,27.75,26.85,27.74,45081773.0,1.0,0.5829694150319843
2020-02-04,27.83,28.12,27.71,28.12,15739871.0,1.0,0.5829694150319843
2020-02-05,28.24,28.25,28.0,28.08,13922740.0,1.0,0.5829694150319843
2020-02-06,28.35,28.44,28.18,28.44,15996571.0,1.0,0.5829694150319843
2020-02-07,28.38,28.38,28.2,28.23,12253406.0,1.0,0.5829694150319843
2020-02-10,28.0,28.23,27.8,28.14,18717739.0,1.0,0.5829694150319843
2020-02-11,28.2,28.34,28.2,28.34,7079932.0,1.0,0.5829694150319843
2020-02-12,28.36,28.57,28.36,28.56,12239828.0,1.0,0.5829694150319843
2020-02-13,28.6,28.79,28.6,28.64,14950526.0,1.0,0.5829694150319843
2020-02-14,28.64,28.82,28.63,28.79,9659751.0,1.0,0.5829694150319843
2020-02-17,28.78,28.87,28.6,28.8,14439906.0,1.0,0.5829694150319843
2020-02-18,28.77,28.92,28.74,28.8,12272396.0,1.0,0.5829694150319843
2020-02-19,28.8,28.99,28.78,28.96,11357954.0,1.0,0.5829694150319843
2020-02-20,29.0,29.06,28.87,28.93,8809420.0,1.0,0.5829694150319843
2020-02-21,28.91,28.99,28.85,28.9,5864280.0,1.0,0.5829694150319843
2020-02-24,28.77,28.77,28.59,28.7,14095127.0,1.0,0.5829694150319843
2020-02-25,28.45,28.7,28.36,28.67,11318028.0,1.0,0.5829694150319843
2020-02-26,28.5,28.55,28.3,28.3,34883285.0,1.0,0.5829694150319843
2020-02-27,28.3,28.39,27.83,27.9,56537310.0,1.0,0.5829694150319843
2020-03-02,27.7,27.9,27.2,27.75,48021434.0,1.0,0.5829694150319843
2020-03-03,28.15,28.2,27.92,27.93,26979859.0,1.0,0.5829694150319843
2020-03-04,27.93,27.93,27.71,27.86,21853847.0,1.0,0.5829694150319843
2020-03-05,28.01,28.1,28.0,28.1,13650787.0,1.0,0.5829694150319843
2020-03-06,28.01,28.01,27.75,27.88,27963318.0,1.0,0.5829694150319843
2020-03-09,27.49,27.52,27.17,27.25,96841145.0,1.0,0.5829694150319843
2020-03-10,26.8,27.26,26.76,27.25,70307269.0,1.0,0.5829694150319843
2020-03-11,27.34,27.39,26.93,26.97,38279695.0,1.0,0.5829694150319843
2020-03-12,26.73,26.73,25.71,25.93,155640188.0,1.0,0.5829694150319843
2020-03-13,24.35,25.32,24.02,25.29,157473670.0,1.0,0.5829694150319843
2020-03-16,25.1,25.24,24.4,24.41,92824206.0,1.0,0.5829694150319843
2020-03-17,23.57,24.29,23.43,23.67,103620788.0,1.0,0.5829694150319843
2020-03-18,23.7,23.82,23.26,23.29,80530934.0,1.0,0.5829694150319843
2020-03-19,22.88,22.88,21.45,21.85,137455783.0,1.0,0.5829694150319843
2020-03-20,22.25,23.55,22.21,23.28,88557505.0,1.0,0.5829694150319843
2020-03-23,22.69,22.8,22.2,22.49,53865745.0,1.0,0.5829694150319843
2020-03-24,23.1,23.5,23.1,23.38,36966718.0,1.0,0.5829694150319843
2020-03-25,24.11,24.35,24.01,24.09,57250013.0,1.0,0.5829694150319843
2020-03-26,24.34,24.34,23.81,24.26,33802267.0,1.0,0.5829694150319843
2020-03-27,24.73,24.86,24.31,24.35,46776958.0,1.0,0.5829694150319843
2020-03-30,23.97,24.32,23.8,24.32,23158202.0,1.0,0.5829694150319843
2020-03-31,24.59,24.65,24.38,24.49,20296378.0,1.0,0.5829694150319843
2020-04-01,24.49,24.58,24.41,24.52,17899482.0,1.0,0.5829694150319843
2020-04-06,24.9,24.92,24.5,24.84,23678372.0,1.0,0.5829694150319843
2020-04-07,25.12,25.29,25.12,25.22,31620054.0,1.0,0.5829694150319843
2020-04-08,25.22,25.78,25.13,25.77,41028247.0,1.0,0.5829694150319843
2020-04-09,25.85,26.0,25.57,25.65,33849421.0,1.0,0.5829694150319843
2020-04-10,25.65,25.75,25.6,25.73,12990586.0,1.0,0.5829694150319843
2020-04-13,25.73,25.77,25.51,25.68,16402804.0,1.0,0.5829694150319843
2020-04-14,25.7,26.05,25.7,26.05,22847925.0,1.0,0.5829694150319843
2020-04-15,26.2,26.48,26.19,26.47,38186993.0,1.0,0.5829694150319843
2020-04-16,26.4,26.48,26.15,26.44,20328897.0,1.0,0.5829694150319843
2020-04-17,26.8,27.0,26.44,26.5,39596947.0,1.0,0.5829694150319843
2020-04-20,26.5,26.61,26.38,26.6,17055801.0,1.0,0.5829694150319843
2020-04-21,26.45,26.59,26.06,26.1,34554572.0,1.0,0.5829694150319843
2020-04-22,25.9,26.24,25.6,26.23,20875507.0,1.0,0.5829694150319843
2020-04-23,26.31,26.52,26.25,26.34,15977250.0,1.0,0.5829694150319843
2020-04-24,26.34,26.39,26.25,26.33,6231428.0,1.0,0.5829694150319843
2020-04-27,26.68,26.81,26.5,26.79,25093073.0,1.0,0.5829694150319843
2020-04-28,26.9,26.99,26.75,26.91,17832362.0,1.0,0.5829694150319843
2020-04-29,26.96,27.11,26.96,27.07,24473149.0,1.0,0.5829694150319843
2020-04-30,27.2,27.49,27.2,27.46,35888109.0,1.0,0.5829694150319843
2020-05-04,26.91,27.15,26.7,27.09,26549120.0,1.0,0.5829694150319843
2020-05-05,27.2,27.49,27.12,27.33,16350420.0,1.0,0.5829694150319843
2020-05-06,27.47,27.47,27.17,27.32,13113401.0,1.0,0.5829694150319843
2020-05-07,27.31,27.52,27.27,27.4,17122291.0,1.0,0.5829694150319843
2020-05-08,27.6,27.66,27.48,27.5,15466458.0,1.0,0.5829694150319843
2020-05-11,27.64,27.72,27.6,27.66,13102769.0,1.0,0.5829694150319843
2020-05-12,27.6,27.64,27.52,27.55,10854060.0,1.0,0.5829694150319843
2020-05-13,27.5,27.77,27.47,27.75,16134554.0,1.0,0.5829694150319843
2020-05-14,27.65,27.69,27.45,27.48,14959727.0,1.0,0.5829694150319843
2020-05-15,27.6,27.69,27.23,27.43,13064863.0,1.0,0.5829694150319843
2020-05-18,27.54,27.54,27.16,27.25,17472865.0,1.0,0.5829694150319843
2020-05-19,27.5,27.55,27.37,27.43,11247174.0,1.0,0.5829694150319843
2020-05-20,27.43,27.54,27.42,27.48,11379613.0,1.0,0.5829694150319843
2020-05-21,27.56,27.74,27.56,27.63,21366548.0,1.0,0.5829694150319843
2020-05-22,27.63,27.63,27.45,27.45,17176132.0,1.0,0.5829694150319843
2020-05-25,27.45,27.53,27.15,27.5,14008489.0,1.0,0.5829694150319843
2020-05-26,27.75,27.85,27.65,27.82,29948312.0,1.0,0.5829694150319843
2020-05-27,27.86,27.94,27.81,27.85,11105295.0,1.0,0.5829694150319843
2020-05-28,27.99,28.06,27.79,27.9,17214042.0,1.0,0.5829694150319843
2020-05-29,27.8,27.9,27.69,27.86,9501469.0,1.0,0.5829694150319843
2020-06-01,27.87,28.05,27.87,28.05,20312631.0,1.0,0.5829694150319843
2020-06-02,28.13,28.25,28.13,28.17,12177392.0,1.0,0.5829694150319843
2020-06-03,28.3,28.51,28.3,28.48,35129801.0,1.0,0.5829694150319843
2020-06-04,28.67,28.75,28.55,28.67,22446841.0,1.0,0.5829694150319843
2020-06-05,28.75,28.83,28.71,28.8,25602799.0,1.0,0.5829694150319843
2020-06-08,28.88,28.95,28.84,28.88,21691353.0,1.0,0.5829694150319843
2020-06-09,28.9,28.9,28.76,28.84,14746772.0,1.0,0.5829694150319843
2020-06-10,28.82,28.92,28.71,28.86,14838503.0,1.0,0.5829694150319843
2020-06-11,28.87,28.94,28.4,28.43,24213694.0,1.0,0.5829694150319843
2020-06-12,27.95,28.29,27.73,28.29,31763940.0,1.0,0.5829694150319843
2020-06-15,28.3,28.49,28.11,28.13,21979239.0,1.0,0.5829694150319843
2020-06-16,28.35,28.6,28.32,28.45,21509885.0,1.0,0.5829694150319843
2020-06-17,28.56,28.57,28.35,28.46,17282815.0,1.0,0.5829694150319843
2020-06-18,28.48,28.58,28.4,28.55,20154608.0,1.0,0.5829694150319843
2020-06-19,28.62,28.72,28.55,28.56,20043397.0,1.0,0.5829694150319843
2020-06-22,28.56,28.57,28.45,28.48,11469267.0,1.0,0.5829694150319843
2020-06-23,28.51,28.6,28.45,28.54,8516307.0,1.0,0.5829694150319843
2020-06-24,28.6,28.6,28.53,28.54,9145329.0,1.0,0.5829694150319843
2020-06-29,28.5,28.52,28.39,28.51,12288886.0,1.0,0.5829694150319843
2020-06-30,28.52,28.58,28.52,28.56,6842112.0,1.0,0.5829694150319843
2020-07-01,28.58,28.9,28.58,28.79,24801002.0,1.0,0.5829694150319843
2020-07-02,28.82,29.1,28.82,29.09,28779385.0,1.0,0.5829694150319843
2020-07-03,29.26,29.4,29.26,29.33,27369274.0,1.0,0.5829694150319843
2020-07-06,29.47,29.83,29.47,29.83,40108006.0,1.0,0.5829694150319843
2020-07-07,29.9,30.02,29.4,29.43,29450474.0,1.0,0.5829694150319843
2020-07-08,29.46,29.79,29.46,29.72,33803590.0,1.0,0.5829694150319843
2020-07-09,29.82,29.96,29.74,29.74,19108602.0,1.0,0.5829694150319843
2020-07-10,29.75,29.84,29.4,29.52,20578158.0,1.0,0.5829694150319843
2020-07-13,29.54,29.7,29.54,29.65,11432964.0,1.0,0.5829694150319843
2020-07-14,29.64,29.72,29.58,29.58,8895265.0,1.0,0.5829694150319843
2020-07-15,29.75,29.9,29.53,29.53,12411430.0,1.0,0.5829694150319843
2020-07-16,29.66,29.79,29.59,29.63,10555747.0,1.0,0.5829694150319843
2020-07-17,29.72,29.77,29.59,29.59,10808962.0,1.0,0.5829694150319843
2020-07-20,29.57,29.61,29.36,29.55,18207052.0,1.0,0.5829694150319843
2020-07-21,29.68,29.89,29.68,29.84,24848154.0,1.0,0.5829694150319843
2020-07-22,29.83,30.0,29.83,29.97,29209047.0,1.0,0.5829694150319843
2020-07-23,29.95,30.19,29.92,30.17,38609649.0,1.0,0.5829694150319843
2020-07-24,30.13,30.25,29.8,29.85,14920664.0,1.0,0.5829694150319843
2020-07-27,29.9,30.0,29.79,29.84,11376560.0,1.0,0.5829694150319843
2020-07-28,29.86,29.92,29.45,29.46,13765945.0,1.0,0.5829694150319843
2020-07-29,29.46,29.8,29.46,29.62,8609260.0,1.0,0.5829694150319843
2020-07-30,29.78,30.0,29.72,29.99,10907454.0,1.0,0.5829694150319843
2020-07-31,30.02,30.25,30.0,30.24,22951359.0,1.0,0.5829694150319843
2020-08-03,30.24,30.24,30.0,30.01,7603998.0,1.0,0.5829694150319843
2020-08-04,30.01,30.22,30.01,30.17,7233411.0,1.0,0.5829694150319843
2020-08-05,30.39,30.63,30.39,30.62,18210722.0,1.0,0.5829694150319843
2020-08-06,30.75,30.89,30.63,30.7,9289461.0,1.0,0.5829694150319843
2020-08-07,30.71,30.75,30.64,30.65,6495515.0,1.0,0.5829694150319843
2020-08-10,30.75,30.75,30.54,30.6,8358933.0,1.0,0.5829694150319843
2020-08-11,30.55,30.59,30.33,30.35,9909105.0,1.0,0.5829694150319843
2020-08-12,30.35,30.35,30.1,30.22,9668429.0,1.0,0.5829694150319843
2020-08-13,30.33,30.43,30.3,30.32,4156018.0,1.0,0.5829694150319843
2020-08-14,30.33,30.65,30.3,30.63,9267599.0,1.0,0.5829694150319843
2020-08-17,30.75,30.96,30.7,30.96,14768755.0,1.0,0.5829694150319843
2020-08-18,30.96,30.99,30.79,30.9,6211119.0,1.0,0.5829694150319843
2020-08-19,30.9,31.11,30.73,30.77,7058372.0,1.0,0.5829694150319843
2020-08-20,30.71,30.71,29.3,29.79,58616370.0,1.0,0.5829694150319843
2020-08-21,29.99,30.14,29.92,30.11,20862404.0,1.0,0.5829694150319843
2020-08-24,30.15,30.23,30.0,30.14,15430477.0,1.0,0.5829694150319843
2020-08-25,30.28,30.54,30.25,30.44,20537509.0,1.0,0.5829694150319843
2020-08-26,30.44,30.45,30.25,30.43,14741136.0,1.0,0.5829694150319843
2020-08-27,30.46,30.49,30.3,30.33,6585320.0,1.0,0.5829694150319843
2020-08-28,30.3,30.3,30.15,30.24,5794762.0,1.0,0.5829694150319843
2020-08-31,30.33,30.39,30.15,30.16,7103937.0,1.0,0.5829694150319843
2020-09-01,30.16,30.18,29.93,30.06,7214124.0,1.0,0.5829694150319843
2020-09-02,30.15,30.25,30.06,30.14,4185526.0,1.0,0.5829694150319843
2020-09-03,30.2,30.37,30.17,30.25,13060579.0,1.0,0.5829694150319843
2020-09-04,29.9,30.09,29.8,30.09,14756702.0,1.0,0.5829694150319843
2020-09-07,30.09,30.15,29.94,29.96,13876295.0,1.0,0.5829694150319843
2020-09-08,30.0,30.05,29.84,29.97,17247949.0,1.0,0.5829694150319843
2020-09-09,29.75,29.88,29.55,29.85,20227863.0,1.0,0.5829694150319843
2020-09-10,29.9,29.91,29.84,29.85,7957383.0,1.0,0.5829694150319843
2020-09-11,29.8,29.84,29.74,29.75,7585380.0,1.0,0.5829694150319843
2020-09-14,29.75,30.0,29.75,29.98,11904487.0,1.0,0.5829694150319843
2020-09-15,30.02,30.18,30.0,30.1,12414974.0,1.0,0.5829694150319843
2020-09-16,30.17,30.28,30.16,30.25,13149207.0,1.0,0.5829694150319843
2020-09-17,30.25,30.27,30.09,30.23,10053909.0,1.0,0.5829694150319843
2020-09-18,30.23,30.23,30.09,30.2,7215817.0,1.0,0.5829694150319843
2020-09-21,30.12,30.14,30.03,30.03,6763073.0,1.0,0.5829694150319843
2020-09-22,29.97,29.97,29.62,29.8,21489944.0,1.0,0.5829694150319843
2020-09-23,29.8,29.9,29.56,29.7,16031005.0,1.0,0.5829694150319843
2020-09-24,29.42,29.44,28.99,29.06,51452070.0,1.0,0.5829694150319843
2020-09-25,29.17,29.25,28.67,28.9,38323354.0,1.0,0.5829694150319843
2020-09-28,29.05,29.38,29.05,29.38,10585266.0,1.0,0.5829694150319843
2020-09-29,29.51,29.58,29.26,29.4,8791030.0,1.0,0.5829694150319843
2020-09-30,29.41,29.52,29.35,29.48,5386192.0,1.0,0.5829694150319843
2020-10-05,29.49,29.58,29.39,29.45,10253888.0,1.0,0.5829694150319843
2020-10-06,29.61,29.72,29.57,29.68,10459079.0,1.0,0.5829694150319843
2020-10-07,29.68,29.68,29.52,29.65,8346420.0,1.0,0.5829694150319843
2020-10-08,29.84,29.85,29.68,29.76,9353669.0,1.0,0.5829694150319843
2020-10-12,29.94,29.94,29.71,29.74,28494351.0,1.0,0.5829694150319843
2020-10-13,29.76,29.79,29.61,29.71,14263155.0,1.0,0.5829694150319843
2020-10-14,29.71,29.77,29.68,29.74,9642193.0,1.0,0.5829694150319843
2020-10-15,29.75,29.75,29.51,29.69,23918261.0,1.0,0.5829694150319843
2020-10-16,29.65,29.69,29.52,29.56,23391242.0,1.0,0.5829694150319843
2020-10-19,29.6,29.69,29.57,29.64,16637092.0,1.0,0.5829694150319843
2020-10-20,29.64,29.65,29.59,29.64,15658005.0,1.0,0.5829694150319843
2020-10-21,29.65,29.7,29.55,29.59,23972337.0,1.0,0.5829694150319843
2020-10-22,29.58,29.59,29.51,29.59,19455042.0,1.0,0.5829694150319843
2020-10-23,29.6,29.64,29.56,29.63,13173245.0,1.0,0.5829694150319843
2020-10-26,29.66,29.79,29.66,29.69,28407616.0,1.0,0.5829694150319843
2020-10-27,29.61,29.69,29.55,29.69,35940682.0,1.0,0.5829694150319843
2020-10-28,28.44,28.49,28.11,28.19,111463996.0,0.9461098012798922,0.616175220088986
2020-10-29,28.11,28.14,27.78,27.98,53681771.0,1.0,0.616175220088986
2020-10-30,27.99,27.99,27.8,27.8,38919511.0,1.0,0.616175220088986
2020-11-02,27.8,27.85,27.6,27.72,31242373.0,1.0,0.616175220088986
2020-11-03,27.89,28.02,27.88,28.01,15769851.0,1.0,0.616175220088986
2020-11-04,28.1,28.1,27.92,28.05,17467032.0,1.0,0.616175220088986
2020-11-05,28.1,28.17,28.06,28.12,9577513.0,1.0,0.616175220088986
2020-11-06,28.17,28.26,28.12,28.19,19648371.0,1.0,0.616175220088986
2020-11-09,28.35,28.45,28.35,28.4,20151246.0,1.0,0.616175220088986
2020-11-10,28.48,28.48,28.23,28.29,22373366.0,1.0,0.616175220088986
2020-11-11,28.35,28.51,28.27,28.5,10925556.0,1.0,0.616175220088986
2020-11-12,28.51,28.57,28.35,28.4,14828977.0,1.0,0.616175220088986
2020-11-13,28.4,28.53,28.38,28.53,8842027.0,1.0,0.616175220088986
2020-11-16,28.68,28.82,28.68,28.8,20118091.0,1.0,0.616175220088986
2020-11-17,28.98,28.99,28.8,28.81,15297071.0,1.0,0.616175220088986
2020-11-18,28.82,28.9,28.81,28.9,8617666.0,1.0,0.616175220088986
2020-11-19,28.9,28.91,28.85,28.86,7537854.0,1.0,0.616175220088986
2020-11-20,28.86,28.88,28.83,28.88,7071001.0,1.0,0.616175220088986
2020-11-23,28.93,29.19,28.93,29.14,11697665.0,1.0,0.616175220088986
2020-11-24,29.18,29.21,29.1,29.11,10496226.0,1.0,0.616175220088986
2020-11-25,29.15,29.19,28.98,29.01,12053673.0,1.0,0.616175220088986
2020-11-26,29.01,29.15,29.01,29.15,7325738.0,1.0,0.616175220088986
2020-11-27,29.15,29.34,29.1,29.32,12563047.0,1.0,0.616175220088986
2020-11-30,29.34,29.49,29.34,29.35,11188394.0,1.0,0.616175220088986
2020-12-01,29.36,29.39,29.21,29.35,8194436.0,1.0,0.616175220088986
2020-12-02,29.35,29.48,29.34,29.44,15249736.0,1.0,0.616175220088986
2020-12-03,29.45,29.59,29.41,29.45,13909915.0,1.0,0.616175220088986
2020-12-04,29.53,29.69,29.53,29.68,24188090.0,1.0,0.616175220088986
2020-12-07,29.72,29.96,29.69,29.85,30109726.0,1.0,0.616175220088986
2020-12-08,29.85,29.95,29.83,29.9,24947013.0,1.0,0.616175220088986
2020-12-09,29.97,30.17,29.97,30.14,31857102.0,1.0,0.616175220088986
2020-12-10,30.07,30.09,29.88,29.94,22179912.0,1.0,0.616175220088986
2020-12-11,29.94,30.02,29.51,29.81,18196472.0,1.0,0.616175220088986
2020-12-14,29.81,29.89,29.74,29.82,9761352.0,1.0,0.616175220088986
2020-12-15,29.81,29.81,29.46,29.51,21394884.0,1.0,0.616175220088986
2020-12-16,29.52,29.8,29.52,29.8,11708444.0,1.0,0.616175220088986
2020-12-17,29.79,29.8,29.6,29.66,6851120.0,1.0,0.616175220088986
2020-12-18,29.66,29.69,29.59,29.61,7582162.0,1.0,0.616175220088986
2020-12-21,29.6,29.61,29.4,29.6,11899445.0,1.0,0.616175220088986
2020-12-22,29.59,29.59,29.41,29.43,12432823.0,1.0,0.616175220088986
2020-12-23,29.39,29.42,29.35,29.42,11399457.0,1.0,0.616175220088986
2020-12-24,29.43,29.54,29.43,29.48,6341654.0,1.0,0.616175220088986
2020-12-25,29.51,29.58,29.48,29.51,13691719.0,1.0,0.616175220088986
2020-12-28,29.52,29.75,29.52,29.75,15334102.0,1.0,0.616175220088986
2020-12-29,29.76,29.82,29.65,29.67,10127621.0,1.0,0.616175220088986
2020-12-30,29.7,29.79,29.65,29.78,11263363.0,1.0,0.616175220088986
2020-12-31,29.81,30.0,29.76,29.95,21262912.0,1.0,0.616175220088986
2021-01-04,29.95,29.99,29.8,29.94,14680663.0,1.0,0.616175220088986
2021-01-05,29.94,30.04,29.87,30.02,32407326.0,1.0,0.616175220088986
2021-01-06,30.08,30.21,29.9,30.0,23934914.0,1.0,0.616175220088986
2021-01-07,30.05,30.23,30.04,30.22,32357050.0,1.0,0.616175220088986
2021-01-08,30.35,30.47,30.25,30.46,26867681.0,1.0,0.616175220088986
2021-01-11,30.49,30.67,30.47,30.61,23404753.0,1.0,0.616175220088986
2021-01-12,30.61,30.61,30.32,30.35,15159957.0,1.0,0.616175220088986
2021-01-13,30.49,30.72,30.49,30.69,26314594.0,1.0,0.616175220088986
2021-01-14,30.75,31.01,30.71,30.92,29597950.0,1.0,0.616175220088986
2021-01-15,31.06,31.13,30.73,30.79,21323649.0,1.0,0.616175220088986
2021-01-18,30.75,30.75,30.21,30.61,18463553.0,1.0,0.616175220088986
2021-01-19,30.61,30.78,30.61,30.74,14502235.0,1.0,0.616175220088986
2021-01-20,30.74,30.74,30.21,30.25,20536621.0,1.0,0.616175220088986
2021-01-21,30.25,30.44,30.23,30.3,13357516.0,1.0,0.616175220088986
2021-01-22,30.25,30.58,30.23,30.53,12875370.0,1.0,0.616175220088986
2021-01-25,30.5,30.84,30.41,30.83,17721831.0,1.0,0.616175220088986
2021-01-26,30.9,30.98,30.58,30.68,11467465.0,1.0,0.616175220088986
2021-01-27,30.76,31.0,30.76,30.95,21474545.0,1.0,0.616175220088986
2021-01-28,30.61,30.94,30.5,30.72,14009792.0,1.0,0.616175220088986
2021-01-29,30.73,30.77,30.21,30.26,12351255.0,1.0,0.616175220088986
2021-02-01,30.2,30.26,29.99,30.25,9435712.0,1.0,0.616175220088986
2021-02-02,30.28,30.56,30.28,30.5,6762633.0,1.0,0.616175220088986
2021-02-03,30.55,30.6,30.48,30.51,4808492.0,1.0,0.616175220088986
2021-02-04,30.51,30.58,30.39,30.51,5530540.0,1.0,0.616175220088986
2021-02-05,30.56,30.64,30.53,30.55,7813471.0,1.0,0.616175220088986
2021-02-17,30.9,31.01,30.82,31.0,20260474.0,1.0,0.616175220088986
2021-02-18,31.0,31.21,30.95,31.13,17630279.0,1.0,0.616175220088986
2021-02-19,31.13,31.13,30.92,31.12,7244765.0,1.0,0.616175220088986
2021-02-22,31.27,31.54,31.27,31.5,17181656.0,1.0,0.616175220088986
2021-02-23,31.5,31.8,31.33,31.8,15380313.0,1.0,0.616175220088986
2021-02-24,31.8,32.02,31.8,31.8,14888282.0,1.0,0.616175220088986
2021-02-25,32.0,32.09,31.9,32.01,11561187.0,1.0,0.616175220088986
2021-02-26,31.95,31.98,31.78,31.9,11351529.0,1.0,0.616175220088986
2021-03-02,32.05,32.13,31.89,31.9,9562366.0,1.0,0.616175220088986
2021-03-03,31.9,31.95,31.79,31.93,10617816.0,1.0,0.616175220088986
2021-03-04,31.93,31.93,31.77,31.8,8055425.0,1.0,0.616175220088986
2021-03-05,31.67,31.8,31.55,31.8,10297301.0,1.0,0.616175220088986
2021-03-08,32.0,32.08,31.85,32.0,12611331.0,1.0,0.616175220088986
2021-03-09,32.0,32.01,31.84,32.0,7785093.0,1.0,0.616175220088986
2021-03-10,32.13,32.22,32.06,32.1,9917251.0,1.0,0.616175220088986
2021-03-11,32.14,32.33,32.14,32.33,13380806.0,1.0,0.616175220088986
2021-03-12,32.4,32.45,32.33,32.43,13611221.0,1.0,0.616175220088986
2021-03-15,32.54,32.75,32.54,32.74,11615884.0,1.0,0.616175220088986
2021-03-16,32.9,33.0,32.89,32.99,13769017.0,1.0,0.616175220088986
2021-03-17,33.0,33.02,32.88,32.95,10036579.0,1.0,0.616175220088986
2021-03-18,33.18,33.55,33.18,33.53,10953413.0,1.0,0.616175220088986
2021-03-19,33.33,33.61,33.25,33.6,11713437.0,1.0,0.616175220088986
2021-03-22,33.6,33.69,33.44,33.6,10071687.0,1.0,0.616175220088986
2021-03-23,33.7,33.79,33.59,33.66,7622297.0,1.0,0.616175220088986
2021-03-24,33.66,33.75,33.55,33.65,7852468.0,1.0,0.616175220088986
2021-03-25,33.65,33.66,33.4,33.66,9252867.0,1.0,0.616175220088986
2021-03-26,33.8,33.8,33.72,33.8,11964451.0,1.0,0.616175220088986
2021-03-29,33.92,34.35,33.92,34.34,9515821.0,1.0,0.616175220088986
2021-03-30,34.36,34.6,34.32,34.6,6756100.0,1.0,0.616175220088986
2021-03-31,34.6,34.86,34.6,34.63,16167364.0,1.0,0.616175220088986
2021-04-01,34.65,34.78,34.54,34.61,9299056.0,1.0,0.616175220088986
2021-04-06,34.98,34.98,34.7,34.74,11917950.0,1.0,0.616175220088986
2021-04-07,34.74,34.75,34.67,34.71,6188680.0,1.0,0.616175220088986
2021-04-08,34.72,34.75,34.67,34.75,7512545.0,1.0,0.616175220088986
2021-04-09,34.75,34.76,34.64,34.7,7735811.0,1.0,0.616175220088986
2021-04-12,34.7,34.75,34.67,34.69,5431455.0,1.0,0.616175220088986
2021-04-13,34.69,34.73,34.45,34.47,15257286.0,1.0,0.616175220088986
2021-04-14,34.47,34.48,33.92,34.35,18567567.0,1.0,0.616175220088986
2021-04-15,34.35,34.53,34.32,34.5,6292180.0,1.0,0.616175220088986
2021-04-16,34.84,34.94,34.61,34.94,24287652.0,1.0,0.616175220088986
2021-04-19,34.99,35.2,34.99,35.2,13976139.0,1.0,0.616175220088986
2021-04-20,35.25,35.41,35.25,35.33,11210838.0,1.0,0.616175220088986
2021-04-21,35.33,35.53,35.25,35.53,8257351.0,1.0,0.616175220088986
2021-04-22,35.6,35.85,35.25,35.4,11787539.0,1.0,0.616175220088986
2021-04-23,35.38,35.38,35.1,35.3,13539590.0,1.0,0.616175220088986
2021-04-26,35.58,35.99,35.58,35.99,9877318.0,1.0,0.616175220088986
2021-04-27,35.99,35.99,35.86,35.98,5613853.0,1.0,0.616175220088986
2021-04-28,35.98,35.99,35.86,35.98,5318577.0,1.0,0.616175220088986
2021-04-29,35.98,36.17,35.88,36.12,8074218.0,1.0,0.616175220088986
2021-05-03,36.12,36.17,35.9,35.91,15937856.0,1.0,0.616175220088986
2021-05-04,35.91,35.99,34.66,35.3,43613672.0,1.0,0.616175220088986
2021-05-05,35.24,35.74,35.02,35.35,35620486.0,1.0,0.616175220088986
2021-05-06,35.41,35.6,34.96,35.3,19198886.0,1.0,0.616175220088986
2021-05-07,35.35,35.74,35.35,35.72,8075154.0,1.0,0.616175220088986
2021-05-10,35.87,35.9,35.76,35.88,6277912.0,1.0,0.616175220088986
2021-05-11,35.72,35.72,34.45,34.7,49340348.0,1.0,0.616175220088986
2021-05-12,34.26,34.43,32.07,33.5,88410957.0,1.0,0.616175220088986
2021-05-13,32.95,33.86,32.33,33.4,52099430.0,1.0,0.616175220088986
2021-05-14,33.5,34.02,33.45,33.65,25656196.0,1.0,0.616175220088986
2021-05-17,32.18,33.3,32.18,32.75,73622584.0,1.0,0.616175220088986
2021-05-18,33.01,34.01,32.96,34.01,22687429.0,1.0,0.616175220088986
2021-05-19,33.98,34.18,33.71,34.1,14347448.0,1.0,0.616175220088986
2021-05-20,34.0,34.1,33.66,33.86,12325646.0,1.0,0.616175220088986
2021-05-21,34.2,34.4,33.78,34.0,12327045.0,1.0,0.616175220088986
2021-05-24,33.84,34.1,33.65,34.05,19631541.0,1.0,0.616175220088986
2021-05-25,34.28,34.34,34.15,34.34,9957924.0,1.0,0.616175220088986
2021-05-26,34.4,34.42,34.22,34.32,8542300.0,1.0,0.616175220088986
2021-05-27,34.24,34.29,33.94,34.28,8615907.0,1.0,0.616175220088986
2021-05-28,34.5,34.55,34.32,34.55,8746363.0,1.0,0.616175220088986
2021-05-31,34.6,34.77,34.55,34.75,8619023.0,1.0,0.616175220088986
2021-06-01,34.82,35.06,34.74,35.06,16294396.0,1.0,0.616175220088986
2021-06-02,35.06,35.23,34.86,34.96,7356960.0,1.0,0.616175220088986
2021-06-03,35.1,35.13,34.9,34.95,5748869.0,1.0,0.616175220088986
2021-06-04,34.8,34.87,34.72,34.77,7009671.0,1.0,0.616175220088986
2021-06-07,34.77,34.79,34.19,34.72,13536435.0,1.0,0.616175220088986
2021-06-08,34.77,34.78,34.56,34.65,6533264.0,1.0,0.616175220088986
2021-06-09,34.61,34.61,34.37,34.45,8043082.0,1.0,0.616175220088986
2021-06-10,34.45,34.63,34.4,34.6,7629980.0,1.0,0.616175220088986
2021-06-11,34.6,34.66,34.54,34.55,7302156.0,1.0,0.616175220088986
2021-06-15,34.59,34.74,34.53,34.65,5219504.0,1.0,0.616175220088986
2021-06-16,34.62,34.78,34.58,34.78,8364699.0,1.0,0.616175220088986
2021-06-17,34.67,34.9,34.57,34.9,4712941.0,1.0,0.616175220088986
2021-06-18,35.0,35.0,34.89,34.91,4544274.0,1.0,0.616175220088986
2021-06-21,34.85,34.85,34.5,34.55,13835491.0,1.0,0.616175220088986
2021-06-22,34.7,34.77,34.41,34.43,10587582.0,1.0,0.616175220088986
2021-06-23,34.5,34.53,34.34,34.45,10314750.0,1.0,0.616175220088986
2021-06-24,34.45,34.7,34.45,34.66,3556442.0,1.0,0.616175220088986
2021-06-25,34.78,34.94,34.74,34.74,6776565.0,1.0,0.616175220088986
2021-06-28,34.8,35.1,34.8,35.1,10825640.0,1.0,0.616175220088986
2021-06-29,35.14,35.15,34.62,34.8,14013485.0,1.0,0.616175220088986
2021-06-30,34.89,35.03,34.8,35.0,9701116.0,1.0,0.616175220088986
2021-07-01,35.16,35.35,34.84,35.0,38129526.0,1.0,0.616175220088986
2021-07-02,35.08,35.28,35.04,35.2,10721415.0,1.0,0.616175220088986
2021-07-05,35.54,35.69,35.38,35.69,12613943.0,1.0,0.616175220088986
2021-07-06,35.85,36.05,35.8,35.91,12132510.0,1.0,0.616175220088986
2021-07-07,35.83,35.86,35.51,35.61,11398642.0,1.0,0.616175220088986
2021-07-08,35.83,35.88,35.49,35.8,14766850.0,1.0,0.616175220088986
2021-07-09,35.77,35.77,35.3,35.44,14915032.0,1.0,0.616175220088986
2021-07-12,35.65,35.67,35.05,35.27,18624613.0,1.0,0.616175220088986
2021-07-13,35.33,35.45,34.8,34.85,29235742.0,1.0,0.616175220088986
2021-07-14,34.89,34.9,34.35,34.48,28313869.0,1.0,0.616175220088986
2021-07-15,34.53,35.0,34.53,34.98,11662097.0,1.0,0.616175220088986
2021-07-16,34.96,35.15,34.81,35.12,11701272.0,1.0,0.616175220088986
2021-07-19,35.12,35.15,34.99,35.14,5265744.0,1.0,0.616175220088986
2021-07-20,34.95,34.96,34.5,34.56,23553277.0,1.0,0.616175220088986
2021-07-21,34.76,34.87,33.93,34.13,49284279.0,1.0,0.616175220088986
2021-07-22,34.2,34.46,34.07,34.21,17122392.0,1.0,0.616175220088986
2021-07-23,34.5,34.5,34.25,34.47,7068247.0,1.0,0.616175220088986
2021-07-26,34.51,34.67,34.4,34.5,11019752.0,1.0,0.616175220088986
2021-07-27,34.5,34.52,33.99,34.07,22963415.0,1.0,0.616175220088986
2021-07-28,34.07,34.07,33.25,33.89,43354939.0,1.0,0.616175220088986
2021-07-29,34.06,34.2,33.86,34.1,19638314.0,1.0,0.616175220088986
2021-07-30,34.2,34.22,33.88,33.9,28741697.0,1.0,0.616175220088986
2021-08-02,34.03,34.03,33.63,34.0,19027608.0,1.0,0.616175220088986
2021-08-03,34.01,34.16,33.98,34.15,6509353.0,1.0,0.616175220088986
2021-08-04,34.18,34.35,34.17,34.35,5507529.0,1.0,0.616175220088986
2021-08-05,34.4,34.4,34.14,34.2,7141944.0,1.0,0.616175220088986
2021-08-06,34.2,34.25,34.02,34.25,9393314.0,1.0,0.616175220088986
2021-08-09,34.22,34.22,33.88,34.1,12330056.0,1.0,0.616175220088986
2021-08-10,34.1,34.18,33.71,33.79,29648031.0,1.0,0.616175220088986
2021-08-11,33.72,33.79,33.24,33.49,35589485.0,1.0,0.616175220088986
2021-08-12,33.52,33.52,33.33,33.51,11302339.0,1.0,0.616175220088986
2021-08-13,33.56,33.58,33.2,33.27,25144420.0,1.0,0.616175220088986
2021-08-16,33.28,33.28,32.74,32.86,52400299.0,1.0,0.616175220088986
2021-08-17,32.9,33.08,32.48,32.53,32411406.0,1.0,0.616175220088986
2021-08-18,32.38,33.07,32.13,33.07,26797263.0,1.0,0.616175220088986
2021-08-19,32.88,32.88,32.29,32.32,45729062.0,1.0,0.616175220088986
2021-08-20,32.4,32.49,32.0,32.26,25525603.0,1.0,0.616175220088986
2021-08-23,32.52,32.9,32.52,32.88,16614441.0,1.0,0.616175220088986
2021-08-24,33.01,33.08,32.66,32.8,20751854.0,1.0,0.616175220088986
2021-08-25,32.95,33.0,32.8,33.0,10262757.0,1.0,0.616175220088986
2021-08-26,33.1,33.12,32.78,32.99,17740828.0,1.0,0.616175220088986
2021-08-27,32.96,33.12,32.83,33.11,8882675.0,1.0,0.616175220088986
2021-08-30,33.22,33.29,33.15,33.29,8667157.0,1.0,0.616175220088986
2021-08-31,33.3,33.38,33.05,33.38,10047050.0,1.0,0.616175220088986
2021-09-01,33.35,33.41,33.2,33.39,11103015.0,1.0,0.616175220088986
2021-09-02,33.39,33.41,33.09,33.16,11372589.0,1.0,0.616175220088986
2021-09-03,33.25,33.33,33.17,33.24,7209986.0,1.0,0.616175220088986
2021-09-06,33.25,33.33,33.01,33.07,19065194.0,1.0,0.616175220088986
2021-09-07,33.07,33.19,33.04,33.16,8905124.0,1.0,0.616175220088986
2021-09-08,33.24,33.24,32.73,32.8,29968362.0,1.0,0.616175220088986
2021-09-09,32.75,32.96,32.63,32.94,7071231.0,1.0,0.616175220088986
2021-09-10,33.0,33.22,32.94,33.22,7127193.0,1.0,0.616175220088986
2021-09-13,33.23,33.52,33.23,33.41,12555069.0,1.0,0.616175220088986
2021-09-14,33.57,33.59,33.31,33.36,9187609.0,1.0,0.616175220088986
2021-09-15,33.36,33.36,33.11,33.33,9045007.0,1.0,0.616175220088986
2021-09-16,33.34,33.43,33.19,33.28,12703605.0,1.0,0.616175220088986
2021-09-17,33.28,33.46,33.24,33.42,7427343.0,1.0,0.616175220088986
2021-09-22,32.9,33.01,32.68,32.9,42323235.0,1.0,0.616175220088986
2021-09-23,33.03,33.17,33.03,33.08,11988044.0,1.0,0.616175220088986
2021-09-24,33.26,33.39,33.22,33.3,11145863.0,1.0,0.616175220088986
2021-09-27,33.33,33.39,33.21,33.3,15610226.0,1.0,0.616175220088986
2021-09-28,33.08,33.17,32.88,33.08,16510239.0,1.0,0.616175220088986
2021-09-29,32.7,32.82,32.59,32.7,47279038.0,1.0,0.616175220088986
2021-09-30,32.75,32.81,32.56,32.77,22529098.0,1.0,0.616175220088986
2021-10-01,32.58,32.6,32.1,32.26,80476958.0,1.0,0.616175220088986
2021-10-04,32.38,32.4,31.81,31.84,60626133.0,1.0,0.616175220088986
2021-10-05,31.6,31.96,31.42,31.96,37288065.0,1.0,0.616175220088986
2021-10-06,32.07,32.08,31.71,31.88,41521061.0,1.0,0.616175220088986
2021-10-07,32.47,32.69,32.1,32.57,69438110.0,1.0,0.616175220088986
2021-10-08,32.61,32.7,32.48,32.59,34877963.0,1.0,0.616175220088986
2021-10-12,32.6,32.6,32.2,32.24,59424394.0,1.0,0.616175220088986
2021-10-13,32.42,32.47,32.06,32.17,44907866.0,1.0,0.616175220088986
2021-10-14,32.29,32.33,32.0,32.18,34993285.0,1.0,0.616175220088986
2021-10-15,32.33,32.35,32.25,32.31,25709014.0,1.0,0.616175220088986
2021-10-18,32.45,32.46,32.25,32.36,51205215.0,1.0,0.616175220088986
2021-10-19,32.45,32.46,32.28,32.4,37440562.0,1.0,0.616175220088986
2021-10-20,32.47,32.49,32.3,32.37,69718108.0,1.0,0.616175220088986
2021-10-21,32.38,32.43,32.29,32.4,99076318.0,1.0,0.616175220088986
2021-10-22,30.71,30.87,30.59,30.84,148804731.0,0.9444444444444444,0.652420821270691
2021-10-25,30.83,30.88,30.68,30.86,53827225.0,1.0,0.652420821270691
2021-10-26,30.92,31.09,30.88,31.05,34796302.0,1.0,0.652420821270691
2021-10-27,31.05,31.16,30.97,31.15,24585636.0,1.0,0.652420821270691
2021-10-28,31.2,31.42,31.18,31.39,23559049.0,1.0,0.652420821270691
2021-10-29,31.5,31.52,31.2,31.45,18799073.0,1.0,0.652420821270691
2021-11-01,31.54,31.65,31.49,31.56,21338625.0,1.0,0.652420821270691
2021-11-02,31.66,31.77,31.48,31.53,25280289.0,1.0,0.652420821270691
2021-11-03,31.55,31.77,31.55,31.77,14294336.0,1.0,0.652420821270691
2021-11-04,31.89,31.99,31.85,31.86,14666568.0,1.0,0.652420821270691
2021-11-05,31.9,31.95,31.71,31.95,16911957.0,1.0,0.652420821270691
2021-11-08,32.05,32.4,32.01,32.39,38329143.0,1.0,0.652420821270691
2021-11-09,32.47,32.5,32.3,32.35,33391170.0,1.0,0.652420821270691
2021-11-10,32.41,32.52,32.34,32.34,35965792.0,1.0,0.652420821270691
2021-11-11,32.3,32.4,32.14,32.15,22875963.0,1.0,0.652420821270691
2021-11-12,32.19,32.25,32.1,32.2,21019709.0,1.0,0.652420821270691
2021-11-15,32.4,32.51,32.36,32.43,26955772.0,1.0,0.652420821270691
2021-11-16,32.45,32.6,32.43,32.59,30860830.0,1.0,0.652420821270691
2021-11-17,32.64,32.71,32.59,32.71,20190199.0,1.0,0.652420821270691
2021-11-18,32.85,33.06,32.84,32.98,46147802.0,1.0,0.652420821270691
2021-11-19,33.14,33.18,32.88,32.93,21477592.0,1.0,0.652420821270691
2021-11-22,33.0,33.05,32.9,32.93,14458491.0,1.0,0.652420821270691
2021-11-23,32.91,32.92,32.6,32.63,16739347.0,1.0,0.652420821270691
2021-11-24,32.62,32.73,32.5,32.61,11411990.0,1.0,0.652420821270691
2021-11-25,32.69,32.72,32.62,32.65,7528466.0,1.0,0.652420821270691
2021-11-26,32.64,32.65,32.35,32.35,24101251.0,1.0,0.652420821270691
2021-11-29,32.0,32.33,31.96,32.22,26531658.0,1.0,0.652420821270691
2021-11-30,32.39,32.52,32.3,32.3,11727142.0,1.0,0.652420821270691
2021-12-01,32.28,32.54,32.16,32.5,8905367.0,1.0,0.652420821270691
2021-12-02,32.5,32.53,32.38,32.47,8573577.0,1.0,0.652420821270691
2021-12-03,32.61,32.72,32.6,32.65,12025258.0,1.0,0.652420821270691
2021-12-06,32.74,32.86,32.53,32.86,15625454.0,1.0,0.652420821270691
2021-12-07,32.95,33.03,32.82,33.03,21687219.0,1.0,0.652420821270691
2021-12-08,33.25,33.31,33.15,33.18,24324219.0,1.0,0.652420821270691
2021-12-09,33.31,33.41,33.18,33.32,21978596.0,1.0,0.652420821270691
2021-12-10,33.32,33.41,33.18,33.3,15779599.0,1.0,0.652420821270691
2021-12-13,33.32,33.45,33.32,33.33,10997498.0,1.0,0.652420821270691
2021-12-14,33.31,33.31,32.95,32.95,22553872.0,1.0,0.652420821270691
2021-12-15,32.95,33.1,32.85,33.04,8416324.0,1.0,0.652420821270691
2021-12-16,33.29,33.45,33.29,33.45,32040086.0,1.0,0.652420821270691
2021-12-17,33.4,33.47,33.3,33.43,21971694.0,1.0,0.652420821270691
2021-12-20,33.45,33.45,33.32,33.41,20227874.0,1.0,0.652420821270691
2021-12-21,33.35,33.38,33.2,33.36,9723085.0,1.0,0.652420821270691
2021-12-22,33.38,33.4,33.28,33.3,8543897.0,1.0,0.652420821270691
2021-12-23,33.36,33.4,33.34,33.34,6095515.0,1.0,0.652420821270691
2021-12-24,33.41,33.46,33.29,33.29,9653717.0,1.0,0.652420821270691
2021-12-27,33.3,33.4,33.3,33.38,11201779.0,1.0,0.652420821270691
2021-12-28,33.46,33.6,33.45,33.56,18055025.0,1.0,0.652420821270691
2021-12-29,33.56,33.64,33.56,33.61,11094305.0,1.0,0.652420821270691
2021-12-30,33.64,33.65,33.57,33.58,8937879.0,1.0,0.652420821270691
2022-01-03,33.65,33.71,33.35,33.42,15530936.0,1.0,0.652420821270691
2022-01-04,33.42,33.5,33.39,33.41,8794918.0,1.0,0.652420821270691
2022-01-05,33.41,33.5,33.35,33.45,8753519.0,1.0,0.652420821270691
2022-01-06,33.4,33.5,33.31,33.41,14111185.0,1.0,0.652420821270691
2022-01-07,33.51,33.59,33.11,33.17,26021518.0,1.0,0.652420821270691
2022-01-10,33.25,33.3,33.12,33.27,10192455.0,1.0,0.652420821270691
2022-01-11,33.29,33.29,33.16,33.2,13994292.0,1.0,0.652420821270691
2022-01-12,33.31,33.38,33.05,33.1,21714458.0,1.0,0.652420821270691
2022-01-13,33.1,33.28,33.1,33.2,11159495.0,1.0,0.652420821270691
2022-01-14,33.22,33.22,32.86,33.15,27673276.0,1.0,0.652420821270691
2022-01-17,33.15,33.23,33.05,33.22,13122766.0,1.0,0.652420821270691
2022-01-18,33.28,33.52,33.24,33.45,32694225.0,1.0,0.652420821270691
2022-01-19,33.25,33.39,33.16,33.21,17417032.0,1.0,0.652420821270691
2022-01-20,33.2,33.38,33.18,33.36,12683938.0,1.0,0.652420821270691
2022-01-21,33.14,33.14,32.8,32.84,45772132.0,1.0,0.652420821270691
2022-01-24,32.63,32.72,32.26,32.72,33551885.0,1.0,0.652420821270691
2022-01-25,32.5,32.53,32.26,32.34,43001010.0,1.0,0.652420821270691
2022-01-26,32.34,32.55,32.33,32.4,20078670.0,1.0,0.652420821270691
2022-02-07,32.53,33.0,32.48,33.0,20463646.0,1.0,0.652420821270691
2022-02-08,33.06,33.31,33.04,33.3,18963931.0,1.0,0.652420821270691
2022-02-09,33.4,33.5,33.37,33.5,17732982.0,1.0,0.652420821270691
2022-02-10,33.6,33.6,33.41,33.49,11461962.0,1.0,0.652420821270691
2022-02-11,33.45,33.48,33.35,33.43,7638929.0,1.0,0.652420821270691
2022-02-14,33.3,33.3,33.05,33.13,17480599.0,1.0,0.652420821270691
2022-02-15,33.14,33.25,33.08,33.1,10328094.0,1.0,0.652420821270691
2022-02-16,33.35,33.4,33.11,33.27,22173640.0,1.0,0.652420821270691
2022-02-17,33.31,33.43,33.27,33.34,10135072.0,1.0,0.652420821270691
2022-02-18,33.26,33.5,33.13,33.5,12636486.0,1.0,0.652420821270691
2022-02-21,33.45,33.82,33.35,33.8,27189436.0,1.0,0.652420821270691
2022-02-22,33.73,33.73,33.21,33.49,23337662.0,1.0,0.652420821270691
2022-02-23,33.52,33.76,33.52,33.75,12105068.0,1.0,0.652420821270691
2022-02-24,33.5,33.54,33.11,33.19,25673983.0,1.0,0.652420821270691
2022-02-25,33.29,33.48,33.15,33.33,14180234.0,1.0,0.652420821270691
2022-03-01,33.4,33.88,33.4,33.88,26128835.0,1.0,0.652420821270691
2022-03-02,33.88,34.01,33.74,33.97,16406554.0,1.0,0.652420821270691
2022-03-03,34.15,34.25,34.07,34.22,22814942.0,1.0,0.652420821270691
2022-03-04,34.01,34.35,33.97,34.04,17161636.0,1.0,0.652420821270691
2022-03-07,33.83,33.84,33.18,33.45,41804418.0,1.0,0.652420821270691
2022-03-08,33.12,33.37,32.75,33.0,36937661.0,1.0,0.652420821270691
2022-03-09,33.22,33.38,33.18,33.36,10929094.0,1.0,0.652420821270691
2022-03-10,33.79,33.96,33.75,33.89,16371839.0,1.0,0.652420821270691
2022-03-11,33.89,33.95,33.81,33.9,10166375.0,1.0,0.652420821270691
2022-03-14,33.93,34.15,33.93,34.13,13850545.0,1.0,0.652420821270691
2022-03-15,34.15,34.16,33.75,33.78,14124694.0,1.0,0.652420821270691
2022-03-16,34.01,34.07,33.39,33.71,20568298.0,1.0,0.652420821270691
2022-03-17,34.01,34.06,33.8,34.01,10266824.0,1.0,0.652420821270691
2022-03-18,34.03,34.03,33.8,33.9,8153964.0,1.0,0.652420821270691
2022-03-21,33.9,34.0,33.9,33.95,6134491.0,1.0,0.652420821270691
2022-03-22,33.95,33.96,33.85,33.87,6059121.0,1.0,0.652420821270691
2022-03-23,33.95,34.01,33.92,33.96,6330810.0,1.0,0.652420821270691
2022-03-24,33.96,33.99,33.87,33.96,4318371.0,1.0,0.652420821270691
2022-03-25,33.99,33.99,33.76,33.81,9770588.0,1.0,0.652420821270691
2022-03-28,33.53,33.78,33.38,33.78,18838879.0,1.0,0.652420821270691
2022-03-29,33.8,33.83,33.61,33.64,9096579.0,1.0,0.652420821270691
2022-03-30,33.81,33.81,33.54,33.7,10544335.0,1.0,0.652420821270691
2022-03-31,33.7,33.71,33.61,33.63,6235135.0,1.0,0.652420821270691
2022-04-01,33.46,33.55,33.28,33.55,11414177.0,1.0,0.652420821270691
2022-04-06,33.51,33.51,33.28,33.47,21746421.0,1.0,0.652420821270691
2022-04-07,33.31,33.35,32.9,32.9,55301082.0,1.0,0.652420821270691
2022-04-08,33.05,33.18,32.98,33.17,14919307.0,1.0,0.652420821270691
2022-04-11,33.23,33.25,32.74,32.81,37694479.0,1.0,0.652420821270691
2022-04-12,32.72,32.79,32.51,32.69,35677722.0,1.0,0.652420821270691
2022-04-13,32.75,33.11,32.75,33.11,10523833.0,1.0,0.652420821270691
2022-04-14,33.18,33.19,33.05,33.07,6570247.0,1.0,0.652420821270691
2022-04-15,32.91,32.98,32.8,32.9,12880053.0,1.0,0.652420821270691
2022-04-18,32.8,32.81,32.58,32.68,23170195.0,1.0,0.652420821270691
2022-04-19,32.72,32.95,32.72,32.85,5595949.0,1.0,0.652420821270691
2022-04-20,32.87,32.93,32.7,32.83,8330132.0,1.0,0.652420821270691
2022-04-21,32.92,33.0,32.83,32.9,5763901.0,1.0,0.652420821270691
2022-04-22,32.66,32.82,32.61,32.78,8919597.0,1.0,0.652420821270691
2022-04-25,32.36,32.36,31.91,32.03,60947216.0,1.0,0.652420821270691
2022-04-26,32.11,32.15,31.89,31.93,28779840.0,1.0,0.652420821270691
2022-04-27,31.34,31.54,31.16,31.48,37740132.0,1.0,0.652420821270691
2022-04-28,31.55,31.72,31.39,31.72,15918179.0,1.0,0.652420821270691
2022-04-29,31.99,32.05,31.86,32.01,10718600.0,1.0,0.652420821270691
2022-05-03,32.01,32.1,31.84,32.09,8457957.0,1.0,0.652420821270691
2022-05-04,32.09,32.32,32.09,32.31,5705558.0,1.0,0.652420821270691
2022-05-05,32.5,32.63,32.4,32.54,8784436.0,1.0,0.652420821270691
2022-05-06,31.95,32.25,31.89,32.25,15199748.0,1.0,0.652420821270691
2022-05-09,31.92,31.93,31.57,31.57,26344029.0,1.0,0.652420821270691
2022-05-10,31.18,31.67,31.08,31.65,18466204.0,1.0,0.652420821270691
2022-05-11,31.46,31.5,31.14,31.17,29647565.0,1.0,0.652420821270691
2022-05-12,31.05,31.1,30.62,30.63,38172733.0,1.0,0.652420821270691
2022-05-13,30.7,30.86,30.65,30.8,19693063.0,1.0,0.652420821270691
2022-05-16,30.99,31.0,30.54,30.72,30261427.0,1.0,0.652420821270691
2022-05-17,30.8,30.83,30.66,30.69,15703736.0,1.0,0.652420821270691
2022-05-18,30.78,31.01,30.75,31.01,12078001.0,1.0,0.652420821270691
2022-05-19,30.51,30.69,30.44,30.68,22405166.0,1.0,0.652420821270691
2022-05-20,30.69,30.84,30.69,30.72,8140960.0,1.0,0.652420821270691
2022-05-23,30.81,30.92,30.75,30.86,8200030.0,1.0,0.652420821270691
2022-05-24,30.87,30.93,30.65,30.7,10863242.0,1.0,0.652420821270691
2022-05-25,30.71,30.91,30.69,30.88,6495344.0,1.0,0.652420821270691
2022-05-26,31.0,31.06,30.73,30.8,12145015.0,1.0,0.652420821270691
2022-05-27,30.95,31.13,30.92,31.08,6364381.0,1.0,0.652420821270691
2022-05-30,31.39,31.49,31.33,31.43,10635180.0,1.0,0.652420821270691
2022-05-31,31.44,31.44,31.19,31.4,6849157.0,1.0,0.652420821270691
2022-06-01,31.4,31.6,31.38,31.52,4717890.0,1.0,0.652420821270691
2022-06-02,31.39,31.46,31.29,31.4,5838502.0,1.0,0.652420821270691
2022-06-06,31.38,31.52,31.24,31.48,11936646.0,1.0,0.652420821270691
2022-06-07,31.41,31.47,31.31,31.44,8228884.0,1.0,0.652420821270691
2022-06-08,31.6,31.62,31.53,31.6,5989454.0,1.0,0.652420821270691
2022-06-09,31.45,31.45,31.3,31.3,11455907.0,1.0,0.652420821270691
2022-06-10,31.05,31.13,30.96,31.08,13028804.0,1.0,0.652420821270691
2022-06-13,30.52,30.57,30.39,30.51,44085447.0,1.0,0.652420821270691
2022-06-14,30.27,30.48,30.16,30.48,28105683.0,1.0,0.652420821270691
2022-06-15,30.33,30.5,30.26,30.39,16457372.0,1.0,0.652420821270691
2022-06-16,30.54,30.6,29.89,29.94,64866086.0,1.0,0.652420821270691
2022-06-17,29.66,29.72,29.35,29.62,53659039.0,1.0,0.652420821270691
2022-06-20,29.62,29.64,28.82,28.87,62693560.0,1.0,0.652420821270691
2022-06-21,29.0,29.3,28.87,29.28,19744129.0,1.0,0.652420821270691
2022-06-22,29.24,29.25,28.48,28.5,51667680.0,1.0,0.652420821270691
2022-06-23,28.54,28.62,27.91,28.05,56015311.0,1.0,0.652420821270691
2022-06-24,28.23,28.4,28.02,28.1,25121941.0,1.0,0.652420821270691
2022-06-27,28.52,28.92,28.5,28.86,22348067.0,1.0,0.652420821270691
2022-06-28,28.74,28.74,28.35,28.53,23401496.0,1.0,0.652420821270691
2022-06-29,28.29,28.39,28.1,28.14,24943431.0,1.0,0.652420821270691
2022-06-30,28.0,28.0,27.47,27.56,62073146.0,1.0,0.652420821270691
2022-07-01,27.5,27.55,26.77,26.81,74307501.0,1.0,0.652420821270691
2022-07-04,26.81,27.05,26.49,26.68,44496983.0,1.0,0.652420821270691
2022-07-05,26.99,27.19,26.5,26.96,31543555.0,1.0,0.652420821270691
2022-07-06,26.94,26.96,26.3,26.32,65783478.0,1.0,0.652420821270691
2022-07-07,26.36,26.79,26.14,26.76,31643052.0,1.0,0.652420821270691
2022-07-08,27.03,27.41,27.0,27.25,30533497.0,1.0,0.652420821270691
2022-07-11,27.36,27.42,27.1,27.25,17570276.0,1.0,0.652420821270691
2022-07-12,26.85,26.85,26.41,26.62,39669073.0,1.0,0.652420821270691
2022-07-13,27.21,27.25,27.05,27.08,30798587.0,1.0,0.652420821270691
2022-07-14,26.96,27.24,26.78,27.18,14228581.0,1.0,0.652420821270691
2022-07-15,27.18,27.22,26.97,27.09,20488431.0,1.0,0.652420821270691
2022-07-18,27.23,27.48,27.1,27.48,19495244.0,1.0,0.652420821270691
2022-07-19,27.41,27.69,27.31,27.68,10965309.0,1.0,0.652420821270691
2022-07-20,28.0,28.1,27.95,28.0,20868295.0,1.0,0.652420821270691
2022-07-21,28.06,28.38,28.0,28.38,12791005.0,1.0,0.652420821270691
2022-07-22,28.49,28.49,28.29,28.4,16289049.0,1.0,0.652420821270691
2022-07-25,28.29,28.37,28.1,28.33,13062325.0,1.0,0.652420821270691
2022-07-26,28.22,28.26,28.01,28.12,18358263.0,1.0,0.652420821270691
2022-07-27,28.04,28.25,27.94,28.25,12820866.0,1.0,0.652420821270691
2022-07-28,28.48,28.48,28.13,28.18,19330744.0,1.0,0.652420821270691
2022-07-29,28.36,28.55,28.36,28.55,19122191.0,1.0,0.652420821270691
2022-08-01,28.62,28.78,28.36,28.76,14217329.0,1.0,0.652420821270691
2022-08-02,28.42,28.48,28.26,28.45,34600396.0,1.0,0.652420821270691
2022-08-03,28.39,28.45,28.24,28.44,19272355.0,1.0,0.652420821270691
2022-08-04,28.43,28.45,28.13,28.43,26484009.0,1.0,0.652420821270691
2022-08-05,28.54,28.87,28.54,28.87,22462110.0,1.0,0.652420821270691
2022-08-08,28.75,28.88,28.57,28.87,18869632.0,1.0,0.652420821270691
2022-08-09,28.85,29.09,28.73,29.07,15374825.0,1.0,0.652420821270691
2022-08-10,28.82,28.91,28.77,28.81,21114714.0,1.0,0.652420821270691
2022-08-11,29.08,29.15,29.06,29.12,16406795.0,1.0,0.652420821270691
2022-08-12,29.14,29.3,29.11,29.3,11430658.0,1.0,0.652420821270691
2022-08-15,29.32,29.32,29.11,29.22,22996317.0,1.0,0.652420821270691
2022-08-16,29.21,29.25,29.11,29.24,18022640.0,1.0,0.652420821270691
2022-08-17,29.23,29.28,29.16,29.28,10449040.0,1.0,0.652420821270691
2022-08-18,29.19,29.29,29.08,29.29,11971122.0,1.0,0.652420821270691
2022-08-19,29.29,29.45,29.21,29.42,11003484.0,1.0,0.652420821270691
2022-08-22,29.19,29.28,29.09,29.25,23381789.0,1.0,0.652420821270691
2022-08-23,29.07,29.09,28.9,28.93,38898079.0,1.0,0.652420821270691
2022-08-24,28.98,29.02,28.76,28.8,26947097.0,1.0,0.652420821270691
2022-08-25,28.91,29.04,28.85,28.94,11327238.0,1.0,0.652420821270691
2022-08-26,29.1,29.16,29.03,29.1,14480033.0,1.0,0.652420821270691
2022-08-29,28.44,28.52,28.29,28.45,53315667.0,1.0,0.652420821270691
2022-08-30,28.47,28.68,28.44,28.67,21516300.0,1.0,0.652420821270691
2022-08-31,28.5,28.79,28.43,28.79,21591324.0,1.0,0.652420821270691
2022-09-01,28.49,28.51,28.32,28.44,33955732.0,1.0,0.652420821270691
2022-09-02,28.4,28.45,28.1,28.1,38603398.0,1.0,0.652420821270691
2022-09-05,28.06,28.2,27.96,28.18,25707885.0,1.0,0.652420821270691
2022-09-06,28.25,28.3,28.01,28.08,29900310.0,1.0,0.652420821270691
2022-09-07,28.0,28.0,27.78,27.9,31677680.0,1.0,0.652420821270691
2022-09-08,28.02,28.28,27.83,28.25,14662560.0,1.0,0.652420821270691
2022-09-12,28.48,28.62,28.4,28.56,13903904.0,1.0,0.652420821270691
2022-09-13,28.66,28.75,28.64,28.71,11196273.0,1.0,0.652420821270691
2022-09-14,28.16,28.37,28.11,28.35,19627900.0,1.0,0.652420821270691
2022-09-15,28.34,28.65,28.31,28.59,9308364.0,1.0,0.652420821270691
2022-09-16,28.39,28.41,28.2,28.28,26873076.0,1.0,0.652420821270691
2022-09-19,28.41,28.41,28.06,28.06,23122441.0,1.0,0.652420821270691
2022-09-20,28.18,28.22,27.94,27.98,30712238.0,1.0,0.652420821270691
2022-09-21,27.97,27.97,27.54,27.64,46998178.0,1.0,0.652420821270691
2022-09-22,27.35,27.35,27.05,27.17,49685863.0,1.0,0.652420821270691
2022-09-23,27.13,27.28,27.0,27.06,34900666.0,1.0,0.652420821270691
2022-09-26,26.8,26.83,26.19,26.33,104865685.0,1.0,0.652420821270691
2022-09-27,26.33,26.47,26.16,26.33,43346762.0,1.0,0.652420821270691
2022-09-28,26.34,26.37,25.79,25.83,86786671.0,1.0,0.652420821270691
2022-09-29,26.09,26.11,25.71,25.81,46169612.0,1.0,0.652420821270691
2022-09-30,25.61,25.78,25.47,25.78,46215204.0,1.0,0.652420821270691
2022-10-03,25.54,25.76,25.46,25.67,36723381.0,1.0,0.652420821270691
2022-10-04,26.25,26.28,25.96,26.27,114288475.0,1.0,0.652420821270691
2022-10-05,26.57,26.72,26.48,26.62,108705441.0,1.0,0.652420821270691
2022-10-06,26.63,26.63,26.48,26.57,64478159.0,1.0,0.652420821270691
2022-10-07,26.45,26.45,26.27,26.28,75751249.0,1.0,0.652420821270691
2022-10-11,25.9,25.98,25.75,25.85,103040566.0,1.0,0.652420821270691
2022-10-12,25.83,25.91,25.62,25.82,73354089.0,1.0,0.652420821270691
2022-10-13,25.81,25.86,25.5,25.53,73477324.0,1.0,0.652420821270691
2022-10-14,25.97,26.06,25.8,25.91,54389495.0,1.0,0.652420821270691
2022-10-17,25.73,25.79,25.33,25.77,145478621.0,1.0,0.652420821270691
2022-10-18,26.07,26.09,25.66,25.84,149537572.0,1.0,0.652420821270691
2022-10-19,23.93,24.08,23.7,23.95,181769611.0,0.9187306501547987,0.7101328568506595
2022-10-20,23.82,23.82,23.36,23.65,103398774.0,1.0,0.7101328568506595
2022-10-21,23.71,23.81,23.58,23.58,44523766.0,1.0,0.7101328568506595
2022-10-24,23.88,23.94,23.68,23.69,30018617.0,1.0,0.7101328568506595
2022-10-25,23.71,23.75,23.36,23.4,52904756.0,1.0,0.7101328568506595
2022-10-26,23.41,23.5,23.28,23.41,32375041.0,1.0,0.7101328568506595
2022-10-27,23.48,23.59,23.43,23.58,20434565.0,1.0,0.7101328568506595
2022-10-28,23.56,23.56,23.29,23.31,36164505.0,1.0,0.7101328568506595
2022-10-31,23.52,23.53,23.37,23.48,17018710.0,1.0,0.7101328568506595
2022-11-01,23.5,23.59,23.45,23.55,17674500.0,1.0,0.7101328568506595
2022-11-02,23.57,23.69,23.55,23.67,13399369.0,1.0,0.7101328568506595
2022-11-03,23.42,23.6,23.34,23.58,18885110.0,1.0,0.7101328568506595
2022-11-04,23.5,23.65,23.39,23.64,19682507.0,1.0,0.7101328568506595
2022-11-07,23.78,24.08,23.78,24.06,31677777.0,1.0,0.7101328568506595
2022-11-08,24.26,24.35,24.18,24.23,33695268.0,1.0,0.7101328568506595
2022-11-09,24.4,24.62,24.38,24.61,33363482.0,1.0,0.7101328568506595
2022-11-10,24.58,24.59,24.5,24.53,18845997.0,1.0,0.7101328568506595
2022-11-11,25.3,25.34,24.9,25.0,39084604.0,1.0,0.7101328568506595
2022-11-14,25.1,25.43,25.09,25.42,43667980.0,1.0,0.7101328568506595
2022-11-15,25.42,25.56,25.27,25.55,40312056.0,1.0,0.7101328568506595
2022-11-16,25.6,25.64,25.38,25.53,39756523.0,1.0,0.7101328568506595
2022-11-17,25.5,25.6,25.3,25.58,28705386.0,1.0,0.7101328568506595
2022-11-18,25.63,25.74,25.4,25.43,23536689.0,1.0,0.7101328568506595
2022-11-21,25.43,25.47,25.21,25.22,20833325.0,1.0,0.7101328568506595
2022-11-22,25.22,25.22,25.05,25.1,19736450.0,1.0,0.7101328568506595
2022-11-23,25.22,25.33,25.22,25.3,12474781.0,1.0,0.7101328568506595
2022-11-24,25.4,25.54,25.38,25.54,16107796.0,1.0,0.7101328568506595
2022-11-25,25.57,25.65,25.5,25.52,20108679.0,1.0,0.7101328568506595
2022-11-28,25.32,25.42,25.17,25.32,26451802.0,1.0,0.7101328568506595
2022-11-29,25.3,25.5,25.18,25.47,16102007.0,1.0,0.7101328568506595
2022-11-30,25.48,25.66,25.46,25.65,20374247.0,1.0,0.7101328568506595
2022-12-01,25.85,25.97,25.76,25.82,29969588.0,1.0,0.7101328568506595
2022-12-02,25.79,25.8,25.67,25.73,16416569.0,1.0,0.7101328568506595
2022-12-05,25.73,25.95,25.73,25.87,21764889.0,1.0,0.7101328568506595
2022-12-06,25.87,25.87,25.6,25.61,32699363.0,1.0,0.7101328568506595
2022-12-07,25.52,25.58,25.33,25.44,27415598.0,1.0,0.7101328568506595
2022-12-08,25.42,25.42,25.17,25.29,23188831.0,1.0,0.7101328568506595
2022-12-09,25.41,25.52,25.4,25.51,12305807.0,1.0,0.7101328568506595
2022-12-12,25.45,25.5,25.26,25.5,14714212.0,1.0,0.7101328568506595
2022-12-13,25.53,25.62,25.5,25.53,13993465.0,1.0,0.7101328568506595
2022-12-14,25.56,25.72,25.56,25.68,11454095.0,1.0,0.7101328568506595
2022-12-15,25.68,25.79,25.63,25.7,14186994.0,1.0,0.7101328568506595
2022-12-16,25.46,25.78,25.37,25.7,30005466.0,1.0,0.7101328568506595
2022-12-19,25.69,25.81,25.58,25.73,13486811.0,1.0,0.7101328568506595
2022-12-20,25.69,25.72,25.29,25.3,31412889.0,1.0,0.7101328568506595
2022-12-21,25.35,25.4,25.31,25.34,12111056.0,1.0,0.7101328568506595
2022-12-22,25.5,25.69,25.48,25.67,10953757.0,1.0,0.7101328568506595
2022-12-23,25.49,25.61,25.41,25.6,8332974.0,1.0,0.7101328568506595
2022-12-26,25.6,25.63,25.52,25.58,12787131.0,1.0,0.7101328568506595
2022-12-27,25.6,25.7,25.6,25.63,8137307.0,1.0,0.7101328568506595
2022-12-28,25.55,25.55,25.3,25.38,27215693.0,1.0,0.7101328568506595
2022-12-29,25.22,25.36,25.09,25.29,19445546.0,1.0,0.7101328568506595
2022-12-30,25.46,25.5,25.4,25.4,8002875.0,1.0,0.7101328568506595
2023-01-03,25.28,25.5,25.19,25.49,14697328.0,1.0,0.7101328568506595
2023-01-04,25.49,25.55,25.41,25.45,11096326.0,1.0,0.7101328568506595
2023-01-05,25.55,25.6,25.43,25.46,11847142.0,1.0,0.7101328568506595
2023-01-06,25.45,25.68,25.45,25.66,17681355.0,1.0,0.7101328568506595
2023-01-09,25.9,25.96,25.8,25.94,33738588.0,1.0,0.7101328568506595
2023-01-10,25.98,26.07,25.97,26.06,24159176.0,1.0,0.7101328568506595
2023-01-11,26.07,26.15,26.06,26.07,13044478.0,1.0,0.7101328568506595
2023-01-12,26.08,26.11,25.92,25.99,12532852.0,1.0,0.7101328568506595
2023-01-13,26.05,26.12,25.98,25.98,14995414.0,1.0,0.7101328568506595
2023-01-16,26.05,26.07,26.0,26.02,19646580.0,1.0,0.7101328568506595
2023-01-17,26.04,26.07,26.01,26.06,11517923.0,1.0,0.7101328568506595
2023-01-30,26.47,26.55,26.4,26.53,36670683.0,1.0,0.7101328568506595
2023-01-31,26.55,26.68,26.53,26.54,24540865.0,1.0,0.7101328568506595
2023-02-01,26.6,26.68,26.59,26.67,16136394.0,1.0,0.7101328568506595
2023-02-02,26.81,27.0,26.78,26.99,27994766.0,1.0,0.7101328568506595
2023-02-03,27.0,27.05,26.85,27.0,19933183.0,1.0,0.7101328568506595
2023-02-06,26.98,26.98,26.85,26.92,29012613.0,1.0,0.7101328568506595
2023-02-07,26.91,26.96,26.85,26.94,11749214.0,1.0,0.7101328568506595
2023-02-08,27.03,27.17,27.02,27.15,18358328.0,1.0,0.7101328568506595
2023-02-09,27.14,27.17,27.04,27.15,11851284.0,1.0,0.7101328568506595
2023-02-10,27.15,27.15,26.97,27.02,21079717.0,1.0,0.7101328568506595
2023-02-13,26.99,27.01,26.82,26.97,21046591.0,1.0,0.7101328568506595
2023-02-14,27.01,27.15,27.01,27.13,11507347.0,1.0,0.7101328568506595
2023-02-15,27.13,27.16,27.03,27.05,16108083.0,1.0,0.7101328568506595
2023-02-16,27.07,27.35,27.07,27.33,31021361.0,1.0,0.7101328568506595
2023-02-17,27.23,27.25,27.17,27.24,14818392.0,1.0,0.7101328568506595
2023-02-20,27.27,27.42,27.25,27.41,17239749.0,1.0,0.7101328568506595
2023-02-21,27.41,27.55,27.36,27.53,29201103.0,1.0,0.7101328568506595
2023-02-22,27.38,27.42,27.24,27.4,26061795.0,1.0,0.7101328568506595
2023-02-23,27.4,27.78,27.4,27.74,36632142.0,1.0,0.7101328568506595
2023-02-24,27.77,27.85,27.65,27.67,44514038.0,1.0,0.7101328568506595
2023-03-01,27.58,27.72,27.42,27.72,20105562.0,1.0,0.7101328568506595
2023-03-02,27.73,27.79,27.57,27.78,12311076.0,1.0,0.7101328568506595
2023-03-03,27.85,28.0,27.85,27.95,16442144.0,1.0,0.7101328568506595
2023-03-06,28.07,28.3,28.07,28.25,24351495.0,1.0,0.7101328568506595
2023-03-07,28.29,28.4,28.2,28.38,16092974.0,1.0,0.7101328568506595
2023-03-08,28.29,28.37,28.18,28.37,21829363.0,1.0,0.7101328568506595
2023-03-09,28.37,28.38,28.21,28.24,19961989.0,1.0,0.7101328568506595
2023-03-10,28.0,28.01,27.83,27.86,41886499.0,1.0,0.7101328568506595
2023-03-13,27.7,27.96,27.55,27.93,46914192.0,1.0,0.7101328568506595
2023-03-14,27.73,27.79,27.6,27.66,27208830.0,1.0,0.7101328568506595
2023-03-15,27.81,27.92,27.66,27.66,20343991.0,1.0,0.7101328568506595
2023-03-16,27.57,27.6,27.4,27.5,37894030.0,1.0,0.7101328568506595
2023-03-17,27.55,27.76,27.54,27.76,21014063.0,1.0,0.7101328568506595
2023-03-20,27.77,27.81,27.7,27.76,17688222.0,1.0,0.7101328568506595
2023-03-21,27.8,27.9,27.8,27.84,10477157.0,1.0,0.7101328568506595
2023-03-22,27.91,28.08,27.91,28.05,19083942.0,1.0,0.7101328568506595
2023-03-23,28.03,28.21,28.03,28.12,17215730.0,1.0,0.7101328568506595
2023-03-24,28.16,28.28,28.12,28.26,25079572.0,1.0,0.7101328568506595
2023-03-27,28.26,28.37,28.2,28.31,25965592.0,1.0,0.7101328568506595
2023-03-28,28.31,28.33,28.05,28.06,23111491.0,1.0,0.7101328568506595
2023-03-29,28.06,28.23,28.05,28.15,12298079.0,1.0,0.7101328568506595
2023-03-30,28.28,28.32,28.2,28.29,19920889.0,1.0,0.7101328568506595
2023-03-31,28.37,28.55,28.37,28.43,26477094.0,1.0,0.7101328568506595
2023-04-06,28.43,28.47,28.28,28.47,21595887.0,1.0,0.7101328568506595
2023-04-07,28.48,28.52,28.41,28.43,10948603.0,1.0,0.7101328568506595
2023-04-10,28.45,28.52,28.42,28.5,13134092.0,1.0,0.7101328568506595
2023-04-11,28.5,28.72,28.5,28.7,16691958.0,1.0,0.7101328568506595
2023-04-12,28.7,28.85,28.7,28.85,14178009.0,1.0,0.7101328568506595
2023-04-13,28.85,28.85,28.7,28.71,20849338.0,1.0,0.7101328568506595
2023-04-14,28.71,28.76,28.64,28.74,12394017.0,1.0,0.7101328568506595
2023-04-17,28.74,28.82,28.72,28.8,14936886.0,1.0,0.7101328568506595
2023-04-18,28.83,28.85,28.61,28.67,17759658.0,1.0,0.7101328568506595
2023-04-19,28.67,28.74,28.53,28.55,12559901.0,1.0,0.7101328568506595
2023-04-20,28.48,28.52,28.37,28.43,14012295.0,1.0,0.7101328568506595
2023-04-21,28.43,28.5,28.16,28.19,23096921.0,1.0,0.7101328568506595
2023-04-24,28.18,28.31,28.08,28.27,11310486.0,1.0,0.7101328568506595
2023-04-25,28.3,28.33,27.74,27.8,60846403.0,1.0,0.7101328568506595
2023-04-26,27.7,27.84,27.61,27.84,27630253.0,1.0,0.7101328568506595
2023-04-27,27.85,28.11,27.77,28.02,11687702.0,1.0,0.7101328568506595
2023-04-28,28.18,28.25,28.13,28.23,9788742.0,1.0,0.7101328568506595
2023-05-02,28.25,28.44,28.2,28.44,14076807.0,1.0,0.7101328568506595
2023-05-03,28.38,28.42,28.28,28.42,11700143.0,1.0,0.7101328568506595
2023-05-04,28.34,28.45,28.28,28.45,8375431.0,1.0,0.7101328568506595
2023-05-05,28.45,28.49,28.43,28.47,8817163.0,1.0,0.7101328568506595
2023-05-08,28.52,28.69,28.52,28.67,16391243.0,1.0,0.7101328568506595
2023-05-09,28.67,28.69,28.53,28.64,10167712.0,1.0,0.7101328568506595
2023-05-10,28.64,28.65,28.5,28.54,10875547.0,1.0,0.7101328568506595
2023-05-11,28.54,28.57,28.38,28.4,13333884.0,1.0,0.7101328568506595
2023-05-12,28.37,28.47,28.19,28.45,10622823.0,1.0,0.7101328568506595
2023-05-15,28.41,28.45,28.3,28.42,13211147.0,1.0,0.7101328568506595
2023-05-16,28.43,28.71,28.43,28.65,21669927.0,1.0,0.7101328568506595
2023-05-17,28.65,28.83,28.62,28.76,25797921.0,1.0,0.7101328568506595
2023-05-18,28.85,29.11,28.85,29.05,44743854.0,1.0,0.7101328568506595
2023-05-19,29.13,29.35,29.08,29.31,37934460.0,1.0,0.7101328568506595
2023-05-22,29.32,29.44,29.31,29.35,22525446.0,1.0,0.7101328568506595
2023-05-23,29.37,29.44,29.24,29.37,19031332.0,1.0,0.7101328568506595
2023-05-24,29.33,29.44,29.26,29.43,15983319.0,1.0,0.7101328568506595
2023-05-25,29.7,29.82,29.59,29.78,30291319.0,1.0,0.7101328568506595
2023-05-26,29.91,30.25,29.91,30.13,53075246.0,1.0,0.7101328568506595
2023-05-29,30.6,30.74,30.55,30.65,61312963.0,1.0,0.7101328568506595
2023-05-30,30.69,30.76,30.44,30.52,36387462.0,1.0,0.7101328568506595
2023-05-31,30.52,30.6,30.43,30.49,21188282.0,1.0,0.7101328568506595
2023-06-01,30.47,30.47,30.35,30.47,15794244.0,1.0,0.7101328568506595
2023-06-02,30.6,31.14,30.6,30.93,46006587.0,1.0,0.7101328568506595
2023-06-05,30.95,31.13,30.88,31.1,28543441.0,1.0,0.7101328568506595
2023-06-06,31.1,31.21,31.01,31.15,25845612.0,1.0,0.7101328568506595
2023-06-07,31.16,31.5,31.16,31.46,24678209.0,1.0,0.7101328568506595
2023-06-08,31.46,31.48,31.22,31.24,33341307.0,1.0,0.7101328568506595
2023-06-09,31.4,31.8,31.4,31.78,37668583.0,1.0,0.7101328568506595
2023-06-12,31.85,32.05,31.69,31.78,52764018.0,1.0,0.7101328568506595
2023-06-13,31.96,32.25,31.95,32.2,67258490.0,1.0,0.7101328568506595
2023-06-14,32.2,32.46,32.17,32.32,41413881.0,1.0,0.7101328568506595
2023-06-15,32.45,32.8,32.45,32.69,50509421.0,1.0,0.7101328568506595
2023-06-16,32.77,32.99,32.52,32.78,39698750.0,1.0,0.7101328568506595
2023-06-19,32.77,32.79,32.6,32.73,28448024.0,1.0,0.7101328568506595
2023-06-20,32.68,32.69,32.35,32.48,36531305.0,1.0,0.7101328568506595
2023-06-21,32.48,32.87,32.43,32.83,32084430.0,1.0,0.7101328568506595
2023-06-26,32.7,32.8,32.5,32.77,26069241.0,1.0,0.7101328568506595
2023-06-27,32.64,32.64,32.13,32.18,50236406.0,1.0,0.7101328568506595
2023-06-28,32.28,32.48,32.28,32.3,19239805.0,1.0,0.7101328568506595
2023-06-29,32.47,32.67,32.4,32.53,20873353.0,1.0,0.7101328568506595
2023-06-30,32.53,32.67,32.42,32.67,15822537.0,1.0,0.7101328568506595
2023-07-03,32.89,33.33,32.89,33.24,41875917.0,1.0,0.7101328568506595
2023-07-04,33.51,34.0,33.45,33.91,78515279.0,1.0,0.7101328568506595
2023-07-05,33.99,33.99,33.53,33.71,61889050.0,1.0,0.7101328568506595
2023-07-06,33.42,33.74,33.25,33.34,72968085.0,1.0,0.7101328568506595
2023-07-07,33.17,33.3,32.87,33.08,67955574.0,1.0,0.7101328568506595
2023-07-10,33.08,33.33,33.08,33.18,38223790.0,1.0,0.7101328568506595
2023-07-11,33.42,33.82,33.42,33.8,41975847.0,1.0,0.7101328568506595
2023-07-12,33.95,34.35,33.93,34.3,68385686.0,1.0,0.7101328568506595
2023-07-13,34.85,35.46,34.62,34.82,122390269.0,1.0,0.7101328568506595
2023-07-14,35.35,35.6,34.88,35.54,112799327.0,1.0,0.7101328568506595
2023-07-17,35.55,35.96,35.55,35.94,128015843.0,1.0,0.7101328568506595
2023-07-18,35.64,35.7,34.61,35.11,99848847.0,0.9721758486366165,0.7304572087925788
2023-07-19,35.29,35.5,34.24,34.36,91098088.0,1.0,0.7304572087925788
2023-07-20,34.34,34.82,34.25,34.71,42508384.0,1.0,0.7304572087925788
2023-07-21,34.26,35.4,34.25,35.26,70716271.0,1.0,0.7304572087925788
2023-07-24,35.54,36.04,35.27,35.99,148950671.0,1.0,0.7304572087925788
2023-07-25,36.25,36.6,36.04,36.05,114776632.0,1.0,0.7304572087925788
2023-07-26,36.05,36.3,35.73,36.02,61247648.0,1.0,0.7304572087925788
2023-07-27,36.34,36.53,36.02,36.1,47529889.0,1.0,0.7304572087925788
2023-07-28,36.18,36.6,35.82,36.58,79647957.0,1.0,0.7304572087925788
2023-07-31,36.66,37.25,35.61,35.74,97223861.0,1.0,0.7304572087925788
2023-08-01,35.66,35.97,35.15,35.73,66592025.0,1.0,0.7304572087925788
2023-08-02,35.73,35.96,34.45,34.51,100972065.0,1.0,0.7304572087925788
2023-08-04,34.4,35.04,34.17,34.74,64508107.0,1.0,0.7304572087925788
2023-08-07,34.8,35.7,34.8,35.7,42350444.0,1.0,0.7304572087925788
2023-08-08,35.83,36.1,35.26,35.59,38218348.0,1.0,0.7304572087925788
2023-08-09,35.49,35.79,35.22,35.35,27534964.0,1.0,0.7304572087925788
2023-08-10,35.13,35.14,34.27,34.43,60837295.0,1.0,0.7304572087925788
2023-08-11,34.57,34.85,34.5,34.56,22348639.0,1.0,0.7304572087925788
2023-08-14,34.45,34.62,34.08,34.28,39188057.0,1.0,0.7304572087925788
2023-08-15,34.86,35.0,34.75,34.85,23861184.0,1.0,0.7304572087925788
2023-08-16,34.63,35.14,34.5,35.14,29769602.0,1.0,0.7304572087925788
2023-08-17,35.0,35.4,34.77,35.33,26834033.0,1.0,0.7304572087925788
2023-08-18,35.31,35.45,34.62,34.84,38406792.0,1.0,0.7304572087925788
2023-08-21,34.97,35.15,34.76,34.85,17023720.0,1.0,0.7304572087925788
2023-08-22,35.27,35.31,35.04,35.11,22352342.0,1.0,0.7304572087925788
2023-08-23,35.1,35.44,35.01,35.43,19941714.0,1.0,0.7304572087925788
2023-08-24,35.72,36.3,35.61,35.76,57369301.0,1.0,0.7304572087925788
2023-08-25,35.42,35.59,35.09,35.14,31813269.0,1.0,0.7304572087925788
2023-08-28,35.14,35.2,34.77,35.06,25932930.0,1.0,0.7304572087925788
2023-08-29,35.12,35.21,34.95,35.16,11968525.0,1.0,0.7304572087925788
2023-08-30,35.45,35.59,35.3,35.35,14829220.0,1.0,0.7304572087925788
2023-08-31,35.18,35.32,35.05,35.31,9798100.0,1.0,0.7304572087925788
2023-09-01,35.31,35.4,35.07,35.12,12469524.0,1.0,0.7304572087925788
2023-09-04,35.12,35.28,35.0,35.27,15260653.0,1.0,0.7304572087925788
2023-09-05,35.27,35.43,35.18,35.43,15638130.0,1.0,0.7304572087925788
2023-09-06,35.47,35.66,35.47,35.6,20479510.0,1.0,0.7304572087925788
2023-09-07,35.54,35.56,35.4,35.45,11302943.0,1.0,0.7304572087925788
2023-09-08,35.43,35.46,35.27,35.42,11055751.0,1.0,0.7304572087925788
2023-09-11,35.42,35.42,34.53,34.79,48515390.0,1.0,0.7304572087925788
2023-09-12,34.8,34.93,34.55,34.8,17968911.0,1.0,0.7304572087925788
2023-09-13,34.8,34.93,34.74,34.86,12190825.0,1.0,0.7304572087925788
2023-09-14,35.04,35.36,35.04,35.31,21529643.0,1.0,0.7304572087925788
2023-09-15,35.47,35.64,35.38,35.58,27244227.0,1.0,0.7304572087925788
2023-09-18,35.31,35.43,35.26,35.31,23833890.0,1.0,0.7304572087925788
2023-09-19,35.42,35.45,35.1,35.14,15566243.0,1.0,0.7304572087925788
2023-09-20,35.14,35.38,35.0,35.05,16603282.0,1.0,0.7304572087925788
2023-09-21,34.74,34.77,34.48,34.7,39240797.0,1.0,0.7304572087925788
2023-09-22,34.37,34.9,34.34,34.89,15405546.0,1.0,0.7304572087925788
2023-09-25,34.89,35.1,34.89,35.08,12904452.0,1.0,0.7304572087925788
2023-09-26,34.99,35.08,34.76,34.76,19927651.0,1.0,0.7304572087925788
2023-09-27,34.71,34.92,34.62,34.87,11153422.0,1.0,0.7304572087925788
2023-09-28,35.04,35.26,34.97,35.06,13338289.0,1.0,0.7304572087925788
2023-10-02,35.25,35.84,35.25,35.74,39949942.0,1.0,0.7304572087925788
2023-10-03,35.97,36.0,35.6,35.6,69470970.0,1.0,0.7304572087925788
2023-10-04,35.16,35.4,35.08,35.39,45639045.0,1.0,0.7304572087925788
2023-10-05,35.58,35.74,35.5,35.69,23705439.0,1.0,0.7304572087925788
2023-10-06,35.73,35.9,35.68,35.79,29996808.0,1.0,0.7304572087925788
2023-10-11,36.03,36.22,35.69,35.78,52560900.0,1.0,0.7304572087925788
2023-10-12,35.8,36.0,35.76,35.98,24896521.0,1.0,0.7304572087925788
2023-10-13,35.91,35.94,35.58,35.72,59696232.0,1.0,0.7304572087925788
2023-10-16,35.58,35.58,35.43,35.52,72791020.0,1.0,0.7304572087925788
2023-10-17,35.67,35.73,35.24,35.27,101406052.0,1.0,0.7304572087925788
2023-10-18,35.27,35.27,34.68,34.9,168641463.0,1.0,0.7304572087925788
2023-10-19,33.7,33.7,33.41,33.65,115494490.0,0.9656160458452722,0.7564675545062611
2023-10-20,33.25,33.49,33.0,33.4,60470953.0,1.0,0.7564675545062611
2023-10-23,33.15,33.35,33.06,33.08,44220850.0,1.0,0.7564675545062611
2023-10-24,33.08,33.47,32.99,33.47,25905750.0,1.0,0.7564675545062611
2023-10-25,33.61,33.69,33.53,33.62,21375462.0,1.0,0.7564675545062611
2023-10-26,32.99,33.18,32.92,33.1,60959949.0,1.0,0.7564675545062611
2023-10-27,33.14,33.32,33.07,33.13,18029839.0,1.0,0.7564675545062611
2023-10-30,33.15,33.31,33.11,33.23,13844304.0,1.0,0.7564675545062611
2023-10-31,33.34,33.35,32.64,32.69,53093468.0,1.0,0.7564675545062611
2023-11-01,32.82,32.9,32.68,32.89,17680375.0,1.0,0.7564675545062611
2023-11-02,33.26,33.55,33.26,33.52,20093755.0,1.0,0.7564675545062611
2023-11-03,33.75,33.76,33.63,33.69,14575602.0,1.0,0.7564675545062611
2023-11-06,33.92,34.25,33.92,34.24,26517411.0,1.0,0.7564675545062611
2023-11-07,34.24,34.24,34.03,34.23,12713582.0,1.0,0.7564675545062611
2023-11-08,34.27,34.69,34.27,34.54,24510974.0,1.0,0.7564675545062611
2023-11-09,34.54,34.6,34.45,34.55,16915146.0,1.0,0.7564675545062611
2023-11-10,34.48,34.48,34.33,34.43,15047571.0,1.0,0.7564675545062611
2023-11-13,34.69,34.73,34.48,34.54,15072111.0,1.0,0.7564675545062611
2023-11-14,34.65,34.73,34.58,34.68,22737440.0,1.0,0.7564675545062611
2023-11-15,34.97,35.15,34.78,34.83,38461349.0,1.0,0.7564675545062611
2023-11-16,34.89,34.96,34.7,34.77,19828612.0,1.0,0.7564675545062611
2023-11-17,34.77,34.92,34.77,34.82,17533416.0,1.0,0.7564675545062611
2023-11-20,34.86,34.9,34.76,34.9,17168991.0,1.0,0.7564675545062611
2023-11-21,35.15,35.34,35.15,35.3,50911668.0,1.0,0.7564675545062611
2023-11-22,35.16,35.16,34.97,35.05,20257570.0,1.0,0.7564675545062611
2023-11-23,35.05,35.07,34.88,34.97,13003170.0,1.0,0.7564675545062611
2023-11-24,34.97,35.01,34.93,34.94,9304389.0,1.0,0.7564675545062611
2023-11-27,34.96,34.99,34.72,34.75,25130493.0,1.0,0.7564675545062611
2023-11-28,34.79,34.95,34.76,34.9,11674533.0,1.0,0.7564675545062611
2023-11-29,34.9,35.18,34.9,35.09,22540506.0,1.0,0.7564675545062611
2023-11-30,35.09,35.11,34.94,35.08,11829019.0,1.0,0.7564675545062611
2023-12-01,35.07,35.16,34.98,35.13,16992308.0,1.0,0.7564675545062611
2023-12-04,35.2,35.29,35.17,35.19,16739928.0,1.0,0.7564675545062611
2023-12-05,35.1,35.1,34.92,35.05,19733232.0,1.0,0.7564675545062611
2023-12-06,35.19,35.38,35.19,35.31,29001618.0,1.0,0.7564675545062611
2023-12-07,35.3,35.41,35.19,35.25,16096014.0,1.0,0.7564675545062611
2023-12-08,35.57,35.59,35.4,35.42,19560828.0,1.0,0.7564675545062611
2023-12-11,35.59,35.62,35.42,35.47,14783388.0,1.0,0.7564675545062611
2023-12-12,35.65,35.67,35.56,35.58,25498739.0,1.0,0.7564675545062611
2023-12-13,35.77,36.06,35.77,36.06,60814678.0,1.0,0.7564675545062611
2023-12-14,36.47,36.55,36.38,36.55,51642419.0,1.0,0.7564675545062611
2023-12-15,36.63,36.7,36.35,36.36,29554677.0,1.0,0.7564675545062611
2023-12-18,36.35,36.44,36.12,36.38,24003381.0,1.0,0.7564675545062611
2023-12-19,36.38,36.38,35.92,36.1,29275593.0,1.0,0.7564675545062611
2023-12-20,36.13,36.58,36.13,36.57,31120000.0,1.0,0.7564675545062611
2023-12-21,36.25,36.36,36.1,36.33,18007318.0,1.0,0.7564675545062611
2023-12-22,36.38,36.43,36.3,36.37,21236072.0,1.0,0.7564675545062611
2023-12-25,36.45,36.67,36.45,36.65,29209177.0,1.0,0.7564675545062611
2023-12-26,36.7,37.0,36.68,37.0,40735026.0,1.0,0.7564675545062611
2023-12-27,37.14,37.42,37.14,37.42,53652287.0,1.0,0.7564675545062611
2023-12-28,37.43,37.54,37.27,37.33,30018610.0,1.0,0.7564675545062611
2023-12-29,37.33,37.47,37.25,37.4,21509629.0,1.0,0.7564675545062611
2024-01-02,37.45,37.5,37.0,37.17,35537298.0,1.0,0.7564675545062611
2024-01-03,37.0,37.0,36.59,36.68,87773322.0,1.0,0.7564675545062611
2024-01-04,36.65,36.75,36.55,36.59,35761413.0,1.0,0.7564675545062611
2024-01-05,36.6,36.77,36.51,36.55,30342640.0,1.0,0.7564675545062611
2024-01-08,36.67,36.86,36.53,36.57,38195402.0,1.0,0.7564675545062611
2024-01-09,36.78,36.85,36.45,36.49,31438890.0,1.0,0.7564675545062611
2024-01-10,36.4,36.4,36.18,36.24,39924734.0,1.0,0.7564675545062611
2024-01-11,36.25,36.41,36.24,36.39,27001143.0,1.0,0.7564675545062611
2024-01-12,36.33,36.4,36.19,36.33,35529586.0,1.0,0.7564675545062611
2024-01-15,36.42,36.62,36.36,36.42,59273765.0,1.0,0.7564675545062611
2024-01-16,36.45,36.46,36.09,36.37,129123068.0,1.0,0.7564675545062611
2024-01-17,35.63,35.63,35.17,35.19,130063501.0,0.9807533681605718,0.7713127265879652
2024-01-18,35.19,35.32,34.95,35.12,42061030.0,1.0,0.7713127265879652
2024-01-19,35.41,35.65,35.23,35.65,24764994.0,1.0,0.7713127265879652
2024-01-22,35.78,36.14,35.78,36.14,30891391.0,1.0,0.7713127265879652
2024-01-23,36.15,36.28,36.09,36.2,21334343.0,1.0,0.7713127265879652
2024-01-24,36.27,36.34,36.22,36.23,19364997.0,1.0,0.7713127265879652
2024-01-25,36.33,36.39,36.24,36.29,24252322.0,1.0,0.7713127265879652
2024-01-26,36.29,36.29,36.01,36.07,20740993.0,1.0,0.7713127265879652
2024-01-29,36.07,36.31,36.02,36.28,22427662.0,1.0,0.7713127265879652
2024-01-30,36.32,36.41,36.25,36.36,24343773.0,1.0,0.7713127265879652
2024-01-31,36.33,36.33,36.15,36.2,15693607.0,1.0,0.7713127265879652
2024-02-01,36.2,36.31,36.2,36.3,12024433.0,1.0,0.7713127265879652
2024-02-02,36.48,36.54,36.41,36.45,28249346.0,1.0,0.7713127265879652
2024-02-05,36.41,36.46,36.23,36.45,20356431.0,1.0,0.7713127265879652
2024-02-15,36.72,36.99,36.7,36.86,60823778.0,1.0,0.7713127265879652
2024-02-16,36.94,37.21,36.94,37.07,42509559.0,1.0,0.7713127265879652
2024-02-19,37.12,37.15,37.03,37.14,24001024.0,1.0,0.7713127265879652
2024-02-20,37.25,37.46,37.17,37.39,38447152.0,1.0,0.7713127265879652
2024-02-21,37.39,37.4,37.26,37.29,19447516.0,1.0,0.7713127265879652
2024-02-22,37.5,37.7,37.45,37.65,37518219.0,1.0,0.7713127265879652
2024-02-23,37.82,37.98,37.59,37.59,32016301.0,1.0,0.7713127265879652
2024-02-26,37.59,37.68,37.5,37.68,25614064.0,1.0,0.7713127265879652
2024-02-27,37.68,37.83,37.25,37.51,22779907.0,1.0,0.7713127265879652
2024-02-29,37.5,37.8,37.4,37.7,17928005.0,1.0,0.7713127265879652
2024-03-01,37.7,37.82,37.66,37.74,16985197.0,1.0,0.7713127265879652
2024-03-04,37.89,38.18,37.89,38.0,39839439.0,1.0,0.7713127265879652
2024-03-05,38.05,38.18,37.85,38.16,27963033.0,1.0,0.7713127265879652
2024-03-06,38.12,38.61,38.07,38.53,31150555.0,1.0,0.7713127265879652
2024-03-07,38.7,38.82,38.4,38.68,33014261.0,1.0,0.7713127265879652
2024-03-08,38.97,39.15,38.28,38.45,48578539.0,1.0,0.7713127265879652
2024-03-11,38.44,38.6,38.39,38.43,26629376.0,1.0,0.7713127265879652
2024-03-12,38.51,38.99,38.51,38.99,24100990.0,1.0,0.7713127265879652
2024-03-13,39.13,39.36,38.93,39.08,24276065.0,1.0,0.7713127265879652
2024-03-14,39.09,39.17,38.65,38.72,25577995.0,1.0,0.7713127265879652
2024-03-15,38.71,39.03,38.64,39.02,28781228.0,1.0,0.7713127265879652
2024-03-18,39.06,39.36,39.04,39.36,30177556.0,1.0,0.7713127265879652
2024-03-19,39.36,39.75,39.26,39.7,28091374.0,1.0,0.7713127265879652
2024-03-20,39.84,40.15,39.56,39.63,28962368.0,1.0,0.7713127265879652
2024-03-21,39.94,39.95,39.65,39.93,19003280.0,1.0,0.7713127265879652
2024-03-22,39.93,40.08,39.7,39.8,28192993.0,1.0,0.7713127265879652
2024-03-25,39.82,39.9,39.6,39.62,20922299.0,1.0,0.7713127265879652
2024-03-26,39.6,39.84,38.8,39.24,32556344.0,1.0,0.7713127265879652
2024-03-27,39.24,39.61,39.15,39.55,14207399.0,1.0,0.7713127265879652
2024-03-28,39.55,39.78,39.4,39.74,15720560.0,1.0,0.7713127265879652
2024-03-29,39.75,39.97,39.53,39.86,19042878.0,1.0,0.7713127265879652
2024-04-01,39.89,39.95,39.58,39.59,22222957.0,1.0,0.7713127265879652
2024-04-02,39.62,39.93,39.61,39.88,22831822.0,1.0,0.7713127265879652
2024-04-03,39.69,39.92,39.68,39.75,23896335.0,1.0,0.7713127265879652
2024-04-08,39.77,39.94,39.66,39.92,27796171.0,1.0,0.7713127265879652
2024-04-09,39.94,40.0,39.93,39.99,17278538.0,1.0,0.7713127265879652
2024-04-10,40.12,40.35,40.11,40.2,21483686.0,1.0,0.7713127265879652
2024-04-11,40.06,40.11,39.84,40.09,28341038.0,1.0,0.7713127265879652
2024-04-12,40.06,40.09,39.88,39.98,20498867.0,1.0,0.7713127265879652
2024-04-15,39.73,39.82,39.5,39.62,64026912.0,1.0,0.7713127265879652
2024-04-16,39.15,39.15,38.27,38.49,120260174.0,1.0,0.7713127265879652
2024-04-17,38.6,39.0,38.57,38.94,91668732.0,1.0,0.7713127265879652
2024-04-18,38.15,38.36,37.97,38.18,59625281.0,0.9797123780174628,0.7872848643076111
2024-04-19,37.82,37.83,36.65,37.27,119816327.0,1.0,0.7872848643076111
2024-04-22,37.27,37.35,36.83,36.92,47296190.0,1.0,0.7872848643076111
2024-04-23,37.19,37.34,36.94,37.12,18430265.0,1.0,0.7872848643076111
2024-04-24,37.46,37.85,37.46,37.85,17743438.0,1.0,0.7872848643076111
2024-04-25,37.59,37.63,37.38,37.51,18067586.0,1.0,0.7872848643076111
2024-04-26,37.66,37.84,37.66,37.69,12143787.0,1.0,0.7872848643076111
2024-04-29,38.0,38.4,38.0,38.34,18872662.0,1.0,0.7872848643076111
2024-04-30,38.34,38.42,38.21,38.32,7453993.0,1.0,0.7872848643076111
2024-05-02,38.1,38.4,37.94,38.35,13556448.0,1.0,0.7872848643076111
2024-05-03,38.68,38.75,38.43,38.45,12200207.0,1.0,0.7872848643076111
2024-05-06,38.71,38.9,38.67,38.88,22672149.0,1.0,0.7872848643076111
2024-05-07,38.96,39.15,38.71,38.97,19486821.0,1.0,0.7872848643076111
2024-05-08,38.9,39.07,38.88,39.02,13854833.0,1.0,0.7872848643076111
2024-05-09,39.02,39.08,38.88,38.92,10850989.0,1.0,0.7872848643076111
2024-05-10,38.92,39.1,38.77,39.04,13873031.0,1.0,0.7872848643076111
2024-05-13,39.07,39.15,38.93,39.04,16994138.0,1.0,0.7872848643076111
2024-05-14,39.19,39.34,39.14,39.26,16661579.0,1.0,0.7872848643076111
2024-05-15,39.27,39.59,39.27,39.3,23324400.0,1.0,0.7872848643076111
2024-05-16,39.5,39.67,39.5,39.6,25323311.0,1.0,0.7872848643076111
2024-05-17,39.6,39.7,39.45,39.51,14853176.0,1.0,0.7872848643076111
2024-05-20,39.52,39.7,39.42,39.66,19387424.0,1.0,0.7872848643076111
2024-05-21,39.66,39.66,39.33,39.5,11095346.0,1.0,0.7872848643076111
2024-05-22,39.7,40.07,39.7,40.04,40023782.0,1.0,0.7872848643076111
2024-05-23,40.04,40.15,39.8,40.01,22552614.0,1.0,0.7872848643076111
2024-05-24,39.97,40.13,39.75,40.1,18134710.0,1.0,0.7872848643076111
2024-05-27,40.32,40.91,40.32,40.74,38178921.0,1.0,0.7872848643076111
2024-05-28,40.76,40.9,40.69,40.81,16322123.0,1.0,0.7872848643076111
2024-05-29,40.8,40.8,40.56,40.59,15346723.0,1.0,0.7872848643076111
2024-05-30,40.1,40.31,40.01,40.03,21478943.0,1.0,0.7872848643076111
2024-05-31,40.04,40.31,39.93,39.93,19953011.0,1.0,0.7872848643076111
2024-06-03,40.32,40.45,40.05,40.32,13203068.0,1.0,0.7872848643076111
2024-06-04,40.32,40.32,39.96,40.01,14909366.0,1.0,0.7872848643076111
2024-06-05,40.02,40.05,39.8,39.86,19830345.0,1.0,0.7872848643076111
2024-06-06,40.07,40.1,39.83,40.05,18890321.0,1.0,0.7872848643076111
2024-06-07,40.05,40.09,39.93,40.01,11447395.0,1.0,0.7872848643076111
2024-06-11,39.98,40.02,39.85,39.95,21211677.0,1.0,0.7872848643076111
2024-06-12,39.95,40.02,39.9,39.97,12680169.0,1.0,0.7872848643076111
2024-06-13,40.2,40.45,40.19,40.42,23039780.0,1.0,0.7872848643076111
2024-06-14,40.42,40.56,40.41,40.55,12846134.0,1.0,0.7872848643076111
2024-06-17,40.56,40.85,40.55,40.79,15853680.0,1.0,0.7872848643076111
2024-06-18,40.8,40.98,40.8,40.96,16293465.0,1.0,0.7872848643076111
2024-06-19,40.98,41.62,40.98,41.52,22260906.0,1.0,0.7872848643076111
2024-06-20,41.52,41.96,41.51,41.95,18677851.0,1.0,0.7872848643076111
2024-06-21,41.67,41.96,41.61,41.9,17794434.0,1.0,0.7872848643076111
2024-06-24,41.84,41.84,41.35,41.41,29229807.0,1.0,0.7872848643076111
2024-06-25,41.27,41.36,40.81,41.3,24996435.0,1.0,0.7872848643076111
2024-06-26,41.3,41.57,41.01,41.2,35474885.0,1.0,0.7872848643076111
2024-06-27,41.01,41.05,40.8,40.91,24807723.0,1.0,0.7872848643076111
2024-06-28,40.97,41.35,40.97,41.12,19596148.0,1.0,0.7872848643076111
2024-07-01,41.42,41.44,41.25,41.35,69434298.0,1.0,0.7872848643076111
2024-07-02,41.29,41.29,40.86,41.1,71792545.0,1.0,0.7872848643076111
2024-07-03,41.34,41.43,41.24,41.42,33512155.0,1.0,0.7872848643076111
2024-07-04,41.58,41.9,41.56,41.88,33488960.0,1.0,0.7872848643076111
2024-07-05,41.9,42.01,41.85,41.94,36938826.0,1.0,0.7872848643076111
2024-07-08,41.95,42.19,41.79,42.14,37372136.0,1.0,0.7872848643076111
2024-07-09,42.2,42.37,41.8,42.09,35675718.0,1.0,0.7872848643076111
2024-07-10,42.1,42.35,42.09,42.34,22136226.0,1.0,0.7872848643076111
2024-07-11,42.5,42.77,42.39,42.65,28924182.0,1.0,0.7872848643076111
2024-07-12,42.49,42.55,42.17,42.39,50404379.0,1.0,0.7872848643076111
2024-07-15,42.5,42.54,42.16,42.37,70148220.0,1.0,0.7872848643076111
2024-07-16,41.44,41.44,41.18,41.3,77999693.0,0.9747462827472269,0.8076818329470576
2024-07-17,41.3,41.31,40.92,41.0,53001263.0,1.0,0.8076818329470576
2024-07-18,40.6,40.6,40.13,40.4,60156136.0,1.0,0.8076818329470576
2024-07-19,40.33,40.35,39.66,39.81,65355747.0,1.0,0.8076818329470576
2024-07-22,39.8,39.81,38.55,39.04,78475579.0,1.0,0.8076818329470576
2024-07-23,39.26,39.53,39.26,39.47,30671507.0,1.0,0.8076818329470576
2024-07-26,38.51,38.82,38.3,38.82,100566799.0,1.0,0.8076818329470576
2024-07-29,39.01,39.22,38.34,38.42,60157125.0,1.0,0.8076818329470576
2024-07-30,38.3,38.38,37.67,38.37,51606445.0,1.0,0.8076818329470576
2024-07-31,38.23,38.48,38.09,38.37,26290043.0,1.0,0.8076818329470576
2024-08-01,38.85,39.15,38.78,39.15,23174049.0,1.0,0.8076818329470576
2024-08-02,38.42,38.47,37.94,38.0,64915191.0,1.0,0.8076818329470576
2024-08-05,37.21,37.21,34.8,35.11,135847990.0,1.0,0.8076818329470576
2024-08-06,35.8,36.39,34.45,35.81,82000006.0,1.0,0.8076818329470576
2024-08-07,35.9,37.0,35.82,36.99,30659606.0,1.0,0.8076818329470576
2024-08-08,36.51,36.82,36.3,36.77,26335839.0,1.0,0.8076818329470576
2024-08-09,37.34,37.62,37.15,37.35,24790915.0,1.0,0.8076818329470576
2024-08-12,37.62,38.0,37.61,37.88,18990746.0,1.0,0.8076818329470576
2024-08-13,38.28,38.28,37.86,37.98,17611926.0,1.0,0.8076818329470576
2024-08-14,38.26,38.48,38.21,38.36,16072473.0,1.0,0.8076818329470576
2024-08-15,38.41,38.56,38.16,38.17,16596770.0,1.0,0.8076818329470576
2024-08-16,38.61,38.86,38.6,38.82,31625244.0,1.0,0.8076818329470576
2024-08-19,38.82,39.0,38.7,38.83,23526323.0,1.0,0.8076818329470576
2024-08-20,38.85,39.04,38.85,38.91,10792105.0,1.0,0.8076818329470576
2024-08-21,38.87,38.87,38.59,38.66,16613057.0,1.0,0.8076818329470576
2024-08-22,38.67,38.8,38.55,38.58,8646509.0,1.0,0.8076818329470576
2024-08-23,38.5,38.62,38.26,38.61,16252359.0,1.0,0.8076818329470576
2024-08-26,38.7,39.16,38.7,39.02,17627261.0,1.0,0.8076818329470576
2024-08-27,38.87,38.9,38.68,38.87,11774230.0,1.0,0.8076818329470576
2024-08-28,38.89,39.0,38.79,38.99,8032047.0,1.0,0.8076818329470576
2024-08-29,38.78,39.02,38.63,39.01,10722852.0,1.0,0.8076818329470576
2024-08-30,39.05,39.15,39.05,39.06,9050448.0,1.0,0.8076818329470576
2024-09-02,39.11,39.21,39.05,39.06,9030301.0,1.0,0.8076818329470576
2024-09-03,39.14,39.14,38.91,38.98,12408511.0,1.0,0.8076818329470576
2024-09-04,37.67,38.0,36.97,37.59,77205397.0,1.0,0.8076818329470576
2024-09-05,37.8,38.0,37.49,37.63,23301770.0,1.0,0.8076818329470576
2024-09-06,37.66,37.95,37.3,37.87,18673157.0,1.0,0.8076818329470576
2024-09-09,37.12,37.66,37.01,37.66,35278208.0,1.0,0.8076818329470576
2024-09-10,37.83,37.83,37.02,37.18,37398245.0,1.0,0.8076818329470576
2024-09-11,37.18,37.32,37.09,37.15,17199777.0,1.0,0.8076818329470576
2024-09-12,37.61,37.8,37.44,37.77,13181841.0,1.0,0.8076818329470576
2024-09-13,38.09,38.09,37.75,37.82,13223123.0,1.0,0.8076818329470576
2024-09-16,37.9,37.98,37.82,37.98,15454898.0,1.0,0.8076818329470576
2024-09-18,37.97,38.0,37.56,37.72,28480993.0,1.0,0.8076818329470576
2024-09-19,37.72,38.07,37.62,37.97,13618023.0,1.0,0.8076818329470576
2024-09-20,38.27,38.39,38.1,38.15,13338221.0,1.0,0.8076818329470576
2024-09-23,38.29,38.37,38.2,38.25,15733486.0,1.0,0.8076818329470576
2024-09-24,38.25,38.25,37.96,38.24,18360322.0,1.0,0.8076818329470576
2024-09-25,38.49,38.78,38.49,38.73,16028672.0,1.0,0.8076818329470576
2024-09-26,38.87,38.97,38.7,38.75,21173222.0,1.0,0.8076818329470576
2024-09-27,38.85,39.02,38.85,39.01,19176401.0,1.0,0.8076818329470576
2024-09-30,39.0,39.0,38.61,38.66,37425513.0,1.0,0.8076818329470576
2024-10-01,38.7,38.77,38.43,38.57,67272403.0,1.0,0.8076818329470576
2024-10-04,38.5,38.62,38.21,38.35,76604868.0,1.0,0.8076818329470576
2024-10-07,38.59,38.67,38.38,38.64,49307517.0,1.0,0.8076818329470576
2024-10-08,38.5,38.56,38.16,38.43,60403980.0,1.0,0.8076818329470576
2024-10-09,38.51,38.63,38.41,38.43,32390088.0,1.0,0.8076818329470576
2024-10-11,38.56,38.68,38.5,38.6,38822992.0,1.0,0.8076818329470576
2024-10-14,38.7,38.74,38.53,38.7,48401938.0,1.0,0.8076818329470576
2024-10-15,38.8,39.1,38.8,39.1,40686129.0,1.0,0.8076818329470576
2024-10-16,38.86,39.04,38.7,39.02,102173261.0,1.0,0.8076818329470576
2024-10-17,38.01,38.16,37.97,38.12,70230590.0,0.9725781650435674,0.8304544169063027
2024-10-18,38.33,38.35,38.0,38.06,59252057.0,1.0,0.8304544169063027
2024-10-21,38.06,38.24,38.06,38.09,20710507.0,1.0,0.8304544169063027
2024-10-22,38.09,38.2,37.95,38.16,17257374.0,1.0,0.8304544169063027
2024-10-23,38.2,38.24,37.99,38.01,33493904.0,1.0,0.8304544169063027
2024-10-24,38.0,38.0,37.74,37.81,61266715.0,1.0,0.8304544169063027
2024-10-25,37.83,38.01,37.83,37.97,16334025.0,1.0,0.8304544169063027
2024-10-28,38.0,38.09,37.85,37.94,28196784.0,1.0,0.8304544169063027
2024-10-29,37.88,37.88,37.28,37.49,75357047.0,1.0,0.8304544169063027
2024-10-30,37.55,37.66,37.33,37.42,36419349.0,1.0,0.8304544169063027
2024-11-01,36.99,37.39,36.31,37.34,55751401.0,1.0,0.8304544169063027
2024-11-04,37.44,37.49,37.2,37.48,24863473.0,1.0,0.8304544169063027
2024-11-05,37.37,37.68,37.33,37.68,22108664.0,1.0,0.8304544169063027
2024-11-06,37.68,37.94,37.2,37.79,23086094.0,1.0,0.8304544169063027
2024-11-07,37.8,38.24,37.78,38.16,24417938.0,1.0,0.8304544169063027
2024-11-08,38.3,38.45,38.1,38.13,20509100.0,1.0,0.8304544169063027
2024-11-11,38.13,38.13,37.82,38.08,33458998.0,1.0,0.8304544169063027
2024-11-12,37.77,37.77,37.5,37.52,71869190.0,1.0,0.8304544169063027
2024-11-13,37.52,37.57,37.27,37.49,39480945.0,1.0,0.8304544169063027
2024-11-14,37.45,37.46,36.99,37.08,70953656.0,1.0,0.8304544169063027
2024-11-15,37.13,37.28,37.04,37.14,28818374.0,1.0,0.8304544169063027
2024-11-18,37.1,37.2,36.94,37.0,55065947.0,1.0,0.8304544169063027
2024-11-19,37.1,37.35,36.96,37.25,23319244.0,1.0,0.8304544169063027
2024-11-20,37.28,37.38,37.04,37.1,27237199.0,1.0,0.8304544169063027
2024-11-21,37.0,37.16,36.86,37.1,21231209.0,1.0,0.8304544169063027
2024-11-22,37.16,37.49,37.16,37.33,16582826.0,1.0,0.8304544169063027
2024-11-25,37.54,37.71,37.47,37.48,17737064.0,1.0,0.8304544169063027
2024-11-26,37.3,37.5,37.1,37.31,23284930.0,1.0,0.8304544169063027
2024-11-27,37.31,37.31,36.66,36.71,94481703.0,1.0,0.8304544169063027
2024-11-28,36.71,36.74,36.26,36.5,63491654.0,1.0,0.8304544169063027
2024-11-29,36.32,36.65,35.98,36.6,32104849.0,1.0,0.8304544169063027
2024-12-02,36.72,37.02,36.72,37.02,20111648.0,1.0,0.8304544169063027
2024-12-03,37.33,37.39,37.0,37.05,29582824.0,1.0,0.8304544169063027
2024-12-04,37.08,37.17,36.98,37.09,15787103.0,1.0,0.8304544169063027
2024-12-05,37.1,37.27,37.1,37.21,14984421.0,1.0,0.8304544169063027
2024-12-06,37.25,37.43,37.24,37.3,24594351.0,1.0,0.8304544169063027
2024-12-09,37.35,37.35,37.2,37.3,34591437.0,1.0,0.8304544169063027
2024-12-10,37.31,37.31,37.03,37.05,31569439.0,1.0,0.8304544169063027
2024-12-11,36.94,37.0,36.85,36.91,32433339.0,1.0,0.8304544169063027
2024-12-12,37.0,37.11,36.96,37.02,12261951.0,1.0,0.8304544169063027
2024-12-13,37.0,37.0,36.74,36.88,43299235.0,1.0,0.8304544169063027
2024-12-16,36.94,37.0,36.49,36.54,58680625.0,1.0,0.8304544169063027
2024-12-17,36.56,36.57,36.48,36.48,40984507.0,1.0,0.8304544169063027
2024-12-18,36.48,36.8,36.38,36.8,18652871.0,1.0,0.8304544169063027
2024-12-19,36.35,36.66,36.25,36.63,36483118.0,1.0,0.8304544169063027
2024-12-20,36.56,36.64,36.37,36.42,35513650.0,1.0,0.8304544169063027
2024-12-23,36.71,36.91,36.69,36.85,17367824.0,1.0,0.8304544169063027
2024-12-24,36.9,37.08,36.9,36.96,13747893.0,1.0,0.8304544169063027
2024-12-25,37.09,37.12,36.93,36.99,19910025.0,1.0,0.8304544169063027
2024-12-26,37.0,37.13,37.0,37.09,17166213.0,1.0,0.8304544169063027
2024-12-27,37.1,37.11,37.01,37.05,15866846.0,1.0,0.8304544169063027
2024-12-30,37.05,37.06,36.83,36.83,33355258.0,1.0,0.8304544169063027
2024-12-31,36.78,36.79,36.55,36.68,43703594.0,1.0,0.8304544169063027
2025-01-02,36.64,36.82,36.6,36.7,84042975.0,1.0,0.8304544169063027
2025-01-03,36.87,36.91,36.68,36.78,53340553.0,1.0,0.8304544169063027
2025-01-06,37.05,37.3,36.99,37.22,58190990.0,1.0,0.8304544169063027
2025-01-07,37.45,37.48,37.28,37.3,41543251.0,1.0,0.8304544169063027
2025-01-08,37.29,37.36,37.23,37.3,32447157.0,1.0,0.8304544169063027
2025-01-09,37.28,37.3,36.69,36.73,113831909.0,1.0,0.8304544169063027
2025-01-10,36.59,36.72,36.5,36.56,101073482.0,1.0,0.8304544169063027
2025-01-13,36.45,36.55,35.82,36.0,178994031.0,1.0,0.8304544169063027
2025-01-14,36.03,36.36,36.0,36.36,48880595.0,1.0,0.8304544169063027
2025-01-15,36.43,36.45,36.08,36.12,80983415.0,1.0,0.8304544169063027
2025-01-16,36.52,36.58,36.38,36.39,72321774.0,1.0,0.8304544169063027
2025-01-17,35.58,35.58,35.3,35.35,113551346.0,0.9705963176696895,0.8556125773278697
2025-01-20,35.49,35.53,35.42,35.52,39426120.0,1.0,0.8556125773278697
2025-01-21,35.55,35.69,35.51,35.64,26302869.0,1.0,0.8556125773278697
2025-01-22,35.75,35.78,35.63,35.78,26577801.0,1.0,0.8556125773278697
2025-02-03,35.0,35.48,34.92,35.45,110193036.0,1.0,0.8556125773278697
2025-02-04,35.5,35.75,35.18,35.2,69632221.0,1.0,0.8556125773278697
2025-02-05,35.38,35.72,35.37,35.62,24143546.0,1.0,0.8556125773278697
2025-02-06,35.63,35.77,35.63,35.71,23795018.0,1.0,0.8556125773278697
2025-02-07,35.71,35.86,35.71,35.85,14201795.0,1.0,0.8556125773278697
2025-02-10,35.84,35.9,35.72,35.88,28097710.0,1.0,0.8556125773278697
2025-02-11,35.89,36.09,35.88,36.02,17152659.0,1.0,0.8556125773278697
2025-02-12,36.05,36.2,36.02,36.02,16744695.0,1.0,0.8556125773278697
2025-02-13,36.18,36.4,36.07,36.34,26402284.0,1.0,0.8556125773278697
2025-02-14,36.35,36.36,36.24,36.29,19975845.0,1.0,0.8556125773278697
2025-02-17,36.3,36.68,36.3,36.6,32514485.0,1.0,0.8556125773278697
2025-02-18,36.63,36.69,36.54,36.68,21401849.0,1.0,0.8556125773278697
2025-02-19,36.68,36.88,36.68,36.84,22684028.0,1.0,0.8556125773278697
2025-02-20,36.85,36.92,36.82,36.83,21700875.0,1.0,0.8556125773278697
2025-02-21,36.84,37.0,36.83,37.0,24015382.0,1.0,0.8556125773278697
2025-02-24,36.85,37.0,36.76,36.98,26423573.0,1.0,0.8556125773278697
2025-02-25,36.85,36.98,36.72,36.9,28134913.0,1.0,0.8556125773278697
2025-02-26,36.9,37.1,36.75,37.09,25008089.0,1.0,0.8556125773278697
2025-02-27,37.09,37.17,36.7,36.71,49877632.0,1.0,0.8556125773278697
2025-03-03,36.47,36.58,36.3,36.53,62866445.0,1.0,0.8556125773278697
2025-03-04,36.14,36.5,36.0,36.46,48673695.0,1.0,0.8556125773278697
2025-03-05,36.5,36.79,36.46,36.7,17860718.0,1.0,0.8556125773278697
2025-03-06,36.72,36.89,36.72,36.76,18980571.0,1.0,0.8556125773278697
2025-03-07,36.63,36.79,36.53,36.6,24459714.0,1.0,0.8556125773278697
2025-03-10,36.62,36.69,36.36,36.42,41164450.0,1.0,0.8556125773278697
2025-03-11,36.0,36.3,35.65,36.17,96719856.0,1.0,0.8556125773278697
2025-03-12,36.17,36.26,36.09,36.17,24392464.0,1.0,0.8556125773278697
2025-03-13,36.42,36.44,35.93,35.93,46000884.0,1.0,0.8556125773278697
2025-03-14,35.93,36.02,35.81,35.89,42101746.0,1.0,0.8556125773278697
2025-03-17,36.0,36.21,35.96,36.13,24316271.0,1.0,0.8556125773278697
2025-03-18,36.32,36.42,36.22,36.41,16611483.0,1.0,0.8556125773278697
2025-03-19,36.5,36.51,36.12,36.15,30408470.0,1.0,0.8556125773278697
2025-03-20,36.31,36.47,36.31,36.46,15817053.0,1.0,0.8556125773278697
2025-03-21,36.5,36.5,36.33,36.4,18028233.0,1.0,0.8556125773278697
2025-03-24,36.48,36.5,36.24,36.3,38202879.0,1.0,0.8556125773278697
2025-03-25,36.45,36.51,36.17,36.25,35446685.0,1.0,0.8556125773278697
2025-03-26,36.3,36.42,36.28,36.35,17057134.0,1.0,0.8556125773278697
2025-03-27,36.15,36.16,36.0,36.07,60906168.0,1.0,0.8556125773278697
2025-03-28,36.02,36.03,35.56,35.8,148134549.0,1.0,0.8556125773278697
2025-03-31,35.35,35.42,34.58,34.76,257484789.0,1.0,0.8556125773278697
2025-04-01,34.86,35.28,34.82,35.26,81159165.0,1.0,0.8556125773278697
2025-04-02,35.34,35.38,35.13,35.17,81359279.0,1.0,0.8556125773278697
2025-04-07,31.66,31.66,31.66,31.66,114971758.0,1.0,0.8556125773278697
2025-04-08,30.02,30.89,29.98,30.6,403715049.0,1.0,0.8556125773278697
2025-04-09,30.6,30.63,28.49,28.69,431050205.0,1.0,0.8556125773278697
2025-04-10,31.55,31.55,31.55,31.55,30033027.0,1.0,0.8556125773278697
2025-04-11,30.78,32.21,30.2,32.21,188197093.0,1.0,0.8556125773278697
2025-04-14,32.85,33.4,32.52,32.66,125311374.0,1.0,0.8556125773278697
2025-04-15,32.87,33.23,32.72,33.14,70924441.0,1.0,0.8556125773278697
2025-04-16,32.89,33.0,32.73,32.85,89870621.0,1.0,0.8556125773278697
2025-04-17,32.78,32.78,32.38,32.6,69290077.0,1.0,0.8556125773278697
2025-04-18,32.65,32.84,32.56,32.69,51278216.0,1.0,0.8556125773278697
2025-04-21,32.6,32.67,32.32,32.37,119169705.0,1.0,0.8556125773278697
2025-04-22,32.12,32.31,31.97,31.98,165268569.0,1.0,0.8556125773278697
2025-04-23,31.65,31.67,31.45,31.62,61180292.0,0.966541588492808,0.8852310004188053
2025-04-24,31.76,31.78,31.45,31.46,46041551.0,1.0,0.8852310004188053
2025-04-25,31.9,32.13,31.86,31.97,40889839.0,1.0,0.8852310004188053
2025-04-28,32.06,32.15,32.0,32.15,30025856.0,1.0,0.8852310004188053
2025-04-29,32.15,32.35,32.08,32.34,26030183.0,1.0,0.8852310004188053
2025-04-30,32.39,32.39,32.22,32.22,26173008.0,1.0,0.8852310004188053
2025-05-02,32.42,32.68,32.42,32.64,41891266.0,1.0,0.8852310004188053
2025-05-05,32.8,32.85,32.1,32.37,54958650.0,1.0,0.8852310004188053
2025-05-06,32.32,32.74,32.2,32.68,39378145.0,1.0,0.8852310004188053
2025-05-07,32.71,32.92,32.61,32.64,26661823.0,1.0,0.8852310004188053
2025-05-08,32.78,32.86,32.7,32.84,23584505.0,1.0,0.8852310004188053
2025-05-09,32.9,33.12,32.86,33.11,31254265.0,1.0,0.8852310004188053
2025-05-12,33.39,33.54,33.31,33.47,32584525.0,1.0,0.8852310004188053
2025-05-13,34.05,34.13,33.83,33.88,40776347.0,1.0,0.8852310004188053
2025-05-14,34.11,34.45,34.11,34.44,45943167.0,1.0,0.8852310004188053
2025-05-15,34.48,34.49,34.26,34.39,34810200.0,1.0,0.8852310004188053
2025-05-16,34.37,34.66,34.32,34.51,38411957.0,1.0,0.8852310004188053
2025-05-19,34.5,34.5,34.2,34.2,40818893.0,1.0,0.8852310004188053
2025-05-20,34.34,34.45,34.18,34.19,21014482.0,1.0,0.8852310004188053
2025-05-21,34.19,34.62,34.19,34.56,43246305.0,1.0,0.8852310004188053
2025-05-22,34.46,34.49,34.31,34.45,20213731.0,1.0,0.8852310004188053
2025-05-23,34.47,34.53,34.25,34.29,26270986.0,1.0,0.8852310004188053
2025-05-26,34.29,34.34,34.17,34.2,29268178.0,1.0,0.8852310004188053
2025-05-27,34.2,34.2,33.89,33.93,40850465.0,1.0,0.8852310004188053
2025-05-28,34.12,34.23,33.81,33.94,22352450.0,1.0,0.8852310004188053
2025-05-29,34.12,34.23,33.99,34.08,16452140.0,1.0,0.8852310004188053
2025-06-02,34.01,34.01,33.45,33.53,69859171.0,1.0,0.8852310004188053
2025-06-03,33.86,33.96,33.67,33.79,19958914.0,1.0,0.8852310004188053
2025-06-04,34.0,34.2,34.0,34.09,21418117.0,1.0,0.8852310004188053
2025-06-05,34.19,34.22,34.0,34.01,28053977.0,1.0,0.8852310004188053
2025-06-06,34.09,34.09,33.95,34.01,26255782.0,1.0,0.8852310004188053
2025-06-09,34.14,34.18,34.1,34.14,24662861.0,1.0,0.8852310004188053
2025-06-10,34.21,34.59,34.21,34.53,43100986.0,1.0,0.8852310004188053
2025-06-11,34.64,34.79,34.57,34.59,30909210.0,1.0,0.8852310004188053
2025-06-12,34.6,34.65,34.54,34.59,26871330.0,1.0,0.8852310004188053
2025-06-13,34.52,34.67,34.39,34.59,39602226.0,1.0,0.8852310004188053
2025-06-16,34.54,34.6,34.38,34.6,34660935.0,1.0,0.8852310004188053
2025-06-17,34.7,34.82,34.59,34.65,29279295.0,1.0,0.8852310004188053
2025-06-18,34.65,34.78,34.6,34.7,30176306.0,1.0,0.8852310004188053
2025-06-19,34.7,34.71,34.4,34.41,51167878.0,1.0,0.8852310004188053
2025-06-20,34.37,34.44,33.99,34.21,62982924.0,1.0,0.8852310004188053
2025-06-23,33.88,33.9,33.56,33.9,71898210.0,1.0,0.8852310004188053
2025-06-24,34.22,34.5,34.21,34.45,25690962.0,1.0,0.8852310004188053
2025-06-25,34.7,34.79,34.58,34.61,46747755.0,1.0,0.8852310004188053
2025-06-26,34.63,34.86,34.62,34.65,115693547.0,1.0,0.8852310004188053
2025-06-27,34.7,34.74,34.63,34.69,59408298.0,1.0,0.8852310004188053
2025-06-30,34.71,34.78,34.6,34.62,39779276.0,1.0,0.8852310004188053
2025-07-01,34.62,34.89,34.55,34.71,49755152.0,1.0,0.8852310004188053
2025-07-02,34.69,34.86,34.65,34.85,37648132.0,1.0,0.8852310004188053
2025-07-03,35.0,35.16,35.0,35.15,39414375.0,1.0,0.8852310004188053
2025-07-04,35.19,35.29,34.88,34.89,58421467.0,1.0,0.8852310004188053
2025-07-07,34.89,34.94,34.63,34.83,57405922.0,1.0,0.8852310004188053
2025-07-08,34.81,34.81,34.59,34.65,51946060.0,1.0,0.8852310004188053
2025-07-09,34.65,34.97,34.61,34.95,27675891.0,1.0,0.8852310004188053
2025-07-10,34.97,35.06,34.85,35.04,34161752.0,1.0,0.8852310004188053
2025-07-11,35.04,35.22,35.0,35.2,28254660.0,1.0,0.8852310004188053
2025-07-14,35.2,35.21,35.01,35.03,62881302.0,1.0,0.8852310004188053
2025-07-15,35.05,35.28,35.04,35.26,50160219.0,1.0,0.8852310004188053
2025-07-16,35.26,35.56,35.25,35.48,54924643.0,1.0,0.8852310004188053
2025-07-17,35.5,35.63,35.44,35.54,48492125.0,1.0,0.8852310004188053
2025-07-18,35.65,35.78,35.53,35.6,90213330.0,1.0,0.8852310004188053
2025-07-21,34.88,34.89,34.76,34.8,69136769.0,0.9756741573033708,0.9073018833105737
2025-07-22,34.8,34.88,34.39,34.42,71858935.0,1.0,0.9073018833105737
2025-07-23,34.52,34.79,34.51,34.78,29835574.0,1.0,0.9073018833105737
2025-07-24,34.86,34.92,34.78,34.85,26976759.0,1.0,0.9073018833105737
2025-07-25,34.85,34.9,34.83,34.87,24419700.0,1.0,0.9073018833105737
2025-07-28,34.87,34.97,34.82,34.96,32802513.0,1.0,0.9073018833105737
2025-07-29,34.95,34.95,34.6,34.7,42723814.0,1.0,0.9073018833105737
2025-07-30,34.7,34.8,34.61,34.77,32109196.0,1.0,0.9073018833105737
2025-07-31,34.77,34.83,34.62,34.79,30056808.0,1.0,0.9073018833105737
2025-08-01,34.4,34.83,34.32,34.81,38516708.0,1.0,0.9073018833105737
2025-08-04,34.75,34.82,34.6,34.79,29407745.0,1.0,0.9073018833105737
2025-08-05,34.93,35.13,34.85,35.11,42964817.0,1.0,0.9073018833105737
2025-08-06,35.05,35.15,35.02,35.1,30849408.0,1.0,0.9073018833105737
2025-08-07,35.18,35.35,35.18,35.19,40979493.0,1.0,0.9073018833105737
2025-08-08,35.27,35.28,35.22,35.24,23737234.0,1.0,0.9073018833105737
2025-08-11,35.2,35.25,35.0,35.23,27823591.0,1.0,0.9073018833105737
2025-08-12,35.23,35.32,35.2,35.21,24860790.0,1.0,0.9073018833105737
2025-08-13,35.29,35.36,35.0,35.07,35699576.0,1.0,0.9073018833105737
2025-08-14,35.07,35.08,35.03,35.05,22254601.0,1.0,0.9073018833105737
2025-08-15,35.06,35.09,34.99,35.03,21551235.0,1.0,0.9073018833105737
2025-08-18,35.03,35.11,35.0,35.1,23448565.0,1.0,0.9073018833105737
2025-08-19,35.1,35.1,34.97,35.01,20498491.0,1.0,0.9073018833105737
2025-08-20,34.96,34.97,34.47,34.5,116525540.0,1.0,0.9073018833105737
2025-08-21,34.56,34.78,34.56,34.71,18993702.0,1.0,0.9073018833105737
2025-08-22,34.71,34.72,34.56,34.6,21303996.0,1.0,0.9073018833105737
2025-08-25,35.0,35.11,34.86,34.94,23414314.0,1.0,0.9073018833105737
2025-08-26,34.94,34.95,34.84,34.91,13095266.0,1.0,0.9073018833105737
2025-08-27,34.95,35.14,34.94,35.04,26563855.0,1.0,0.9073018833105737
2025-08-28,35.05,35.14,35.0,35.04,16108849.0,1.0,0.9073018833105737
2025-08-29,35.11,35.22,34.99,34.99,17851347.0,1.0,0.9073018833105737
2025-09-01,34.98,34.99,34.52,34.66,47459974.0,1.0,0.9073018833105737
2025-09-02,34.66,34.85,34.51,34.67,24795754.0,1.0,0.9073018833105737
2025-09-03,34.7,34.82,34.68,34.76,17141700.0,1.0,0.9073018833105737
2025-09-04,34.94,35.1,34.91,34.91,21087489.0,1.0,0.9073018833105737
2025-09-05,35.05,35.12,35.0,35.11,24635754.0,1.0,0.9073018833105737
2025-09-08,35.3,35.45,35.23,35.41,49259569.0,1.0,0.9073018833105737
2025-09-09,35.44,35.69,35.41,35.66,50950499.0,1.0,0.9073018833105737
2025-09-10,35.86,36.17,35.85,36.07,94337443.0,1.0,0.9073018833105737
2025-09-11,36.13,36.32,35.97,35.97,69170467.0,1.0,0.9073018833105737
2025-09-12,36.1,36.32,36.09,36.18,44564223.0,1.0,0.9073018833105737
2025-09-15,36.3,36.38,36.16,36.22,33388753.0,1.0,0.9073018833105737
2025-09-16,36.27,36.38,36.25,36.31,34001005.0,1.0,0.9073018833105737
2025-09-17,36.29,36.42,36.17,36.18,27991079.0,1.0,0.9073018833105737
2025-09-18,36.32,36.42,36.18,36.4,34524439.0,1.0,0.9073018833105737
2025-09-19,36.5,36.59,36.46,36.56,29969813.0,1.0,0.9073018833105737
2025-09-22,36.58,36.83,36.58,36.8,36716148.0,1.0,0.9073018833105737
2025-09-23,36.88,37.07,36.83,36.94,56878480.0,1.0,0.9073018833105737
2025-09-24,37.0,37.05,36.79,36.89,38370853.0,1.0,0.9073018833105737
2025-09-25,36.89,37.26,36.84,36.96,57632904.0,1.0,0.9073018833105737
2025-09-26,36.9,36.9,36.27,36.51,76728750.0,1.0,0.9073018833105737
2025-09-30,36.77,37.04,36.7,36.8,46174484.0,1.0,0.9073018833105737
2025-10-01,36.87,37.15,36.73,36.81,48977483.0,1.0,0.9073018833105737
2025-10-02,37.0,37.06,36.97,37.04,47946651.0,1.0,0.9073018833105737
2025-10-03,37.04,37.07,37.0,37.04,39103080.0,1.0,0.9073018833105737
2025-10-07,37.12,37.51,37.12,37.46,75747471.0,1.0,0.9073018833105737
2025-10-08,37.41,37.46,37.31,37.43,39464282.0,1.0,0.9073018833105737
2025-10-09,37.65,37.67,37.4,37.42,48371891.0,1.0,0.9073018833105737
2025-10-13,36.56,37.0,36.53,36.94,141840786.0,1.0,0.9073018833105737
2025-10-14,37.12,37.33,36.55,36.59,110814084.0,1.0,0.9073018833105737
2025-10-15,36.65,36.68,36.48,36.67,66981678.0,1.0,0.9073018833105737
2025-10-16,36.91,37.21,36.91,37.19,49356011.0,1.0,0.9073018833105737
2025-10-17,37.17,37.36,37.01,37.11,134291558.0,1.0,0.9073018833105737
2025-10-20,37.27,37.49,37.27,37.49,51742253.0,1.0,0.9073018833105737
2025-10-21,37.66,37.8,37.62,37.66,72283684.0,1.0,0.9073018833105737
2025-10-22,37.61,37.75,37.48,37.75,86606460.0,1.0,0.9073018833105737
2025-10-23,36.88,36.91,36.75,36.81,103297727.0,0.9770596026490066,0.928604438102542
2025-10-27,37.2,37.32,37.1,37.24,75123538.0,1.0,0.928604438102542
2025-10-28,37.25,37.25,37.04,37.13,42658216.0,1.0,0.928604438102542
2025-10-29,37.33,37.59,37.33,37.47,91187427.0,1.0,0.928604438102542
2025-10-30,37.47,37.57,37.2,37.4,57733947.0,1.0,0.928604438102542
2025-10-31,37.41,37.6,37.36,37.46,62935805.0,1.0,0.928604438102542
2025-11-03,37.42,37.48,37.28,37.33,47795908.0,1.0,0.928604438102542
2025-11-04,37.5,37.52,36.95,36.96,70008952.0,1.0,0.928604438102542
2025-11-05,36.42,36.8,36.3,36.78,131885420.0,1.0,0.928604438102542
2025-11-06,36.97,37.06,36.8,36.95,48010495.0,1.0,0.928604438102542
2025-11-07,36.77,36.78,36.52,36.55,55517646.0,1.0,0.928604438102542
2025-11-10,36.56,36.57,36.41,36.57,31781294.0,1.0,0.928604438102542
2025-11-11,36.63,36.69,36.41,36.41,28268504.0,1.0,0.928604438102542
2025-11-12,36.42,36.6,36.41,36.46,23679874.0,1.0,0.928604438102542
2025-11-13,36.48,36.6,36.43,36.51,21499061.0,1.0,0.928604438102542
2025-11-14,36.16,36.31,36.02,36.13,104947248.0,1.0,0.928604438102542
2025-11-17,36.1,36.1,35.74,35.79,115542299.0,1.0,0.928604438102542
2025-11-18,35.34,35.43,34.92,35.0,190794150.0,1.0,0.928604438102542
2025-11-19,34.97,35.08,34.66,34.74,115664163.0,1.0,0.928604438102542
2025-11-20,35.27,35.51,35.25,35.5,35961413.0,1.0,0.928604438102542
2025-11-21,34.96,35.15,34.84,35.0,84280844.0,1.0,0.928604438102542
2025-11-24,35.15,35.24,35.0,35.15,27806344.0,1.0,0.928604438102542
2025-11-25,35.28,35.39,35.04,35.15,29883503.0,1.0,0.928604438102542
2025-11-26,35.4,35.71,35.4,35.69,30539036.0,1.0,0.928604438102542
2025-11-27,35.84,36.13,35.76,36.13,33853276.0,1.0,0.928604438102542
2025-11-28,36.06,36.13,35.93,36.02,26708743.0,1.0,0.928604438102542
2025-12-01,36.0,36.12,35.95,36.0,24326752.0,1.0,0.928604438102542
2025-12-02,36.02,36.24,36.02,36.11,23109627.0,1.0,0.928604438102542
2025-12-03,36.35,36.45,36.27,36.31,20484027.0,1.0,0.928604438102542
2025-12-04,36.37,36.41,36.31,36.4,18849846.0,1.0,0.928604438102542
2025-12-05,36.41,36.57,36.41,36.55,23777045.0,1.0,0.928604438102542
2025-12-08,36.59,36.65,36.57,36.62,31126570.0,1.0,0.928604438102542
2025-12-09,36.65,36.69,36.56,36.58,21617653.0,1.0,0.928604438102542
2025-12-10,36.62,36.65,36.55,36.59,22134213.0,1.0,0.928604438102542
2025-12-11,36.62,36.63,36.22,36.33,34864754.0,1.0,0.928604438102542
2025-12-12,36.44,36.56,36.4,36.46,18404514.0,1.0,0.928604438102542
2025-12-15,36.03,36.36,35.99,36.28,41242997.0,1.0,0.928604438102542
2025-12-16,36.05,36.15,35.88,36.07,76449009.0,1.0,0.928604438102542
2025-12-17,36.11,36.35,36.11,36.2,23392415.0,1.0,0.928604438102542
2025-12-18,36.1,36.2,35.98,36.11,40222634.0,1.0,0.928604438102542
2025-12-19,36.15,36.42,36.12,36.38,20244445.0,1.0,0.928604438102542
2025-12-22,36.57,36.77,36.55,36.72,37004660.0,1.0,0.928604438102542
2025-12-23,36.73,36.74,36.52,36.54,38049342.0,1.0,0.928604438102542
2025-12-24,36.56,36.63,36.5,36.55,25209782.0,1.0,0.928604438102542
2025-12-26,36.59,36.61,36.5,36.61,32736860.0,1.0,0.928604438102542
2025-12-29,36.61,36.78,36.61,36.73,35740386.0,1.0,0.928604438102542
2025-12-30,36.72,36.72,36.59,36.69,32868998.0,1.0,0.928604438102542
2025-12-31,36.69,36.76,36.65,36.73,30418269.0,1.0,0.928604438102542
2026-01-02,36.77,37.09,36.77,37.01,55463608.0,1.0,0.928604438102542
2026-01-05,37.17,37.34,37.1,37.13,82637678.0,1.0,0.928604438102542
2026-01-06,37.15,37.33,37.15,37.26,60484594.0,1.0,0.928604438102542
2026-01-07,37.34,37.72,37.33,37.62,84166000.0,1.0,0.928604438102542
2026-01-08,37.62,37.7,37.39,37.41,63945146.0,1.0,0.928604438102542
2026-01-09,37.41,37.55,37.17,37.4,38775491.0,1.0,0.928604438102542
2026-01-12,37.65,37.75,37.62,37.67,46400775.0,1.0,0.928604438102542
2026-01-13,37.9,38.0,37.67,37.74,65884827.0,1.0,0.928604438102542
2026-01-14,37.81,37.98,37.81,37.96,52030341.0,1.0,0.928604438102542
2026-01-15,37.98,38.01,37.92,38.01,52808103.0,1.0,0.928604438102542
2026-01-16,38.1,38.3,38.1,38.26,63588188.0,1.0,0.928604438102542
2026-01-19,38.26,38.47,38.18,38.42,82058239.0,1.0,0.928604438102542
2026-01-20,38.38,38.54,38.26,38.45,86877361.0,1.0,0.928604438102542
2026-01-21,38.39,38.53,38.09,38.21,153787590.0,1.0,0.928604438102542
2026-01-22,37.91,37.94,37.74,37.76,96664596.0,0.9773357759748756,0.950138592006698
2026-01-23,37.98,38.08,37.65,37.73,86023752.0,1.0,0.950138592006698
2026-01-26,37.88,38.23,37.85,38.23,90529500.0,1.0,0.950138592006698
2026-01-27,38.38,38.66,38.38,38.51,90897477.0,1.0,0.950138592006698
2026-01-28,38.7,38.79,38.52,38.62,56201100.0,1.0,0.950138592006698
2026-01-29,38.57,38.57,38.17,38.26,57632538.0,1.0,0.950138592006698
2026-01-30,37.98,37.98,37.5,37.58,86589896.0,1.0,0.950138592006698
2026-02-02,37.28,37.33,37.0,37.15,87721121.0,1.0,0.950138592006698
2026-02-03,37.57,37.74,37.4,37.63,36702671.0,1.0,0.950138592006698
2026-02-04,37.58,37.85,37.41,37.84,29305483.0,1.0,0.950138592006698
2026-02-05,37.59,37.79,37.5,37.55,37738253.0,1.0,0.950138592006698
2026-02-06,37.44,37.6,37.09,37.52,40426197.0,1.0,0.950138592006698
2026-02-09,38.16,38.2,37.94,38.03,67477566.0,1.0,0.950138592006698
2026-02-10,38.36,38.42,38.28,38.34,74968495.0,1.0,0.950138592006698
2026-02-11,38.39,38.77,38.39,38.7,121611406.0,1.0,0.950138592006698
2026-02-23,38.97,39.51,38.97,39.13,101966291.0,1.0,0.950138592006698
2026-02-24,39.27,39.76,39.23,39.72,89853506.0,1.0,0.950138592006698
2026-02-25,39.81,40.3,39.81,40.05,86681622.0,1.0,0.950138592006698
2026-02-26,40.05,40.36,39.95,40.29,58492851.0,1.0,0.950138592006698
2026-03-02,39.53,40.01,39.53,39.9,74035480.0,1.0,0.950138592006698
2026-03-03,39.84,39.99,39.13,39.13,92021356.0,1.0,0.950138592006698
2026-03-04,38.5,38.55,37.7,37.74,172988248.0,1.0,0.950138592006698
2026-03-05,38.5,38.75,38.12,38.5,54632081.0,1.0,0.950138592006698
2026-03-06,38.3,38.74,38.1,38.63,36627259.0,1.0,0.950138592006698
2026-03-09,37.28,37.58,36.5,37.58,151883264.0,1.0,0.950138592006698
2026-03-10,38.48,38.49,37.64,37.88,48391366.0,1.0,0.950138592006698
2026-03-11,38.25,38.71,38.25,38.64,44949403.0,1.0,0.950138592006698
2026-03-12,38.55,38.75,38.33,38.53,27613823.0,1.0,0.950138592006698
2026-03-13,38.19,38.65,38.19,38.5,31249170.0,1.0,0.950138592006698
2026-03-16,38.65,38.91,38.58,38.81,37638989.0,1.0,0.950138592006698
2026-03-17,38.9,39.18,38.9,39.13,32448064.0,1.0,0.950138592006698
2026-03-18,39.42,39.58,39.35,39.42,32295100.0,1.0,0.950138592006698
2026-03-19,39.07,39.2,38.86,38.88,48695423.0,1.0,0.950138592006698
2026-03-20,38.88,38.98,38.56,38.77,37631551.0,1.0,0.950138592006698
2026-03-23,37.88,38.1,37.8,37.97,110664636.0,1.0,0.950138592006698
2026-03-24,38.34,38.37,37.76,38.04,49350102.0,1.0,0.950138592006698
2026-03-25,38.55,38.76,38.45,38.58,31365933.0,1.0,0.950138592006698
2026-03-26,38.6,38.85,38.55,38.56,30512264.0,1.0,0.950138592006698
2026-03-27,38.24,38.45,38.07,38.43,51978534.0,1.0,0.950138592006698
2026-03-30,37.81,37.93,37.61,37.85,98696813.0,1.0,0.950138592006698
2026-03-31,37.65,37.66,37.05,37.13,149771888.0,1.0,0.950138592006698
2026-04-01,37.88,38.19,37.77,38.11,49238283.0,1.0,0.950138592006698
2026-04-02,38.52,38.52,37.7,37.82,142688419.0,1.0,0.950138592006698
2026-04-07,38.08,38.18,37.92,38.07,74252034.0,1.0,0.950138592006698
2026-04-08,38.84,39.12,38.71,39.02,84399927.0,1.0,0.950138592006698
2026-04-09,39.08,39.1,38.96,39.08,38939445.0,1.0,0.950138592006698
2026-04-10,39.29,39.57,39.29,39.41,49996458.0,1.0,0.950138592006698
2026-04-13,39.4,39.6,39.2,39.52,47465866.0,1.0,0.950138592006698
2026-04-14,39.87,40.13,39.86,39.97,69668541.0,1.0,0.950138592006698
2026-04-15,40.22,40.55,40.21,40.25,81974850.0,1.0,0.950138592006698
2026-04-16,40.53,40.88,40.53,40.8,55846803.0,1.0,0.950138592006698
2026-04-17,40.8,41.2,40.79,40.98,69525243.0,1.0,0.950138592006698
2026-04-20,41.31,41.58,41.31,41.47,72627550.0,1.0,0.950138592006698
2026-04-21,41.6,41.98,41.6,41.97,77242581.0,1.0,0.950138592006698
2026-04-22,42.0,42.61,41.97,42.61,145535741.0,1.0,0.950138592006698
2026-04-23,41.91,41.99,40.2,40.65,178276598.0,0.9765313306735508,0.9729729729729729
2026-04-24,40.74,41.04,40.64,40.95,67087826.0,1.0,0.9729729729729729
2026-04-27,41.18,41.25,40.83,40.9,147779049.0,1.0,0.9729729729729729
2026-04-28,41.0,41.33,40.97,41.11,79437843.0,1.0,0.9729729729729729
2026-04-29,41.06,41.08,40.71,40.93,41561666.0,1.0,0.9729729729729729
2026-04-30,41.04,41.3,40.81,40.9,46787938.0,1.0,0.9729729729729729
2026-05-04,41.51,41.94,41.51,41.92,105581914.0,1.0,0.9729729729729729
2026-05-05,42.15,42.68,42.15,42.62,98244392.0,1.0,0.9729729729729729
2026-05-06,43.59,43.9,43.16,43.86,106691262.0,1.0,0.9729729729729729
2026-05-07,44.23,44.77,44.01,44.72,74924610.0,1.0,0.9729729729729729
2026-05-08,44.7,45.2,44.29,44.85,97813252.0,1.0,0.9729729729729729
2026-05-11,45.04,45.79,44.85,45.76,70902233.0,1.0,0.9729729729729729
2026-05-12,45.79,45.95,45.24,45.58,71013037.0,1.0,0.9729729729729729
2026-05-13,44.98,45.26,44.73,45.15,70167910.0,1.0,0.9729729729729729
2026-05-14,45.51,45.65,45.15,45.15,35738811.0,1.0,0.9729729729729729
2026-05-15,45.38,45.68,44.37,44.45,59832884.0,1.0,0.9729729729729729
2026-05-18,44.01,44.75,43.66,44.5,59831020.0,1.0,0.9729729729729729
2026-05-19,44.5,45.1,44.0,44.01,55685573.0,1.0,0.9729729729729729
2026-05-20,44.15,44.46,44.0,44.04,28691617.0,1.0,0.9729729729729729
2026-05-21,44.74,45.52,44.74,45.44,50081662.0,1.0,0.9729729729729729
2026-05-22,45.82,46.41,45.66,46.35,56808210.0,1.0,0.9729729729729729
2026-05-25,47.51,48.41,47.51,48.35,64623589.0,1.0,0.9729729729729729
2026-05-26,48.68,48.79,48.15,48.32,49374408.0,1.0,0.9729729729729729
2026-05-27,49.17,49.87,49.1,49.64,61667753.0,1.0,0.9729729729729729
2026-05-28,49.65,50.1,48.5,48.83,62678749.0,1.0,0.9729729729729729
2026-05-29,49.69,50.25,49.5,50.2,58208526.0,1.0,0.9729729729729729
2026-06-01,50.5,51.9,50.5,51.9,58919831.0,1.0,0.9729729729729729
2026-06-02,52.2,52.8,51.45,52.8,69462828.0,1.0,0.9729729729729729
2026-06-03,53.4,53.8,52.75,53.8,48338648.0,1.0,0.9729729729729729
2026-06-04,53.3,53.3,52.5,52.65,66916789.0,1.0,0.9729729729729729
2026-06-05,52.0,52.2,50.7,51.8,71486910.0,1.0,0.9729729729729729
2026-06-08,47.67,49.45,47.64,49.45,126733268.0,1.0,0.9729729729729729
2026-06-09,49.87,51.3,49.72,51.25,58646039.0,1.0,0.9729729729729729
2026-06-10,50.5,51.05,49.59,49.62,73135286.0,1.0,0.9729729729729729
2026-06-11,49.24,49.8,48.46,49.59,68453424.0,1.0,0.9729729729729729
2026-06-12,51.05,51.65,50.5,50.6,43124385.0,1.0,0.9729729729729729
2026-06-15,51.85,52.0,51.3,51.5,33706671.0,1.0,0.9729729729729729
2026-06-16,51.8,51.9,51.4,51.55,30454587.0,1.0,0.9729729729729729
2026-06-17,51.15,51.95,50.85,51.95,29771585.0,1.0,0.9729729729729729
2026-06-18,52.4,52.85,52.4,52.8,33652479.0,1.0,0.9729729729729729
2026-06-22,53.5,54.15,53.5,54.05,47649273.0,1.0,0.9729729729729729
2026-06-23,54.35,54.9,53.6,53.6,53667533.0,1.0,0.9729729729729729
2026-06-24,52.8,53.4,52.5,53.15,50678632.0,1.0,0.9729729729729729
2026-06-25,53.7,53.8,52.95,53.2,29133924.0,1.0,0.9729729729729729
2026-06-26,52.8,52.95,51.35,51.45,75502054.0,1.0,0.9729729729729729
2026-06-29,51.75,52.35,51.6,51.8,36288209.0,1.0,0.9729729729729729
2026-06-30,52.6,53.25,52.15,53.25,42298690.0,1.0,0.9729729729729729
2026-07-01,53.55,53.55,52.55,52.75,50422170.0,1.0,0.9729729729729729
2026-07-02,51.85,52.65,51.75,52.6,57875127.0,1.0,0.9729729729729729
2026-07-03,52.1,52.95,52.1,52.85,33981422.0,1.0,0.9729729729729729
2026-07-06,53.4,53.95,53.1,53.25,55408378.0,1.0,0.9729729729729729
2026-07-07,53.25,53.6,51.95,52.15,90628906.0,1.0,0.9729729729729729
2026-07-08,52.6,52.65,51.65,52.35,49809291.0,1.0,0.9729729729729729
2026-07-09,52.55,53.05,52.3,52.65,26405830.0,1.0,0.9729729729729729
2026-07-13,53.1,53.45,52.15,52.4,49611568.0,1.0,0.9729729729729729
2026-07-14,52.3,52.35,50.5,51.75,129993435.0,1.0,0.9729729729729729
2026-07-15,52.5,53.05,52.35,53.0,31702521.0,1.0,0.9729729729729729
2026-07-16,52.55,52.9,52.2,52.65,43385188.0,1.0,0.9729729729729729
2026-07-17,51.4,51.45,50.4,50.75,186636686.0,1.0,0.9729729729729729
2026-07-20,50.85,50.85,49.07,49.95,166201337.0,1.0,0.9729729729729729
2026-07-21,49.41,49.7,48.71,49.55,59195074.0,0.9729729729729729,1.0
2026-07-22,50.1,51.2,50.1,50.95,63366135.0,1.0,1.0
2026-07-23,51.3,51.55,50.35,50.65,29851078.0,1.0,1.0
2026-07-24,50.25,50.85,50.05,50.2,29539419.0,1.0,1.0
2026-07-27,50.15,50.25,49.32,50.0,58413669.0,1.0,1.0
2026-07-28,49.11,49.26,48.14,48.19,114563140.0,1.0,1.0
2026-07-29,48.31,48.67,45.98,46.73,136986451.0,1.0,1.0
2026-07-30,46.18,47.58,45.84,46.29,75807217.0,1.0,1.0
2026-07-31,48.7,49.79,48.7,49.48,92102219.0,1.0,1.0
2026-08-03,49.17,50.1,48.85,49.82,38149440.0,1.0,1.0
2026-08-04,49.85,51.0,49.63,50.6,37286568.0,1.0,1.0
2026-08-05,51.95,52.1,51.45,51.45,59266052.0,1.0,1.0
2026-08-06,51.35,51.7,51.0,51.3,21910193.0,1.0,1.0
2026-08-07,51.4,51.5,51.0,51.05,15000744.0,1.0,1.0
2026-08-10,51.9,52.45,51.65,52.45,67918629.0,1.0,1.0
2026-08-11,52.4,52.4,51.8,52.3,25285813.0,1.0,1.0
2026-08-12,52.5,53.05,52.5,52.7,36316524.0,1.0,1.0
2026-08-13,53.4,53.5,52.9,53.0,44643011.0,1.0,1.0
2026-08-14,53.35,54.0,53.3,53.4,49247717.0,1.0,1.0
2026-08-17,53.4,53.65,52.85,53.0,26728227.0,1.0,1.0
2026-08-18,53.1,53.2,52.4,52.7,30911033.0,1.0,1.0
2026-08-19,51.7,52.15,51.5,52.0,29889911.0,1.0,1.0
2026-08-20,52.35,52.55,51.75,52.05,18583817.0,1.0,1.0
2026-08-21,52.05,52.45,51.8,52.4,13677478.0,1.0,1.0
2026-08-24,52.5,52.7,52.15,52.3,15507700.0,1.0,1.0
2026-08-25,52.0,52.55,51.7,52.55,20575106.0,1.0,1.0
2026-08-26,52.45,53.3,52.4,53.25,31139381.0,1.0,1.0
2026-08-27,53.6,54.1,53.45,53.6,37361681.0,1.0,1.0
2026-08-28,54.0,54.45,53.75,53.85,19255570.0,1.0,1.0
2026-08-31,53.5,54.65,53.5,54.6,56468445.0,1.0,1.0
2026-09-01,54.8,55.15,54.6,54.85,28455930.0,1.0,1.0
2026-09-02,54.75,55.3,54.5,55.1,33462140.0,1.0,1.0
2026-09-03,55.5,55.8,54.5,54.5,26524720.0,1.0,1.0
2026-09-04,55.15,55.5,54.7,55.4,22979939.0,1.0,1.0
2026-09-07,55.95,56.1,55.7,55.85,24363427.0,1.0,1.0
2026-09-08,55.95,55.95,55.5,55.75,17306149.0,1.0,1.0
2026-09-09,55.8,56.0,55.7,55.75,15853609.0,1.0,1.0
2026-09-10,55.75,55.75,55.4,55.7,14562045.0,1.0,1.0
2026-09-11,55.05,55.65,54.75,55.3,24559073.0,1.0,1.0
2026-09-14,54.9,55.55,54.55,55.4,18893508.0,1.0,1.0
2026-09-15,55.2,55.25,54.85,55.0,25385973.0,1.0,1.0
2026-09-16,55.0,55.65,55.0,55.55,17447308.0,1.0,1.0
2026-09-17,55.95,56.55,55.95,56.3,26260542.0,1.0,1.0
2026-09-18,57.0,57.1,56.35,56.85,19305390.0,1.0,1.0
2026-09-21,56.85,57.25,56.7,57.15,21847416.0,1.0,1.0
2026-09-22,57.65,57.85,56.7,56.85,38810100.0,1.0,1.0
2026-09-23,57.1,57.15,56.55,56.6,26385848.0,1.0,1.0
2026-09-24,56.35,56.65,56.0,56.65,23158669.0,1.0,1.0
