date,raw_open,raw_high,raw_low,raw_close,volume,event_ratio,adj_factor
2012-07-17,29.04,29.28,28.88,29.13,2077002.0,1.0,0.6248094475891591
2012-07-18,29.13,29.17,28.8,28.8,1785000.0,1.0,0.6248094475891591
2012-07-19,28.9,29.5,28.9,29.43,1729000.0,1.0,0.6248094475891591
2012-07-20,29.43,29.44,29.29,29.44,1478100.0,1.0,0.6248094475891591
2012-07-23,29.03,29.03,28.71,28.86,1521000.0,1.0,0.6248094475891591
2012-07-24,28.86,28.86,28.68,28.77,1534000.0,1.0,0.6248094475891591
2012-07-25,28.42,28.88,28.41,28.63,1865000.0,1.0,0.6248094475891591
2012-07-26,28.7,28.82,28.59,28.68,1521000.0,1.0,0.6248094475891591
2012-07-27,29.06,29.39,29.0,29.39,1557000.0,1.0,0.6248094475891591
2012-07-30,29.5,29.65,29.48,29.53,1549000.0,1.0,0.6248094475891591
2012-07-31,29.63,29.95,29.48,29.93,1563002.0,1.0,0.6248094475891591
2012-08-01,29.8,30.09,29.8,30.08,1552100.0,1.0,0.6248094475891591
2012-08-03,29.9,29.9,29.68,29.81,1224000.0,1.0,0.6248094475891591
2012-08-06,30.0,30.46,30.0,30.19,2060100.0,1.0,0.6248094475891591
2012-08-07,30.25,30.29,30.16,30.22,1121320.0,1.0,0.6248094475891591
2012-08-08,30.47,30.53,30.33,30.43,1383150.0,1.0,0.6248094475891591
2012-08-09,30.66,31.0,30.66,31.0,1538000.0,1.0,0.6248094475891591
2012-08-10,31.0,31.09,30.94,31.02,1445427.0,1.0,0.6248094475891591
2012-08-13,31.0,31.18,31.0,31.07,1568000.0,1.0,0.6248094475891591
2012-08-14,31.07,31.39,31.07,31.25,1340000.0,1.0,0.6248094475891591
2012-08-15,31.25,31.26,31.07,31.12,1234000.0,1.0,0.6248094475891591
2012-08-16,31.17,31.37,31.06,31.22,1205000.0,1.0,0.6248094475891591
2012-08-17,31.22,31.23,31.05,31.07,1450000.0,1.0,0.6248094475891591
2012-08-20,31.07,31.09,30.84,31.02,1413000.0,1.0,0.6248094475891591
2012-08-21,31.05,31.52,31.05,31.33,1456000.0,1.0,0.6248094475891591
2012-08-22,31.16,31.33,31.08,31.28,1300000.0,1.0,0.6248094475891591
2012-08-23,31.35,31.38,31.16,31.32,1234000.0,1.0,0.6248094475891591
2012-08-24,31.2,31.2,31.08,31.2,1305000.0,1.0,0.6248094475891591
2012-08-27,31.45,31.45,31.09,31.18,1303000.0,1.0,0.6248094475891591
2012-08-28,31.1,31.1,30.71,30.83,1317450.0,1.0,0.6248094475891591
2012-08-29,30.8,30.97,30.78,30.97,1305000.0,1.0,0.6248094475891591
2012-08-30,30.73,30.9,30.73,30.87,1328000.0,1.0,0.6248094475891591
2012-08-31,30.87,31.01,30.74,30.86,1333000.0,1.0,0.6248094475891591
2012-09-03,30.86,31.24,30.86,31.16,1337000.0,1.0,0.6248094475891591
2012-09-04,31.25,31.25,31.09,31.15,1338000.0,1.0,0.6248094475891591
2012-09-05,31.15,31.15,30.62,30.7,1307000.0,1.0,0.6248094475891591
2012-09-06,30.7,30.74,30.49,30.55,863000.0,1.0,0.6248094475891591
2012-09-07,31.0,31.1,30.92,31.08,901000.0,1.0,0.6248094475891591
2012-09-10,31.08,31.22,31.06,31.22,914000.0,1.0,0.6248094475891591
2012-09-11,31.2,31.34,31.19,31.22,849000.0,1.0,0.6248094475891591
2012-09-12,31.44,31.74,31.44,31.73,868000.0,1.0,0.6248094475891591
2012-09-13,31.73,31.84,31.67,31.82,927000.0,1.0,0.6248094475891591
2012-09-14,32.2,32.59,32.2,32.57,844000.0,1.0,0.6248094475891591
2012-09-17,32.7,32.7,32.44,32.6,922000.0,1.0,0.6248094475891591
2012-09-18,32.4,32.59,32.4,32.57,813000.0,1.0,0.6248094475891591
2012-09-19,32.65,32.7,32.5,32.66,840000.0,1.0,0.6248094475891591
2012-09-20,32.66,32.66,32.36,32.48,817000.0,1.0,0.6248094475891591
2012-09-21,32.54,32.62,32.5,32.59,834000.0,1.0,0.6248094475891591
2012-09-24,32.49,32.65,32.23,32.55,837000.0,1.0,0.6248094475891591
2012-09-25,32.67,32.67,32.46,32.5,805000.0,1.0,0.6248094475891591
2012-09-26,32.3,32.34,32.08,32.26,812000.0,1.0,0.6248094475891591
2012-09-27,32.1,32.3,32.1,32.29,767000.0,1.0,0.6248094475891591
2012-09-28,32.33,32.38,32.18,32.31,858100.0,1.0,0.6248094475891591
2012-10-01,32.19,32.31,32.14,32.23,768000.0,1.0,0.6248094475891591
2012-10-02,32.29,32.55,32.26,32.51,770000.0,1.0,0.6248094475891591
2012-10-03,32.46,32.5,32.27,32.32,723000.0,1.0,0.6248094475891591
2012-10-04,32.2,32.3,32.04,32.29,723120.0,1.0,0.6248094475891591
2012-10-05,32.33,32.46,32.26,32.32,680000.0,1.0,0.6248094475891591
2012-10-08,32.22,32.22,32.0,32.12,778000.0,1.0,0.6248094475891591
2012-10-09,32.12,32.12,31.93,31.93,752000.0,1.0,0.6248094475891591
2012-10-11,31.44,31.44,31.13,31.13,80000.0,1.0,0.6248094475891591
2012-10-12,31.2,31.21,30.89,31.11,96000.0,1.0,0.6248094475891591
2012-10-15,31.01,31.16,31.0,31.16,774000.0,1.0,0.6248094475891591
2012-10-16,31.28,31.32,31.2,31.26,504000.0,1.0,0.6248094475891591
2012-10-17,31.53,31.53,31.26,31.26,518000.0,1.0,0.6248094475891591
2012-10-18,31.4,31.44,31.27,31.43,536000.0,1.0,0.6248094475891591
2012-10-19,31.35,31.35,31.02,31.14,533000.0,1.0,0.6248094475891591
2012-10-22,30.7,30.98,30.65,30.94,518000.0,1.0,0.6248094475891591
2012-10-23,30.92,30.94,30.7,30.8,607000.0,1.0,0.6248094475891591
2012-10-24,30.94,30.94,30.55,30.78,346000.0,1.0,0.6248094475891591
2012-10-25,30.82,30.82,30.6,30.63,328000.0,1.0,0.6248094475891591
2012-10-26,30.63,30.74,30.18,30.18,320000.0,1.0,0.6248094475891591
2012-10-29,30.22,30.4,30.2,30.21,252000.0,1.0,0.6248094475891591
2012-10-30,30.0,30.6,30.0,30.56,160000.0,1.0,0.6248094475891591
2012-10-31,30.74,30.74,30.3,30.43,528000.0,1.0,0.6248094475891591
2012-11-01,28.9,29.0,28.3,28.74,274000.0,0.9394019060138021,0.6651140939669108
2012-11-02,28.8,30.2,28.74,28.85,325000.0,1.0,0.6651140939669108
2012-11-05,28.9,28.9,28.61,28.72,207150.0,1.0,0.6651140939669108
2012-11-06,28.72,29.0,28.71,29.0,128586.0,1.0,0.6651140939669108
2012-11-07,28.95,29.23,28.81,29.13,252264.0,1.0,0.6651140939669108
2012-11-08,28.81,28.81,28.72,28.74,261000.0,1.0,0.6651140939669108
2012-11-09,28.61,29.23,28.61,29.17,257000.0,1.0,0.6651140939669108
2012-11-12,29.1,29.1,28.92,29.0,183000.0,1.0,0.6651140939669108
2012-11-13,28.9,28.9,28.38,28.45,156000.0,1.0,0.6651140939669108
2012-11-14,28.41,28.56,28.35,28.5,76000.0,1.0,0.6651140939669108
2012-11-15,28.4,28.53,28.12,28.4,156000.0,1.0,0.6651140939669108
2012-11-16,28.53,28.6,28.29,28.31,70000.0,1.0,0.6651140939669108
2012-11-19,28.66,28.7,28.49,28.57,22000.0,1.0,0.6651140939669108
2012-11-20,28.7,28.7,28.62,28.63,20000.0,1.0,0.6651140939669108
2012-11-21,28.7,28.75,28.32,28.42,176000.0,1.0,0.6651140939669108
2012-11-22,28.7,28.7,28.58,28.58,225000.0,1.0,0.6651140939669108
2012-11-23,28.88,29.55,28.86,29.53,431000.0,1.0,0.6651140939669108
2012-11-26,29.81,29.87,29.75,29.87,47000.0,1.0,0.6651140939669108
2012-11-27,29.87,29.97,29.8,29.92,166000.0,1.0,0.6651140939669108
2012-11-28,29.92,29.97,29.81,29.95,107000.0,1.0,0.6651140939669108
2012-11-29,30.15,30.31,30.13,30.3,252000.0,1.0,0.6651140939669108
2012-11-30,30.35,30.62,30.35,30.6,185000.0,1.0,0.6651140939669108
2012-12-03,30.69,30.71,30.49,30.55,222000.0,1.0,0.6651140939669108
2012-12-04,30.48,30.55,30.4,30.55,263000.0,1.0,0.6651140939669108
2012-12-05,30.46,30.79,30.44,30.71,368100.0,1.0,0.6651140939669108
2012-12-06,30.71,30.71,30.63,30.66,111015.0,1.0,0.6651140939669108
2012-12-07,30.66,30.7,30.65,30.68,65000.0,1.0,0.6651140939669108
2012-12-10,30.7,30.7,30.5,30.52,26000.0,1.0,0.6651140939669108
2012-12-11,30.55,30.55,30.33,30.47,26000.0,1.0,0.6651140939669108
2012-12-12,30.89,31.05,30.86,30.96,131030.0,1.0,0.6651140939669108
2012-12-13,31.12,31.27,31.07,31.26,234000.0,1.0,0.6651140939669108
2012-12-14,31.08,31.1,30.95,31.0,128009.0,1.0,0.6651140939669108
2012-12-17,30.8,30.8,30.54,30.57,176000.0,1.0,0.6651140939669108
2012-12-18,30.61,30.61,30.52,30.56,86000.0,1.0,0.6651140939669108
2012-12-19,30.77,30.77,30.6,30.6,80000.0,1.0,0.6651140939669108
2012-12-20,30.39,30.47,30.27,30.28,199000.0,1.0,0.6651140939669108
2012-12-21,30.23,30.23,29.92,30.02,57000.0,1.0,0.6651140939669108
2012-12-22,30.3,30.3,30.18,30.18,9000.0,1.0,0.6651140939669108
2012-12-24,30.05,30.15,30.05,30.1,27000.0,1.0,0.6651140939669108
2012-12-25,30.15,30.6,30.11,30.5,42000.0,1.0,0.6651140939669108
2012-12-26,30.57,30.6,30.46,30.5,71000.0,1.0,0.6651140939669108
2012-12-27,30.32,30.45,30.3,30.44,41000.0,1.0,0.6651140939669108
2012-12-28,30.68,30.69,30.6,30.67,36000.0,1.0,0.6651140939669108
2013-01-02,30.78,31.16,30.77,31.02,79000.0,1.0,0.6651140939669108
2013-01-03,31.29,31.3,31.21,31.28,61000.0,1.0,0.6651140939669108
2013-01-04,31.25,31.25,31.03,31.03,48000.0,1.0,0.6651140939669108
2013-01-07,30.85,30.95,30.78,30.95,17000.0,1.0,0.6651140939669108
2013-01-08,30.75,30.77,30.6,30.73,15000.0,1.0,0.6651140939669108
2013-01-09,30.8,30.95,30.8,30.86,15000.0,1.0,0.6651140939669108
2013-01-10,30.91,31.21,30.91,31.18,84000.0,1.0,0.6651140939669108
2013-01-11,31.26,31.26,31.02,31.13,29000.0,1.0,0.6651140939669108
2013-01-14,30.72,31.01,30.7,31.01,23000.0,1.0,0.6651140939669108
2013-01-15,31.0,31.0,30.75,30.8,34000.0,1.0,0.6651140939669108
2013-01-16,30.8,30.8,30.59,30.61,107000.0,1.0,0.6651140939669108
2013-01-17,30.8,30.9,30.28,30.3,32500.0,1.0,0.6651140939669108
2013-01-18,30.73,30.74,30.72,30.73,4000.0,1.0,0.6651140939669108
2013-01-21,30.73,30.86,30.73,30.86,11000.0,1.0,0.6651140939669108
2013-01-22,30.7,30.94,30.7,30.91,19000.0,1.0,0.6651140939669108
2013-01-23,30.99,31.0,30.83,30.83,8000.0,1.0,0.6651140939669108
2013-01-24,30.63,30.7,30.45,30.53,44000.0,1.0,0.6651140939669108
2013-01-25,30.54,30.54,30.37,30.37,8000.0,1.0,0.6651140939669108
2013-01-28,30.67,30.79,30.67,30.71,14000.0,1.0,0.6651140939669108
2013-01-29,30.85,31.21,30.85,31.21,83000.0,1.0,0.6651140939669108
2013-01-30,31.19,31.3,31.17,31.2,101000.0,1.0,0.6651140939669108
2013-01-31,31.17,31.2,31.05,31.2,49000.0,1.0,0.6651140939669108
2013-02-01,31.26,31.38,31.25,31.32,32000.0,1.0,0.6651140939669108
2013-02-04,31.41,31.68,31.41,31.6,178000.0,1.0,0.6651140939669108
2013-02-05,31.48,31.48,31.4,31.46,28010.0,1.0,0.6651140939669108
2013-02-06,31.54,31.66,31.54,31.58,117000.0,1.0,0.6651140939669108
2013-02-18,31.79,31.89,31.69,31.89,83000.0,1.0,0.6651140939669108
2013-02-19,31.88,31.88,31.8,31.84,44000.0,1.0,0.6651140939669108
2013-02-20,31.99,32.13,31.99,32.13,90000.0,1.0,0.6651140939669108
2013-02-21,32.06,32.06,31.85,31.86,23000.0,1.0,0.6651140939669108
2013-02-22,31.85,31.9,31.58,31.75,26000.0,1.0,0.6651140939669108
2013-02-23,31.95,31.95,31.84,31.9,61000.0,1.0,0.6651140939669108
2013-02-25,31.88,31.99,31.7,31.74,326000.0,1.0,0.6651140939669108
2013-02-26,31.46,31.53,31.4,31.4,150000.0,1.0,0.6651140939669108
2013-02-27,31.42,31.47,31.39,31.42,19000.0,1.0,0.6651140939669108
2013-03-01,31.6,31.62,31.57,31.62,32000.0,1.0,0.6651140939669108
2013-03-04,31.62,31.62,31.17,31.22,34000.0,1.0,0.6651140939669108
2013-03-05,31.35,31.52,31.35,31.48,22000.0,1.0,0.6651140939669108
2013-03-06,31.79,31.79,31.52,31.61,30000.0,1.0,0.6651140939669108
2013-03-07,31.6,31.63,31.55,31.6,38000.0,1.0,0.6651140939669108
2013-03-08,31.76,31.93,31.76,31.82,31005.0,1.0,0.6651140939669108
2013-03-11,31.78,31.97,31.78,31.95,67000.0,1.0,0.6651140939669108
2013-03-12,31.86,31.96,31.78,31.78,28000.0,1.0,0.6651140939669108
2013-03-13,31.87,31.92,31.6,31.77,38000.0,1.0,0.6651140939669108
2013-03-14,31.68,31.68,31.53,31.67,11015.0,1.0,0.6651140939669108
2013-03-15,31.56,31.61,31.49,31.49,70000.0,1.0,0.6651140939669108
2013-03-18,31.18,31.18,30.87,30.91,72000.0,1.0,0.6651140939669108
2013-03-19,31.02,31.1,31.02,31.1,33000.0,1.0,0.6651140939669108
2013-03-20,30.87,31.0,30.84,30.84,34000.0,1.0,0.6651140939669108
2013-03-21,30.94,30.95,30.88,30.93,117000.0,1.0,0.6651140939669108
2013-03-22,30.86,30.9,30.8,30.8,46000.0,1.0,0.6651140939669108
2013-03-25,31.05,31.13,30.97,31.0,20000.0,1.0,0.6651140939669108
2013-03-26,31.0,31.06,31.0,31.01,142000.0,1.0,0.6651140939669108
2013-03-27,30.99,31.2,30.97,31.17,36000.0,1.0,0.6651140939669108
2013-03-28,31.15,31.16,30.98,30.98,41000.0,1.0,0.6651140939669108
2013-03-29,31.18,31.33,31.18,31.33,69000.0,1.0,0.6651140939669108
2013-04-01,31.37,31.42,31.26,31.26,48000.0,1.0,0.6651140939669108
2013-04-02,31.3,31.35,31.2,31.23,89000.0,1.0,0.6651140939669108
2013-04-03,31.41,31.49,31.33,31.4,39000.0,1.0,0.6651140939669108
2013-04-08,31.1,31.1,30.6,30.61,177000.0,1.0,0.6651140939669108
2013-04-09,30.61,30.69,30.58,30.58,44000.0,1.0,0.6651140939669108
2013-04-10,30.67,30.67,30.58,30.58,33000.0,1.0,0.6651140939669108
2013-04-11,30.73,31.01,30.73,31.01,74000.0,1.0,0.6651140939669108
2013-04-12,31.02,31.02,30.9,30.9,3000.0,1.0,0.6651140939669108
2013-04-15,30.85,30.85,30.64,30.65,10000.0,1.0,0.6651140939669108
2013-04-16,30.46,30.71,30.45,30.71,27000.0,1.0,0.6651140939669108
2013-04-17,30.66,30.71,30.66,30.71,6000.0,1.0,0.6651140939669108
2013-04-18,30.48,30.74,30.48,30.64,24000.0,1.0,0.6651140939669108
2013-04-19,30.92,31.55,30.92,31.54,123000.0,1.0,0.6651140939669108
2013-04-22,31.67,31.72,31.67,31.67,59000.0,1.0,0.6651140939669108
2013-04-23,31.6,31.6,31.4,31.4,20000.0,1.0,0.6651140939669108
2013-04-24,31.65,31.79,31.56,31.75,42000.0,1.0,0.6651140939669108
2013-04-25,31.66,31.79,31.66,31.79,28000.0,1.0,0.6651140939669108
2013-04-26,31.89,32.06,31.86,31.87,70000.0,1.0,0.6651140939669108
2013-04-29,31.87,31.92,31.86,31.91,57000.0,1.0,0.6651140939669108
2013-04-30,32.15,32.24,32.15,32.19,89000.0,1.0,0.6651140939669108
2013-05-02,32.2,32.3,32.2,32.29,90000.0,1.0,0.6651140939669108
2013-05-03,32.39,32.5,32.39,32.39,26000.0,1.0,0.6651140939669108
2013-05-06,32.62,32.62,32.49,32.5,155000.0,1.0,0.6651140939669108
2013-05-07,32.51,32.57,32.49,32.52,198000.0,1.0,0.6651140939669108
2013-05-08,32.62,32.94,32.62,32.92,93000.0,1.0,0.6651140939669108
2013-05-09,32.9,33.2,32.9,33.13,47000.0,1.0,0.6651140939669108
2013-05-10,33.13,33.13,32.91,32.91,617000.0,1.0,0.6651140939669108
2013-05-13,32.91,32.95,32.79,32.79,19000.0,1.0,0.6651140939669108
2013-05-14,32.94,33.03,32.78,32.78,31000.0,1.0,0.6651140939669108
2013-05-15,32.98,32.98,32.8,32.91,37000.0,1.0,0.6651140939669108
2013-05-16,33.22,33.25,33.1,33.2,86000.0,1.0,0.6651140939669108
2013-05-17,33.19,33.19,32.96,32.97,12000.0,1.0,0.6651140939669108
2013-05-21,32.97,33.02,32.85,32.85,29000.0,1.0,0.6651140939669108
2013-05-22,33.02,33.04,32.85,32.86,38000.0,1.0,0.6651140939669108
2013-05-23,32.9,32.9,32.18,32.28,51000.0,1.0,0.6651140939669108
2013-05-24,32.32,32.32,31.85,31.85,83000.0,1.0,0.6651140939669108
2013-05-27,34.07,34.07,32.0,32.0,12000.0,1.0,0.6651140939669108
2013-05-28,32.11,32.11,32.11,32.11,1000.0,1.0,0.6651140939669108
2013-05-29,32.19,32.75,32.19,32.75,17000.0,1.0,0.6651140939669108
2013-05-30,32.72,32.72,32.47,32.47,4000.0,1.0,0.6651140939669108
2013-05-31,32.49,32.49,32.49,32.49,1000.0,1.0,0.6651140939669108
2013-06-03,32.14,32.23,32.14,32.23,6000.0,1.0,0.6651140939669108
2013-06-04,32.15,32.15,32.15,32.15,4000.0,1.0,0.6651140939669108
2013-06-05,32.21,32.21,32.21,32.21,1000.0,1.0,0.6651140939669108
2013-06-06,31.8,31.85,31.7,31.81,12046.0,1.0,0.6651140939669108
2013-06-07,31.94,31.95,31.8,31.95,9000.0,1.0,0.6651140939669108
2013-06-10,32.11,32.16,32.11,32.16,3000.0,1.0,0.6651140939669108
2013-06-11,32.16,32.3,32.0,32.0,10000.0,1.0,0.6651140939669108
2013-06-13,31.0,31.55,31.0,31.37,21030.0,1.0,0.6651140939669108
2013-06-14,31.42,31.42,31.3,31.3,7000.0,1.0,0.6651140939669108
2013-06-17,31.33,31.33,31.33,31.33,4000.0,1.0,0.6651140939669108
2013-06-18,31.38,31.59,31.35,31.59,11000.0,1.0,0.6651140939669108
2013-06-19,31.58,31.58,31.58,31.58,2000.0,1.0,0.6651140939669108
2013-06-20,31.25,31.34,31.1,31.15,45000.0,1.0,0.6651140939669108
2013-06-21,30.5,30.65,30.5,30.6,23000.0,1.0,0.6651140939669108
2013-06-24,30.52,30.6,30.47,30.58,25000.0,1.0,0.6651140939669108
2013-06-25,30.53,30.68,30.42,30.52,18000.0,1.0,0.6651140939669108
2013-06-26,32.55,32.55,30.7,30.7,2000.0,1.0,0.6651140939669108
2013-06-27,30.9,30.9,30.9,30.9,1000.0,1.0,0.6651140939669108
2013-06-28,31.2,31.29,31.16,31.29,39000.0,1.0,0.6651140939669108
2013-07-01,31.57,31.75,31.57,31.75,13000.0,1.0,0.6651140939669108
2013-07-02,31.75,31.75,31.7,31.7,3000.0,1.0,0.6651140939669108
2013-07-03,31.58,31.58,31.35,31.35,17000.0,1.0,0.6651140939669108
2013-07-04,31.38,31.38,31.3,31.3,15000.0,1.0,0.6651140939669108
2013-07-05,31.63,31.75,31.63,31.75,26000.0,1.0,0.6651140939669108
2013-07-08,31.42,31.42,31.21,31.25,9000.0,1.0,0.6651140939669108
2013-07-09,31.6,31.6,31.6,31.6,5000.0,1.0,0.6651140939669108
2013-07-10,31.78,31.81,31.63,31.81,22000.0,1.0,0.6651140939669108
2013-07-11,32.29,32.45,32.26,32.42,34000.0,1.0,0.6651140939669108
2013-07-12,32.5,32.57,32.47,32.47,16000.0,1.0,0.6651140939669108
2013-07-15,32.47,32.88,32.47,32.68,9000.0,1.0,0.6651140939669108
2013-07-16,32.59,32.65,32.59,32.65,21000.0,1.0,0.6651140939669108
2013-07-17,32.74,32.86,32.57,32.76,9000.0,1.0,0.6651140939669108
2013-07-18,32.51,32.51,32.51,32.51,7000.0,1.0,0.6651140939669108
2013-07-19,32.12,32.12,31.7,31.92,37000.0,1.0,0.6651140939669108
2013-07-22,33.0,33.0,31.92,32.0,18000.0,1.0,0.6651140939669108
2013-07-23,32.33,32.35,32.33,32.35,2000.0,1.0,0.6651140939669108
2013-07-24,32.49,32.53,32.49,32.53,8000.0,1.0,0.6651140939669108
2013-07-25,32.42,32.42,32.42,32.42,3000.0,1.0,0.6651140939669108
2013-07-26,32.45,32.52,32.45,32.52,5000.0,1.0,0.6651140939669108
2013-07-29,32.38,32.38,32.17,32.17,4000.0,1.0,0.6651140939669108
2013-07-30,32.2,32.2,32.2,32.2,1000.0,1.0,0.6651140939669108
2013-07-31,32.37,32.37,32.37,32.37,2000.0,1.0,0.6651140939669108
2013-08-01,32.19,32.36,32.19,32.3,3000.0,1.0,0.6651140939669108
2013-08-02,32.3,32.67,32.3,32.45,5000.0,1.0,0.6651140939669108
2013-08-05,32.46,32.46,32.44,32.44,3000.0,1.0,0.6651140939669108
2013-08-06,32.12,32.12,32.0,32.0,3000.0,1.0,0.6651140939669108
2013-08-07,31.85,31.85,31.76,31.76,16000.0,1.0,0.6651140939669108
2013-08-08,32.15,32.15,31.6,31.65,9000.0,1.0,0.6651140939669108
2013-08-09,31.49,31.5,31.42,31.49,22000.0,1.0,0.6651140939669108
2013-08-12,31.52,31.69,31.47,31.69,14000.0,1.0,0.6651140939669108
2013-08-13,31.8,31.8,31.8,31.8,2000.0,1.0,0.6651140939669108
2013-08-14,31.8,31.8,31.73,31.73,5000.0,1.0,0.6651140939669108
2013-08-15,31.52,31.52,31.52,31.52,1000.0,1.0,0.6651140939669108
2013-08-16,31.5,31.5,31.5,31.5,1000.0,1.0,0.6651140939669108
2013-08-19,31.69,31.69,31.69,31.69,1000.0,1.0,0.6651140939669108
2013-08-20,31.66,31.69,31.48,31.48,17000.0,1.0,0.6651140939669108
2013-08-22,31.48,31.48,31.06,31.07,12000.0,1.0,0.6651140939669108
2013-08-23,31.14,31.5,31.14,31.35,10000.0,1.0,0.6651140939669108
2013-08-26,31.38,31.38,31.38,31.38,16000.0,1.0,0.6651140939669108
2013-08-27,31.37,31.37,31.3,31.3,10000.0,1.0,0.6651140939669108
2013-08-28,31.18,31.19,31.09,31.14,5000.0,1.0,0.6651140939669108
2013-08-29,31.41,31.51,31.4,31.51,9000.0,1.0,0.6651140939669108
2013-08-30,31.72,31.8,31.72,31.8,2000.0,1.0,0.6651140939669108
2013-09-02,31.84,32.07,31.84,32.07,5000.0,1.0,0.6651140939669108
2013-09-03,32.3,32.3,32.2,32.25,8000.0,1.0,0.6651140939669108
2013-09-04,32.28,32.28,32.1,32.1,16000.0,1.0,0.6651140939669108
2013-09-05,32.17,32.31,32.17,32.31,4000.0,1.0,0.6651140939669108
2013-09-06,32.39,32.39,32.36,32.36,9000.0,1.0,0.6651140939669108
2013-09-09,32.39,32.48,32.36,32.44,10000.0,1.0,0.6651140939669108
2013-09-10,32.76,32.76,32.49,32.49,21000.0,1.0,0.6651140939669108
2013-09-11,32.43,32.6,32.43,32.6,11000.0,1.0,0.6651140939669108
2013-09-12,32.66,32.66,32.54,32.54,22000.0,1.0,0.6651140939669108
2013-09-14,32.53,32.53,32.53,32.53,1000.0,1.0,0.6651140939669108
2013-09-16,32.61,32.72,32.61,32.72,17000.0,1.0,0.6651140939669108
2013-09-17,32.0,32.0,32.0,32.0,1000.0,1.0,0.6651140939669108
2013-09-18,32.18,32.68,32.18,32.57,7000.0,1.0,0.6651140939669108
2013-09-23,32.68,32.68,32.68,32.68,40000.0,1.0,0.6651140939669108
2013-09-24,32.72,32.72,32.72,32.72,1000.0,1.0,0.6651140939669108
2013-09-25,32.75,32.77,32.75,32.76,6000.0,1.0,0.6651140939669108
2013-09-26,32.68,32.68,32.51,32.51,14000.0,1.0,0.6651140939669108
2013-09-27,32.62,32.7,32.55,32.7,10000.0,1.0,0.6651140939669108
2013-09-30,32.36,32.49,32.36,32.49,20000.0,1.0,0.6651140939669108
2013-10-01,32.5,32.5,32.49,32.5,3000.0,1.0,0.6651140939669108
2013-10-02,32.5,32.5,32.5,32.5,1000.0,1.0,0.6651140939669108
2013-10-03,32.9,32.9,32.51,32.9,9000.0,1.0,0.6651140939669108
2013-10-04,33.07,33.08,33.01,33.01,34045.0,1.0,0.6651140939669108
2013-10-07,32.9,32.9,32.84,32.89,28000.0,1.0,0.6651140939669108
2013-10-08,33.0,33.0,32.98,33.0,27000.0,1.0,0.6651140939669108
2013-10-09,32.95,33.03,32.95,32.98,8000.0,1.0,0.6651140939669108
2013-10-11,33.1,33.1,32.86,32.86,102000.0,1.0,0.6651140939669108
2013-10-14,32.85,32.85,32.36,32.36,67000.0,1.0,0.6651140939669108
2013-10-15,32.6,32.71,32.1,32.71,101000.0,1.0,0.6651140939669108
2013-10-16,32.73,32.73,32.73,32.73,4000.0,1.0,0.6651140939669108
2013-10-17,32.91,32.91,32.91,32.91,13000.0,1.0,0.6651140939669108
2013-10-18,33.0,33.0,33.0,33.0,4000.0,1.0,0.6651140939669108
2013-10-21,33.2,33.2,33.1,33.1,2000.0,1.0,0.6651140939669108
2013-10-22,33.03,33.03,32.93,32.99,10000.0,1.0,0.6651140939669108
2013-10-23,32.99,33.14,32.97,32.99,6000.0,1.0,0.6651140939669108
2013-10-24,33.02,33.04,32.95,33.01,93000.0,1.0,0.6651140939669108
2013-10-25,32.78,32.78,32.68,32.68,8000.0,1.0,0.6651140939669108
2013-10-28,32.96,33.14,32.88,32.88,51000.0,1.0,0.6651140939669108
2013-10-29,32.88,33.0,32.88,32.95,16000.0,1.0,0.6651140939669108
2013-10-30,33.02,33.02,32.92,32.96,13000.0,0.9809104704097118,0.6780579003189786
2013-10-31,32.43,32.79,32.43,32.71,16000.0,1.0,0.6780579003189786
2013-11-01,32.5,32.77,32.5,32.72,19000.0,1.0,0.6780579003189786
2013-11-04,32.47,32.47,32.47,32.47,1000.0,1.0,0.6780579003189786
2013-11-05,32.36,32.36,32.3,32.3,3000.0,1.0,0.6780579003189786
2013-11-06,32.2,32.2,32.2,32.2,2000.0,1.0,0.6780579003189786
2013-11-07,32.19,32.19,32.1,32.1,2000.0,1.0,0.6780579003189786
2013-11-08,32.04,32.04,31.9,31.9,15000.0,1.0,0.6780579003189786
2013-11-11,31.8,31.8,31.7,31.7,10000.0,1.0,0.6780579003189786
2013-11-12,31.85,31.85,31.6,31.6,4000.0,1.0,0.6780579003189786
2013-11-13,31.55,31.55,31.48,31.51,4000.0,1.0,0.6780579003189786
2013-11-14,31.54,31.56,31.5,31.5,8000.0,1.0,0.6780579003189786
2013-11-15,31.9,31.9,31.67,31.67,2000.0,1.0,0.6780579003189786
2013-11-18,31.89,31.89,31.77,31.77,8000.0,1.0,0.6780579003189786
2013-11-19,32.0,32.23,31.91,32.23,13000.0,1.0,0.6780579003189786
2013-11-20,32.1,32.1,32.1,32.1,5000.0,1.0,0.6780579003189786
2013-11-21,31.69,31.69,31.5,31.5,5000.0,1.0,0.6780579003189786
2013-11-22,31.52,31.53,31.52,31.53,2000.0,1.0,0.6780579003189786
2013-11-25,31.87,31.87,31.87,31.87,1000.0,1.0,0.6780579003189786
2013-11-26,31.87,32.1,31.87,31.99,12000.0,1.0,0.6780579003189786
2013-11-27,32.15,32.25,32.15,32.17,8000.0,1.0,0.6780579003189786
2013-11-28,32.3,32.3,32.29,32.3,3000.0,1.0,0.6780579003189786
2013-11-29,32.28,32.4,32.27,32.27,34000.0,1.0,0.6780579003189786
2013-12-02,32.3,32.39,32.2,32.2,9000.0,1.0,0.6780579003189786
2013-12-03,32.2,32.2,32.2,32.2,4000.0,1.0,0.6780579003189786
2013-12-04,32.1,32.27,32.1,32.27,11000.0,1.0,0.6780579003189786
2013-12-05,32.16,32.16,32.11,32.11,2000.0,1.0,0.6780579003189786
2013-12-06,32.16,32.2,32.16,32.2,6000.0,1.0,0.6780579003189786
2013-12-09,32.45,32.45,32.4,32.4,8000.0,1.0,0.6780579003189786
2013-12-10,32.4,32.51,32.4,32.51,3000.0,1.0,0.6780579003189786
2013-12-11,32.55,32.6,32.55,32.55,3000.0,1.0,0.6780579003189786
2013-12-12,32.33,32.33,32.17,32.17,4000.0,1.0,0.6780579003189786
2013-12-16,32.14,32.14,32.0,32.06,58000.0,1.0,0.6780579003189786
2013-12-17,32.3,32.33,32.3,32.33,7000.0,1.0,0.6780579003189786
2013-12-18,32.11,32.11,32.11,32.11,2000.0,1.0,0.6780579003189786
2013-12-19,32.11,32.29,32.11,32.29,5000.0,1.0,0.6780579003189786
2013-12-20,32.29,32.4,32.29,32.4,18000.0,1.0,0.6780579003189786
2013-12-23,32.5,32.51,32.5,32.51,3000.0,1.0,0.6780579003189786
2013-12-24,32.54,32.56,32.5,32.51,9000.0,1.0,0.6780579003189786
2013-12-25,32.55,32.6,32.5,32.5,3000.0,1.0,0.6780579003189786
2013-12-26,32.6,32.6,32.5,32.5,2000.0,1.0,0.6780579003189786
2013-12-27,32.6,32.72,32.6,32.71,15000.0,1.0,0.6780579003189786
2013-12-30,32.86,33.04,32.86,33.04,43000.0,1.0,0.6780579003189786
2013-12-31,33.01,33.01,33.01,33.01,1000.0,1.0,0.6780579003189786
2014-01-02,32.89,32.89,32.89,32.89,28000.0,1.0,0.6780579003189786
2014-01-03,32.7,32.7,32.7,32.7,1000.0,1.0,0.6780579003189786
2014-01-06,32.37,32.37,32.37,32.37,1000.0,1.0,0.6780579003189786
2014-01-07,32.44,32.44,32.44,32.44,3000.0,1.0,0.6780579003189786
2014-01-08,32.5,32.52,32.5,32.52,2000.0,1.0,0.6780579003189786
2014-01-09,32.48,32.61,32.48,32.55,4000.0,1.0,0.6780579003189786
2014-01-10,32.57,32.6,32.57,32.59,4000.0,1.0,0.6780579003189786
2014-01-13,32.8,32.83,32.64,32.64,46000.0,1.0,0.6780579003189786
2014-01-14,32.54,32.58,32.26,32.28,98000.0,1.0,0.6780579003189786
2014-01-15,32.76,32.98,32.76,32.9,9000.0,1.0,0.6780579003189786
2014-01-16,33.17,33.2,33.11,33.11,14000.0,1.0,0.6780579003189786
2014-01-17,33.11,33.11,33.11,33.11,1000.0,1.0,0.6780579003189786
2014-01-20,33.09,33.15,33.09,33.15,4000.0,1.0,0.6780579003189786
2014-01-21,33.16,33.16,33.01,33.01,3150.0,1.0,0.6780579003189786
2014-01-22,33.11,33.11,32.96,33.02,3000.0,1.0,0.6780579003189786
2014-01-23,33.08,33.11,33.01,33.01,5000.0,1.0,0.6780579003189786
2014-01-24,32.97,32.97,32.97,32.97,3000.0,1.0,0.6780579003189786
2014-01-27,32.5,32.5,32.5,32.5,2000.0,1.0,0.6780579003189786
2014-02-05,31.46,31.7,31.46,31.57,71000.0,1.0,0.6780579003189786
2014-02-06,31.75,31.75,31.75,31.75,1000.0,1.0,0.6780579003189786
2014-02-07,32.0,32.08,32.0,32.08,6000.0,1.0,0.6780579003189786
2014-02-10,32.19,32.2,32.19,32.2,3000.0,1.0,0.6780579003189786
2014-02-11,32.2,32.2,32.2,32.2,8000.0,1.0,0.6780579003189786
2014-02-12,32.5,32.51,32.46,32.47,5000.0,1.0,0.6780579003189786
2014-02-13,32.49,32.49,32.49,32.49,30000.0,1.0,0.6780579003189786
2014-02-14,32.67,32.9,32.67,32.9,15000.0,1.0,0.6780579003189786
2014-02-17,32.89,32.89,32.89,32.89,1000.0,1.0,0.6780579003189786
2014-02-20,32.8,32.8,32.8,32.8,2001.0,1.0,0.6780579003189786
2014-02-21,33.09,33.37,33.09,33.27,68000.0,1.0,0.6780579003189786
2014-02-24,33.27,33.27,33.2,33.2,7050.0,1.0,0.6780579003189786
2014-02-25,33.17,33.17,33.17,33.17,1000.0,1.0,0.6780579003189786
2014-02-26,33.13,33.37,33.13,33.37,6000.0,1.0,0.6780579003189786
2014-02-27,33.35,33.37,33.35,33.37,2000.0,1.0,0.6780579003189786
2014-03-04,32.3,33.01,32.3,33.01,4000.0,1.0,0.6780579003189786
2014-03-05,33.3,33.35,33.3,33.3,11000.0,1.0,0.6780579003189786
2014-03-06,33.52,33.71,33.52,33.71,11045.0,1.0,0.6780579003189786
2014-03-07,33.96,34.1,33.42,33.86,147000.0,1.0,0.6780579003189786
2014-03-10,33.85,33.85,33.21,33.56,89000.0,1.0,0.6780579003189786
2014-03-11,33.71,33.73,33.71,33.73,5000.0,1.0,0.6780579003189786
2014-03-12,33.7,33.7,33.5,33.5,2000.0,1.0,0.6780579003189786
2014-03-13,33.92,34.0,33.92,34.0,16000.0,1.0,0.6780579003189786
2014-03-17,33.87,33.87,33.61,33.61,8000.0,1.0,0.6780579003189786
2014-03-19,33.79,33.79,33.76,33.76,6000.0,1.0,0.6780579003189786
2014-03-20,33.68,33.68,33.68,33.68,1000.0,1.0,0.6780579003189786
2014-03-21,33.02,33.02,33.02,33.02,1000.0,1.0,0.6780579003189786
2014-03-24,33.29,33.29,33.29,33.29,45000.0,1.0,0.6780579003189786
2014-03-25,33.65,33.66,33.59,33.66,61000.0,1.0,0.6780579003189786
2014-03-26,33.87,33.92,33.87,33.92,3000.0,1.0,0.6780579003189786
2014-03-27,33.99,34.06,33.99,34.06,92000.0,1.0,0.6780579003189786
2014-03-28,34.05,34.09,34.05,34.05,17000.0,1.0,0.6780579003189786
2014-03-31,34.15,34.35,34.1,34.35,322000.0,1.0,0.6780579003189786
2014-04-01,34.35,34.4,34.35,34.4,46000.0,1.0,0.6780579003189786
2014-04-02,34.64,34.7,34.51,34.51,14000.0,1.0,0.6780579003189786
2014-04-03,34.5,34.5,34.44,34.45,3000.0,1.0,0.6780579003189786
2014-04-07,34.26,34.32,34.26,34.32,45000.0,1.0,0.6780579003189786
2014-04-08,34.5,34.53,34.5,34.53,10000.0,1.0,0.6780579003189786
2014-04-09,34.7,34.7,34.7,34.7,1000.0,1.0,0.6780579003189786
2014-04-10,34.85,34.85,34.69,34.69,58000.0,1.0,0.6780579003189786
2014-04-11,34.5,34.65,34.5,34.65,6000.0,1.0,0.6780579003189786
2014-04-14,34.66,34.67,34.6,34.67,8000.0,1.0,0.6780579003189786
2014-04-15,34.83,34.84,34.77,34.77,70000.0,1.0,0.6780579003189786
2014-04-16,34.7,34.79,34.7,34.79,3000.0,1.0,0.6780579003189786
2014-04-17,34.72,34.75,34.71,34.75,90000.0,1.0,0.6780579003189786
2014-04-18,34.84,34.91,34.84,34.91,6000.0,1.0,0.6780579003189786
2014-04-21,34.86,34.94,34.86,34.94,7000.0,1.0,0.6780579003189786
2014-04-22,35.01,35.02,34.98,35.01,40000.0,1.0,0.6780579003189786
2014-04-23,35.02,35.05,35.0,35.02,9000.0,1.0,0.6780579003189786
2014-04-24,34.92,34.92,34.92,34.92,2000.0,1.0,0.6780579003189786
2014-04-25,34.85,34.85,34.3,34.46,82000.0,1.0,0.6780579003189786
2014-04-28,34.8,34.8,34.2,34.2,2000.0,1.0,0.6780579003189786
2014-04-30,34.76,34.76,34.76,34.76,2000.0,1.0,0.6780579003189786
2014-05-02,34.76,34.76,34.7,34.7,2000.0,1.0,0.6780579003189786
2014-05-06,34.7,34.9,34.7,34.81,52000.0,1.0,0.6780579003189786
2014-05-07,34.77,34.77,34.75,34.75,2000.0,1.0,0.6780579003189786
2014-05-08,34.7,34.88,34.7,34.88,55000.0,1.0,0.6780579003189786
2014-05-09,34.77,34.77,34.77,34.77,50000.0,1.0,0.6780579003189786
2014-05-12,34.47,34.47,34.47,34.47,20000.0,1.0,0.6780579003189786
2014-05-14,34.77,34.78,34.77,34.78,26000.0,1.0,0.6780579003189786
2014-05-15,34.83,34.83,34.8,34.8,2000.0,1.0,0.6780579003189786
2014-05-16,34.9,34.96,34.9,34.96,7000.0,1.0,0.6780579003189786
2014-05-19,35.03,35.03,35.03,35.03,5000.0,1.0,0.6780579003189786
2014-05-20,35.05,35.08,35.05,35.08,26000.0,1.0,0.6780579003189786
2014-05-21,34.97,34.97,34.96,34.96,5000.0,1.0,0.6780579003189786
2014-05-22,35.02,35.3,35.02,35.3,133000.0,1.0,0.6780579003189786
2014-05-23,35.4,35.45,35.35,35.42,8000.0,1.0,0.6780579003189786
2014-05-26,35.57,35.57,35.57,35.57,1000.0,1.0,0.6780579003189786
2014-05-27,35.59,35.63,35.58,35.63,11000.0,1.0,0.6780579003189786
2014-05-28,36.0,36.0,36.0,36.0,2000.0,1.0,0.6780579003189786
2014-05-29,35.88,35.88,35.88,35.88,41000.0,1.0,0.6780579003189786
2014-05-30,35.84,35.84,35.8,35.8,142000.0,1.0,0.6780579003189786
2014-06-04,35.83,35.94,35.83,35.94,3000.0,1.0,0.6780579003189786
2014-06-06,35.91,35.99,35.91,35.92,33000.0,1.0,0.6780579003189786
2014-06-09,36.0,36.1,36.0,36.1,35000.0,1.0,0.6780579003189786
2014-06-10,36.11,36.2,36.01,36.2,38000.0,1.0,0.6780579003189786
2014-06-13,36.03,36.14,36.03,36.11,35000.0,1.0,0.6780579003189786
2014-06-16,36.1,36.1,36.1,36.1,1000.0,1.0,0.6780579003189786
2014-06-17,36.1,36.47,36.1,36.47,9000.0,1.0,0.6780579003189786
2014-06-18,36.6,36.69,36.6,36.69,42000.0,1.0,0.6780579003189786
2014-06-19,36.67,36.88,36.67,36.88,3000.0,1.0,0.6780579003189786
2014-06-20,36.93,36.97,36.83,36.83,52000.0,1.0,0.6780579003189786
2014-06-23,36.79,36.79,36.79,36.79,2000.0,1.0,0.6780579003189786
2014-06-25,36.81,36.81,36.81,36.81,20000.0,1.0,0.6780579003189786
2014-06-26,36.9,37.01,36.9,37.01,5000.0,1.0,0.6780579003189786
2014-06-27,37.07,37.07,37.07,37.07,1000.0,1.0,0.6780579003189786
2014-06-30,37.4,37.45,37.4,37.45,2000.0,1.0,0.6780579003189786
2014-07-01,37.45,37.84,37.45,37.84,47000.0,1.0,0.6780579003189786
2014-07-02,38.05,38.45,38.05,38.2,215000.0,1.0,0.6780579003189786
2014-07-03,38.18,38.5,38.18,38.5,183000.0,1.0,0.6780579003189786
2014-07-04,38.5,38.5,38.4,38.45,4000.0,1.0,0.6780579003189786
2014-07-07,38.45,38.46,38.25,38.25,4000.0,1.0,0.6780579003189786
2014-07-08,38.34,38.55,38.34,38.5,6000.0,1.0,0.6780579003189786
2014-07-10,38.6,38.73,38.6,38.73,50000.0,1.0,0.6780579003189786
2014-07-11,39.0,39.0,39.0,39.0,1000.0,1.0,0.6780579003189786
2014-07-15,39.17,39.17,39.14,39.14,41000.0,1.0,0.6780579003189786
2014-07-16,39.17,39.17,38.87,38.87,14000.0,1.0,0.6780579003189786
2014-07-17,38.8,38.8,38.47,38.47,2000.0,1.0,0.6780579003189786
2014-07-18,38.05,38.3,38.05,38.3,5000.0,1.0,0.6780579003189786
2014-07-21,38.5,38.78,38.5,38.78,2000.0,1.0,0.6780579003189786
2014-07-25,38.77,38.77,38.77,38.77,3000.0,1.0,0.6780579003189786
2014-07-28,37.91,37.91,37.91,37.91,1000.0,1.0,0.6780579003189786
2014-07-31,37.77,37.77,37.77,37.77,1000.0,1.0,0.6780579003189786
2014-08-01,37.77,37.77,37.59,37.59,3000.0,1.0,0.6780579003189786
2014-08-05,37.46,37.46,37.06,37.09,268000.0,1.0,0.6780579003189786
2014-08-11,37.45,37.54,37.45,37.54,2000.0,1.0,0.6780579003189786
2014-08-12,37.5,37.55,37.5,37.51,10000.0,1.0,0.6780579003189786
2014-08-13,37.65,37.65,37.65,37.65,2000.0,1.0,0.6780579003189786
2014-08-15,37.85,37.85,37.85,37.85,2000.0,1.0,0.6780579003189786
2014-08-19,38.3,38.35,38.3,38.35,7000.0,1.0,0.6780579003189786
2014-08-21,38.5,38.5,38.5,38.5,1000.0,1.0,0.6780579003189786
2014-08-22,38.99,38.99,38.99,38.99,2000.0,1.0,0.6780579003189786
2014-08-26,39.1,39.1,39.1,39.1,5000.0,1.0,0.6780579003189786
2014-08-27,39.21,39.54,39.21,39.38,27000.0,1.0,0.6780579003189786
2014-08-28,39.39,39.39,39.39,39.39,1000.0,1.0,0.6780579003189786
2014-08-29,39.28,39.28,39.21,39.21,22000.0,1.0,0.6780579003189786
2014-09-01,39.45,39.66,39.45,39.66,8000.0,1.0,0.6780579003189786
2014-09-02,39.3,39.59,39.23,39.23,203000.0,1.0,0.6780579003189786
2014-09-03,39.47,39.47,39.47,39.47,50000.0,1.0,0.6780579003189786
2014-09-05,39.44,39.44,39.02,39.02,23000.0,1.0,0.6780579003189786
2014-09-09,39.19,39.19,39.19,39.19,38000.0,1.0,0.6780579003189786
2014-09-10,39.0,39.0,38.75,38.75,116000.0,1.0,0.6780579003189786
2014-09-12,38.55,38.55,38.55,38.55,1000.0,1.0,0.6780579003189786
2014-09-15,38.27,38.27,38.27,38.27,2000.0,1.0,0.6780579003189786
2014-09-17,38.33,38.33,38.33,38.33,1000.0,1.0,0.6780579003189786
2014-09-19,38.47,38.47,38.47,38.47,4000.0,1.0,0.6780579003189786
2014-09-22,37.93,37.93,37.65,37.65,3000.0,1.0,0.6780579003189786
2014-09-23,37.65,37.65,37.65,37.65,1000.0,1.0,0.6780579003189786
2014-09-24,37.67,37.67,37.67,37.67,1000.0,1.0,0.6780579003189786
2014-09-25,37.86,37.86,37.55,37.55,3000.0,1.0,0.6780579003189786
2014-09-26,37.08,37.19,37.01,37.19,6000.0,1.0,0.6780579003189786
2014-09-29,37.03,37.03,37.03,37.03,1000.0,1.0,0.6780579003189786
2014-09-30,36.8,37.08,36.8,37.08,57000.0,1.0,0.6780579003189786
2014-10-03,37.27,37.64,37.27,37.64,3000.0,1.0,0.6780579003189786
2014-10-06,37.82,37.82,37.82,37.82,1000.0,1.0,0.6780579003189786
2014-10-07,37.63,37.63,37.54,37.54,2000.0,1.0,0.6780579003189786
2014-10-08,37.42,37.42,37.42,37.42,1000.0,1.0,0.6780579003189786
2014-10-09,37.42,37.5,37.42,37.5,51000.0,1.0,0.6780579003189786
2014-10-13,37.32,37.32,36.5,36.5,12000.0,1.0,0.6780579003189786
2014-10-15,36.71,36.71,36.53,36.53,2000.0,1.0,0.6780579003189786
2014-10-16,36.21,36.33,35.97,36.33,5000.0,1.0,0.6780579003189786
2014-10-17,36.53,36.53,36.14,36.14,4000.0,1.0,0.6780579003189786
2014-10-20,36.35,36.39,36.2,36.39,4000.0,1.0,0.6780579003189786
2014-10-21,36.5,36.5,36.5,36.5,1000.0,1.0,0.6780579003189786
2014-10-22,36.68,37.0,36.68,37.0,12000.0,1.0,0.6780579003189786
2014-10-24,36.8,36.95,36.7,36.7,13000.0,1.0,0.6780579003189786
2014-10-27,36.88,36.9,36.88,36.9,4000.0,1.0,0.6780579003189786
2014-10-28,37.08,37.5,37.02,37.41,53000.0,1.0,0.6780579003189786
2014-10-29,37.49,37.59,37.45,37.59,6000.0,0.9676022453889334,0.7007609826767499
2014-10-30,36.47,36.47,36.33,36.33,8000.0,1.0,0.7007609826767499
2014-10-31,36.33,36.52,36.33,36.52,3000.0,1.0,0.7007609826767499
2014-11-03,36.8,36.98,36.8,36.98,2000.0,1.0,0.7007609826767499
2014-11-04,37.02,37.02,36.98,36.98,2000.0,1.0,0.7007609826767499
2014-11-05,36.8,36.8,36.67,36.67,4000.0,1.0,0.7007609826767499
2014-11-06,36.73,36.73,36.73,36.73,3000.0,1.0,0.7007609826767499
2014-11-07,36.55,36.55,36.5,36.5,3000.0,1.0,0.7007609826767499
2014-11-10,36.77,37.3,36.77,37.3,36000.0,1.0,0.7007609826767499
2014-11-12,37.12,37.12,36.76,36.76,3000.0,1.0,0.7007609826767499
2014-11-14,36.94,36.94,36.94,36.94,1000.0,1.0,0.7007609826767499
2014-11-17,36.75,36.75,36.75,36.75,1000.0,1.0,0.7007609826767499
2014-11-18,36.57,36.57,36.57,36.57,1000.0,1.0,0.7007609826767499
2014-11-19,36.78,37.14,36.78,37.14,32500.0,1.0,0.7007609826767499
2014-11-20,37.32,37.44,37.32,37.44,3000.0,1.0,0.7007609826767499
2014-11-21,37.5,37.63,37.45,37.45,4000.0,1.0,0.7007609826767499
2014-11-24,37.87,37.87,37.87,37.87,1000.0,1.0,0.7007609826767499
2014-11-25,38.0,38.0,37.73,37.85,14000.0,1.0,0.7007609826767499
2014-11-26,37.67,37.67,37.67,37.67,1500.0,1.0,0.7007609826767499
2014-11-27,37.98,38.1,37.98,38.1,3000.0,1.0,0.7007609826767499
2014-11-28,38.0,38.0,38.0,38.0,1000.0,1.0,0.7007609826767499
2014-12-01,37.82,37.82,37.82,37.82,1000.0,1.0,0.7007609826767499
2014-12-02,37.64,37.64,37.28,37.28,8000.0,1.0,0.7007609826767499
2014-12-03,37.45,37.64,37.45,37.64,9000.0,1.0,0.7007609826767499
2014-12-08,37.79,37.79,37.65,37.65,4000.0,1.0,0.7007609826767499
2014-12-09,37.47,37.47,37.47,37.47,1000.0,1.0,0.7007609826767499
2014-12-10,37.29,37.47,36.92,36.92,11000.0,1.0,0.7007609826767499
2014-12-12,36.93,36.93,36.87,36.87,7000.0,1.0,0.7007609826767499
2014-12-15,36.69,36.69,36.3,36.35,7000.0,1.0,0.7007609826767499
2014-12-16,36.53,36.53,36.35,36.35,2000.0,1.0,0.7007609826767499
2014-12-17,36.15,36.15,35.7,35.7,4000.0,1.0,0.7007609826767499
2014-12-18,35.87,36.04,35.87,36.04,5000.0,1.0,0.7007609826767499
2014-12-19,36.29,36.65,36.29,36.65,3000.0,1.0,0.7007609826767499
2014-12-22,36.83,37.08,36.83,37.08,6000.0,1.0,0.7007609826767499
2014-12-23,37.03,37.03,37.03,37.03,1100.0,1.0,0.7007609826767499
2014-12-24,37.16,37.31,37.16,37.31,11000.0,1.0,0.7007609826767499
2014-12-27,37.49,37.49,37.49,37.49,1000.0,1.0,0.7007609826767499
2014-12-29,37.68,37.9,37.68,37.9,6000.0,1.0,0.7007609826767499
2014-12-31,37.68,37.68,37.68,37.68,1000.0,1.0,0.7007609826767499
2015-01-05,37.48,37.54,37.36,37.54,3000.0,1.0,0.7007609826767499
2015-01-06,37.36,37.36,36.56,36.56,7000.0,1.0,0.7007609826767499
2015-01-07,36.74,36.74,36.74,36.74,1000.0,1.0,0.7007609826767499
2015-01-08,37.05,37.44,37.05,37.44,7000.0,1.0,0.7007609826767499
2015-01-09,37.44,37.44,37.44,37.44,2000.0,1.0,0.7007609826767499
2015-01-12,37.27,37.27,37.27,37.27,1000.0,1.0,0.7007609826767499
2015-01-13,37.09,37.27,37.09,37.27,2000.0,1.0,0.7007609826767499
2015-01-14,37.09,37.09,37.09,37.09,1000.0,1.0,0.7007609826767499
2015-01-16,37.31,37.31,37.13,37.13,2000.0,1.0,0.7007609826767499
2015-01-19,37.48,37.48,37.4,37.41,6000.0,1.0,0.7007609826767499
2015-01-20,37.59,37.6,37.59,37.6,2000.0,1.0,0.7007609826767499
2015-01-21,37.86,37.89,37.86,37.89,4000.0,1.0,0.7007609826767499
2015-01-22,38.0,38.2,38.0,38.13,10000.0,1.0,0.7007609826767499
2015-01-23,38.59,38.71,38.59,38.69,9000.0,1.0,0.7007609826767499
2015-01-27,39.04,39.04,38.9,38.9,3000.0,1.0,0.7007609826767499
2015-01-28,38.9,39.0,38.9,38.99,6000.0,1.0,0.7007609826767499
2015-01-29,38.8,38.8,38.8,38.8,1000.0,1.0,0.7007609826767499
2015-01-30,38.61,38.61,38.61,38.61,1000.0,1.0,0.7007609826767499
2015-02-02,38.42,38.42,38.42,38.42,1000.0,1.0,0.7007609826767499
2015-02-03,38.62,38.62,38.62,38.62,1000.0,1.0,0.7007609826767499
2015-02-04,39.03,39.03,39.03,39.03,1000.0,1.0,0.7007609826767499
2015-02-05,39.12,39.12,39.12,39.12,1000.0,1.0,0.7007609826767499
2015-02-06,38.8,38.8,38.8,38.8,10000.0,1.0,0.7007609826767499
2015-02-10,38.61,38.61,38.61,38.61,1000.0,1.0,0.7007609826767499
2015-02-11,38.8,38.99,38.8,38.99,2000.0,1.0,0.7007609826767499
2015-02-12,39.0,39.0,39.0,39.0,1000.0,1.0,0.7007609826767499
2015-02-13,39.22,39.26,39.22,39.26,9000.0,1.0,0.7007609826767499
2015-02-24,39.53,39.85,39.53,39.85,6000.0,1.0,0.7007609826767499
2015-02-25,39.91,40.0,39.91,40.0,14000.0,1.0,0.7007609826767499
2015-02-26,39.81,39.81,39.81,39.81,1000.0,1.0,0.7007609826767499
2015-03-02,39.59,39.59,39.56,39.56,2000.0,1.0,0.7007609826767499
2015-03-03,39.37,39.37,39.37,39.37,1000.0,1.0,0.7007609826767499
2015-03-04,39.37,39.37,39.37,39.37,1000.0,1.0,0.7007609826767499
2015-03-05,39.54,39.54,39.54,39.54,4000.0,1.0,0.7007609826767499
2015-03-06,39.39,39.49,39.3,39.49,13025.0,1.0,0.7007609826767499
2015-03-09,39.36,39.36,39.17,39.17,39000.0,1.0,0.7007609826767499
2015-03-10,39.16,39.16,38.95,38.96,8000.0,1.0,0.7007609826767499
2015-03-11,38.9,39.11,38.9,39.11,3000.0,1.0,0.7007609826767499
2015-03-12,39.3,39.3,39.3,39.3,1000.0,1.0,0.7007609826767499
2015-03-16,39.28,39.28,38.99,38.99,3000.0,1.0,0.7007609826767499
2015-03-17,39.21,39.21,39.21,39.21,1102.0,1.0,0.7007609826767499
2015-03-18,39.41,39.41,39.41,39.41,1000.0,1.0,0.7007609826767499
2015-03-19,39.85,40.06,39.85,40.0,4000.0,1.0,0.7007609826767499
2015-03-23,40.14,40.14,40.14,40.14,1000.0,1.0,0.7007609826767499
2015-03-24,39.95,39.95,39.95,39.95,1000.0,1.0,0.7007609826767499
2015-03-26,39.26,39.26,39.26,39.26,1000.0,1.0,0.7007609826767499
2015-03-27,39.26,39.26,38.95,38.95,4000.0,1.0,0.7007609826767499
2015-04-01,38.78,38.8,38.59,38.8,4000.0,1.0,0.7007609826767499
2015-04-02,38.99,39.32,38.99,39.32,31000.0,1.0,0.7007609826767499
2015-04-09,39.19,39.19,39.1,39.1,31000.0,1.0,0.7007609826767499
2015-04-10,39.29,39.29,39.29,39.29,1000.0,1.0,0.7007609826767499
2015-04-13,39.31,39.31,39.31,39.31,2000.0,1.0,0.7007609826767499
2015-04-15,39.24,39.24,38.86,38.86,43000.0,1.0,0.7007609826767499
2015-04-16,39.2,39.39,39.2,39.33,12000.0,1.0,0.7007609826767499
2015-04-17,39.29,39.29,39.23,39.23,2000.0,1.0,0.7007609826767499
2015-04-20,39.04,39.04,39.0,39.0,2000.0,1.0,0.7007609826767499
2015-04-21,39.0,39.01,39.0,39.01,6000.0,1.0,0.7007609826767499
2015-04-22,39.2,39.41,39.2,39.41,2000.0,1.0,0.7007609826767499
2015-04-23,39.6,40.33,39.6,40.32,11000.0,1.0,0.7007609826767499
2015-04-24,41.18,41.21,41.0,41.0,7000.0,1.0,0.7007609826767499
2015-04-27,41.36,41.51,41.31,41.31,3000.0,1.0,0.7007609826767499
2015-04-28,41.31,41.31,41.31,41.31,2000.0,1.0,0.7007609826767499
2015-04-29,41.11,41.11,40.71,40.71,3000.0,1.0,0.7007609826767499
2015-04-30,40.51,40.51,40.46,40.46,4000.0,1.0,0.7007609826767499
2015-05-05,40.32,40.32,40.12,40.12,72000.0,1.0,0.7007609826767499
2015-05-07,39.92,39.92,39.8,39.8,2000.0,1.0,0.7007609826767499
2015-05-08,39.66,39.66,39.66,39.66,1000.0,1.0,0.7007609826767499
2015-05-11,39.91,39.91,39.72,39.72,55000.0,1.0,0.7007609826767499
2015-05-12,39.63,39.63,39.63,39.63,10000.0,1.0,0.7007609826767499
2015-05-13,39.88,39.88,39.88,39.88,1000.0,1.0,0.7007609826767499
2015-05-14,39.8,39.8,39.69,39.69,42000.0,1.0,0.7007609826767499
2015-05-15,39.5,39.5,39.5,39.5,38000.0,1.0,0.7007609826767499
2015-05-19,39.8,40.13,39.8,40.1,12000.0,1.0,0.7007609826767499
2015-05-21,39.52,39.52,39.52,39.52,2000.0,1.0,0.7007609826767499
2015-05-22,39.73,40.03,39.73,40.03,22000.0,1.0,0.7007609826767499
2015-05-25,39.83,40.02,39.82,39.82,54000.0,1.0,0.7007609826767499
2015-05-26,40.1,40.1,39.91,39.91,2000.0,1.0,0.7007609826767499
2015-05-27,40.1,40.1,40.1,40.1,1000.0,1.0,0.7007609826767499
2015-05-28,40.3,40.43,40.3,40.43,2000.0,1.0,0.7007609826767499
2015-05-29,40.23,40.28,40.13,40.16,50000.0,1.0,0.7007609826767499
2015-06-01,39.96,39.96,39.77,39.77,109000.0,1.0,0.7007609826767499
2015-06-03,39.65,39.65,39.65,39.65,1000.0,1.0,0.7007609826767499
2015-06-04,39.48,39.48,38.89,38.89,43000.0,1.0,0.7007609826767499
2015-06-05,38.56,38.76,38.56,38.76,2000.0,1.0,0.7007609826767499
2015-06-08,38.57,38.95,38.57,38.95,34000.0,1.0,0.7007609826767499
2015-06-09,38.75,38.75,38.56,38.56,32000.0,1.0,0.7007609826767499
2015-06-10,38.75,38.87,38.75,38.87,2000.0,1.0,0.7007609826767499
2015-06-11,39.0,39.0,38.95,38.95,31000.0,1.0,0.7007609826767499
2015-06-16,38.64,38.64,38.41,38.41,140000.0,1.0,0.7007609826767499
2015-06-17,38.6,38.6,38.6,38.6,1000.0,1.0,0.7007609826767499
2015-06-23,39.2,39.42,39.2,39.42,3000.0,1.0,0.7007609826767499
2015-06-24,39.29,39.29,39.12,39.12,17000.0,1.0,0.7007609826767499
2015-06-25,39.31,39.59,39.01,39.46,211000.0,1.0,0.7007609826767499
2015-06-26,39.6,39.6,39.6,39.6,1000.0,1.0,0.7007609826767499
2015-06-29,39.41,39.53,37.97,38.77,85000.0,1.0,0.7007609826767499
2015-06-30,38.59,38.83,38.59,38.83,15000.0,1.0,0.7007609826767499
2015-07-01,40.18,40.18,39.05,39.51,24030.0,1.0,0.7007609826767499
2015-07-02,39.51,39.51,39.51,39.51,4000.0,1.0,0.7007609826767499
2015-07-03,39.0,43.0,39.0,39.55,91154.0,1.0,0.7007609826767499
2015-07-06,39.36,39.36,39.35,39.35,4000.0,1.0,0.7007609826767499
2015-07-07,39.35,39.35,39.35,39.35,3000.0,1.0,0.7007609826767499
2015-07-08,39.15,39.15,38.14,38.3,55000.0,1.0,0.7007609826767499
2015-07-09,38.28,39.91,36.74,37.86,107000.0,1.0,0.7007609826767499
2015-07-13,39.5,40.49,38.1,38.52,31000.0,1.0,0.7007609826767499
2015-07-14,42.28,42.28,38.67,38.67,21000.0,1.0,0.7007609826767499
2015-07-16,41.28,41.28,38.78,38.78,22000.0,1.0,0.7007609826767499
2015-07-17,38.78,41.45,38.78,38.96,27000.0,1.0,0.7007609826767499
2015-07-20,39.15,41.98,38.61,38.61,26000.0,1.0,0.7007609826767499
2015-07-21,40.9,40.9,38.6,38.6,26000.0,1.0,0.7007609826767499
2015-07-22,41.98,41.98,38.53,38.59,33000.0,1.0,0.7007609826767499
2015-07-23,38.41,38.41,37.85,37.85,9000.0,1.0,0.7007609826767499
2015-07-24,39.99,39.99,37.67,37.67,7000.0,1.0,0.7007609826767499
2015-07-27,37.49,38.59,36.94,36.94,36000.0,1.0,0.7007609826767499
2015-07-28,37.11,38.29,37.02,37.02,36000.0,1.0,0.7007609826767499
2015-07-29,37.04,37.04,37.01,37.01,13000.0,1.0,0.7007609826767499
2015-07-30,39.82,39.82,37.28,37.5,33000.0,1.0,0.7007609826767499
2015-08-03,37.32,38.55,36.86,36.92,23000.0,1.0,0.7007609826767499
2015-08-04,36.75,38.0,36.51,36.85,22000.0,1.0,0.7007609826767499
2015-08-05,37.03,37.08,37.03,37.08,2000.0,1.0,0.7007609826767499
2015-08-06,36.06,36.96,36.06,36.71,8000.0,1.0,0.7007609826767499
2015-08-10,36.63,37.0,36.23,36.41,6000.0,1.0,0.7007609826767499
2015-08-11,39.55,39.55,36.5,36.5,22000.0,1.0,0.7007609826767499
2015-08-12,36.32,37.0,35.75,35.75,24000.0,1.0,0.7007609826767499
2015-08-13,38.79,38.79,35.83,36.05,30000.0,1.0,0.7007609826767499
2015-08-14,35.87,35.92,35.87,35.92,2000.0,1.0,0.7007609826767499
2015-08-17,35.74,35.74,35.4,35.57,4000.0,1.0,0.7007609826767499
2015-08-18,37.55,37.55,35.4,35.42,14000.0,1.0,0.7007609826767499
2015-08-19,36.96,36.96,34.88,34.88,144000.0,1.0,0.7007609826767499
2015-08-20,34.57,34.74,34.57,34.74,4000.0,1.0,0.7007609826767499
2015-08-21,34.57,34.57,33.65,33.91,53000.0,1.0,0.7007609826767499
2015-08-24,36.3,36.3,30.6,32.74,39000.0,1.0,0.7007609826767499
2015-08-25,32.9,33.45,32.9,33.45,6000.0,1.0,0.7007609826767499
2015-08-26,33.46,33.89,33.46,33.89,10000.0,1.0,0.7007609826767499
2015-08-27,34.05,34.17,34.05,34.1,3000.0,1.0,0.7007609826767499
2015-08-28,35.0,35.15,35.0,35.15,2000.0,1.0,0.7007609826767499
2015-08-31,34.98,34.98,34.65,34.93,57000.0,1.0,0.7007609826767499
2015-09-01,35.1,35.27,34.9,35.0,55000.0,1.0,0.7007609826767499
2015-09-02,34.71,35.15,34.54,35.15,35000.0,1.0,0.7007609826767499
2015-09-03,35.28,35.28,34.94,35.2,83000.0,1.0,0.7007609826767499
2015-09-04,35.2,35.2,34.85,34.85,23000.0,1.0,0.7007609826767499
2015-09-07,34.69,34.79,34.21,34.78,20000.0,1.0,0.7007609826767499
2015-09-08,34.94,36.15,34.78,34.78,11000.0,1.0,0.7007609826767499
2015-09-09,34.95,36.08,34.51,36.08,56000.0,1.0,0.7007609826767499
2015-09-10,36.1,36.68,35.7,35.94,48000.0,1.0,0.7007609826767499
2015-09-11,37.4,37.4,35.93,36.1,20000.0,1.0,0.7007609826767499
2015-09-14,36.25,36.25,36.08,36.08,18000.0,1.0,0.7007609826767499
2015-09-15,36.18,36.18,35.7,35.8,23000.0,1.0,0.7007609826767499
2015-09-16,36.1,36.2,36.1,36.2,17000.0,1.0,0.7007609826767499
2015-09-17,36.1,36.78,36.1,36.6,12000.0,1.0,0.7007609826767499
2015-09-21,36.44,36.44,35.98,35.98,18000.0,1.0,0.7007609826767499
2015-09-22,36.08,36.18,36.08,36.12,13000.0,1.0,0.7007609826767499
2015-09-23,35.94,35.94,35.42,35.42,15000.0,1.0,0.7007609826767499
2015-09-24,35.6,35.6,35.13,35.13,22000.0,1.0,0.7007609826767499
2015-09-25,35.12,35.12,34.95,35.1,17000.0,1.0,0.7007609826767499
2015-09-30,35.0,35.2,35.0,35.2,23000.0,1.0,0.7007609826767499
2015-10-01,35.3,35.81,35.3,35.79,9000.0,1.0,0.7007609826767499
2015-10-02,35.96,35.96,35.96,35.96,1000.0,1.0,0.7007609826767499
2015-10-05,36.0,36.0,36.0,36.0,10000.0,1.0,0.7007609826767499
2015-10-06,36.25,36.43,36.25,36.43,2000.0,1.0,0.7007609826767499
2015-10-07,35.96,36.55,35.96,36.55,26000.0,1.0,0.7007609826767499
2015-10-08,36.73,36.87,36.69,36.69,8000.0,1.0,0.7007609826767499
2015-10-12,36.88,37.3,36.88,37.3,11000.0,1.0,0.7007609826767499
2015-10-13,37.13,37.13,36.51,37.0,22000.0,1.0,0.7007609826767499
2015-10-14,38.18,38.18,36.9,36.97,28000.0,1.0,0.7007609826767499
2015-10-15,37.15,37.33,37.15,37.33,2000.0,1.0,0.7007609826767499
2015-10-16,37.35,37.35,37.35,37.35,5000.0,1.0,0.7007609826767499
2015-10-19,37.37,37.37,37.3,37.3,16000.0,1.0,0.7007609826767499
2015-10-20,37.28,37.3,37.08,37.08,16000.0,1.0,0.7007609826767499
2015-10-21,37.34,37.36,36.51,37.01,27000.0,1.0,0.7007609826767499
2015-10-22,37.1,37.1,37.1,37.1,15010.0,1.0,0.7007609826767499
2015-10-23,37.28,37.46,37.28,37.46,3020.0,1.0,0.7007609826767499
2015-10-26,37.59,37.68,37.59,37.68,16000.0,1.0,0.7007609826767499
2015-10-27,37.54,37.54,37.36,37.36,2000.0,1.0,0.7007609826767499
2015-10-28,37.52,37.52,37.34,37.34,2000.0,1.0,0.7007609826767499
2015-10-29,36.31,36.31,36.12,36.23,6000.0,0.9773701124799143,0.7169863020454813
2015-10-30,36.02,36.13,35.95,36.13,6000.0,1.0,0.7169863020454813
2015-11-02,35.95,36.03,35.95,36.03,16100.0,1.0,0.7169863020454813
2015-11-03,36.24,36.47,36.21,36.39,7000.0,1.0,0.7169863020454813
2015-11-04,36.62,37.05,36.62,37.05,10000.0,1.0,0.7169863020454813
2015-11-05,37.2,37.2,37.2,37.2,2000.0,1.0,0.7169863020454813
2015-11-06,36.97,36.97,36.68,36.68,22000.0,1.0,0.7169863020454813
2015-11-09,36.5,36.5,36.5,36.5,3000.0,1.0,0.7169863020454813
2015-11-10,36.32,36.32,36.2,36.2,2024.0,1.0,0.7169863020454813
2015-11-11,36.1,36.1,35.55,35.55,8000.0,1.0,0.7169863020454813
2015-11-13,35.44,35.55,35.35,35.35,10000.0,1.0,0.7169863020454813
2015-11-16,35.18,35.18,34.76,34.93,8000.0,1.0,0.7169863020454813
2015-11-17,35.16,35.7,35.16,35.7,16000.0,1.0,0.7169863020454813
2015-11-18,35.52,35.52,35.21,35.21,3000.0,1.0,0.7169863020454813
2015-11-19,35.38,35.38,35.38,35.38,3000.0,1.0,0.7169863020454813
2015-11-20,35.51,35.51,35.51,35.51,1000.0,1.0,0.7169863020454813
2015-11-23,35.56,35.56,35.56,35.56,4000.0,1.0,0.7169863020454813
2015-11-25,35.4,35.4,35.3,35.3,2000.0,1.0,0.7169863020454813
2015-11-26,35.47,35.64,35.47,35.64,2000.0,1.0,0.7169863020454813
2015-11-27,35.46,35.46,35.46,35.46,1000.0,1.0,0.7169863020454813
2015-11-30,35.02,35.02,34.67,34.67,3000.0,1.0,0.7169863020454813
2015-12-01,35.06,35.4,35.06,35.4,3000.0,1.0,0.7169863020454813
2015-12-02,35.57,35.57,35.57,35.57,1000.0,1.0,0.7169863020454813
2015-12-04,35.39,35.39,35.24,35.24,2000.0,1.0,0.7169863020454813
2015-12-07,35.43,35.69,35.43,35.62,11000.0,1.0,0.7169863020454813
2015-12-08,35.48,35.48,35.18,35.27,6000.0,1.0,0.7169863020454813
2015-12-09,35.09,35.09,34.79,34.79,5000.0,1.0,0.7169863020454813
2015-12-10,34.62,34.62,34.45,34.46,3000.0,1.0,0.7169863020454813
2015-12-11,34.63,34.63,34.31,34.31,4000.0,1.0,0.7169863020454813
2015-12-14,34.14,34.14,33.97,34.13,3000.0,1.0,0.7169863020454813
2015-12-15,34.01,34.05,34.01,34.05,2000.0,1.0,0.7169863020454813
2015-12-16,34.22,34.22,34.22,34.22,1000.0,1.0,0.7169863020454813
2015-12-17,34.41,34.51,34.41,34.51,4000.0,1.0,0.7169863020454813
2015-12-18,34.34,34.52,34.29,34.52,10000.0,1.0,0.7169863020454813
2015-12-23,34.75,34.75,34.75,34.75,1000.0,1.0,0.7169863020454813
2015-12-24,34.65,34.65,34.65,34.65,1000.0,1.0,0.7169863020454813
2015-12-25,34.52,35.05,34.52,34.98,7000.0,1.0,0.7169863020454813
2015-12-28,34.45,35.6,34.45,35.6,4000.0,1.0,0.7169863020454813
2015-12-30,35.1,35.1,35.1,35.1,1000.0,1.0,0.7169863020454813
2015-12-31,34.72,34.72,34.68,34.68,3000.0,1.0,0.7169863020454813
2016-01-05,34.0,34.0,33.73,33.73,4000.0,1.0,0.7169863020454813
2016-01-06,33.4,33.4,33.09,33.09,3000.0,1.0,0.7169863020454813
2016-01-07,32.44,32.44,32.44,32.44,1010.0,1.0,0.7169863020454813
2016-01-08,32.78,32.78,32.64,32.71,19000.0,1.0,0.7169863020454813
2016-01-11,32.5,32.5,32.15,32.27,14000.0,1.0,0.7169863020454813
2016-01-12,32.27,32.27,32.04,32.09,85000.0,1.0,0.7169863020454813
2016-01-13,32.68,32.68,32.4,32.4,29000.0,1.0,0.7169863020454813
2016-01-14,32.15,32.15,32.0,32.0,6000.0,1.0,0.7169863020454813
2016-01-15,32.75,32.75,32.1,32.1,30000.0,1.0,0.7169863020454813
2016-01-18,32.11,32.21,32.11,32.21,16000.0,1.0,0.7169863020454813
2016-01-19,32.17,32.17,32.17,32.17,5000.0,1.0,0.7169863020454813
2016-01-20,31.39,31.39,31.39,31.39,2000.0,1.0,0.7169863020454813
2016-01-21,31.24,31.61,31.24,31.6,8000.0,1.0,0.7169863020454813
2016-01-25,32.6,32.62,32.6,32.62,6000.0,1.0,0.7169863020454813
2016-01-26,32.28,32.28,32.28,32.28,1000.0,1.0,0.7169863020454813
2016-01-28,32.9,32.9,32.9,32.9,10000.0,1.0,0.7169863020454813
2016-01-29,32.9,33.38,32.9,33.25,6000.0,1.0,0.7169863020454813
2016-01-30,33.26,33.57,33.26,33.57,2000.0,1.0,0.7169863020454813
2016-02-01,33.68,33.88,33.68,33.88,2000.0,1.0,0.7169863020454813
2016-02-02,33.88,33.88,33.88,33.88,1000.0,1.0,0.7169863020454813
2016-02-03,33.57,33.57,33.43,33.51,32000.0,1.0,0.7169863020454813
2016-02-15,33.12,33.4,33.12,33.4,9000.0,1.0,0.7169863020454813
2016-02-16,33.8,33.96,33.8,33.96,2000.0,1.0,0.7169863020454813
2016-02-17,34.25,34.25,34.25,34.25,1000.0,1.0,0.7169863020454813
2016-02-19,34.58,34.58,34.58,34.58,3000.0,1.0,0.7169863020454813
2016-02-22,35.02,35.02,34.66,34.66,7000.0,1.0,0.7169863020454813
2016-02-25,34.8,34.8,34.8,34.8,1000.0,1.0,0.7169863020454813
2016-02-26,34.82,34.82,34.82,34.82,1000.0,1.0,0.7169863020454813
2016-03-01,34.82,34.82,34.82,34.82,8000.0,1.0,0.7169863020454813
2016-03-02,35.17,35.54,35.17,35.53,10000.0,1.0,0.7169863020454813
2016-03-03,35.6,35.8,35.6,35.8,4000.0,1.0,0.7169863020454813
2016-03-04,35.95,35.95,35.95,35.95,1000.0,1.0,0.7169863020454813
2016-03-07,36.0,36.0,36.0,36.0,1000.0,1.0,0.7169863020454813
2016-03-11,36.0,36.1,36.0,36.1,2000.0,1.0,0.7169863020454813
2016-03-14,36.32,36.56,36.32,36.56,3000.0,1.0,0.7169863020454813
2016-03-15,36.3,36.3,36.3,36.3,1000.0,1.0,0.7169863020454813
2016-03-16,36.1,36.1,36.1,36.1,1000.0,1.0,0.7169863020454813
2016-03-17,36.43,36.5,36.38,36.38,3000.0,1.0,0.7169863020454813
2016-03-21,36.5,36.82,36.5,36.82,4000.0,1.0,0.7169863020454813
2016-03-22,36.55,36.55,36.5,36.5,2034.0,1.0,0.7169863020454813
2016-03-25,36.22,36.22,36.22,36.22,1000.0,1.0,0.7169863020454813
2016-03-28,36.22,36.6,36.22,36.37,4000.0,1.0,0.7169863020454813
2016-03-29,36.36,36.36,36.07,36.07,3000.0,1.0,0.7169863020454813
2016-03-31,36.35,36.84,36.35,36.45,4000.0,1.0,0.7169863020454813
2016-04-01,36.09,36.23,36.09,36.23,3000.0,1.0,0.7169863020454813
2016-04-06,35.75,35.75,35.44,35.71,5000.0,1.0,0.7169863020454813
2016-04-07,35.5,35.5,35.5,35.5,1000.0,1.0,0.7169863020454813
2016-04-11,35.43,35.54,35.43,35.54,3000.0,1.0,0.7169863020454813
2016-04-12,36.0,36.0,35.66,35.66,3000.0,1.0,0.7169863020454813
2016-04-13,35.9,36.55,35.9,36.54,12000.0,1.0,0.7169863020454813
2016-04-19,36.43,36.43,36.43,36.43,1000.0,1.0,0.7169863020454813
2016-04-20,36.2,36.2,36.09,36.09,7000.0,1.0,0.7169863020454813
2016-04-21,35.64,36.0,35.64,36.0,4000.0,1.0,0.7169863020454813
2016-04-22,35.8,35.8,35.8,35.8,1000.0,1.0,0.7169863020454813
2016-04-25,36.13,36.13,36.13,36.13,1000.0,1.0,0.7169863020454813
2016-04-26,36.14,36.21,36.14,36.21,6000.0,1.0,0.7169863020454813
2016-04-28,35.9,35.9,35.64,35.64,3000.0,1.0,0.7169863020454813
2016-04-29,35.22,35.22,35.21,35.21,2000.0,1.0,0.7169863020454813
2016-05-03,34.5,34.5,34.5,34.5,2000.0,1.0,0.7169863020454813
2016-05-04,34.48,34.48,34.34,34.34,3000.0,1.0,0.7169863020454813
2016-05-05,34.29,34.29,34.17,34.25,3000.0,1.0,0.7169863020454813
2016-05-06,34.25,34.25,34.05,34.05,4000.0,1.0,0.7169863020454813
2016-05-09,33.84,33.84,33.84,33.84,8000.0,1.0,0.7169863020454813
2016-05-11,34.28,34.28,33.86,33.86,3000.0,1.0,0.7169863020454813
2016-05-12,34.11,34.11,34.11,34.11,3000.0,1.0,0.7169863020454813
2016-05-13,33.5,33.9,33.04,33.74,23000.0,1.0,0.7169863020454813
2016-05-17,34.2,34.2,34.2,34.2,1000.0,1.0,0.7169863020454813
2016-05-18,33.89,33.92,33.89,33.92,4000.0,1.0,0.7169863020454813
2016-05-19,33.9,33.92,33.9,33.92,2000.0,1.0,0.7169863020454813
2016-05-20,34.28,34.28,34.0,34.0,17000.0,1.0,0.7169863020454813
2016-05-23,34.26,35.0,34.26,35.0,24000.0,1.0,0.7169863020454813
2016-05-25,35.51,35.51,35.5,35.5,3000.0,1.0,0.7169863020454813
2016-05-26,35.4,35.4,35.4,35.4,1000.0,1.0,0.7169863020454813
2016-05-27,35.5,35.5,35.5,35.5,1000.0,1.0,0.7169863020454813
2016-05-30,35.55,35.9,35.55,35.9,3084.0,1.0,0.7169863020454813
2016-06-01,36.1,36.1,36.1,36.1,1000.0,1.0,0.7169863020454813
2016-06-02,36.1,36.2,36.1,36.2,5000.0,1.0,0.7169863020454813
2016-06-03,35.96,36.14,35.96,36.12,4000.0,1.0,0.7169863020454813
2016-06-07,36.5,36.7,36.5,36.7,5000.0,1.0,0.7169863020454813
2016-06-08,36.98,36.98,36.98,36.98,1000.0,1.0,0.7169863020454813
2016-06-13,36.49,36.49,36.25,36.25,4000.0,1.0,0.7169863020454813
2016-06-15,36.28,36.34,36.28,36.34,2000.0,1.0,0.7169863020454813
2016-06-23,36.92,36.92,36.92,36.92,1000.0,1.0,0.7169863020454813
2016-06-24,35.75,35.75,35.75,35.75,1000.0,1.0,0.7169863020454813
2016-06-27,36.32,36.32,36.32,36.32,1000.0,1.0,0.7169863020454813
2016-06-30,36.8,36.98,36.8,36.98,3000.0,1.0,0.7169863020454813
2016-07-01,37.35,37.51,37.35,37.51,8000.0,1.0,0.7169863020454813
2016-07-04,37.5,37.7,37.5,37.66,3000.0,1.0,0.7169863020454813
2016-07-06,36.88,36.97,36.88,36.97,2000.0,1.0,0.7169863020454813
2016-07-07,37.0,37.0,37.0,37.0,3000.0,1.0,0.7169863020454813
2016-07-11,37.92,37.94,37.92,37.92,6000.0,1.0,0.7169863020454813
2016-07-12,37.92,37.92,37.92,37.92,1000.0,1.0,0.7169863020454813
2016-07-13,38.1,38.1,38.1,38.1,2000.0,1.0,0.7169863020454813
2016-07-14,38.32,38.33,38.32,38.33,5000.0,1.0,0.7169863020454813
2016-07-15,38.79,38.79,38.79,38.79,1000.0,1.0,0.7169863020454813
2016-07-18,39.08,39.08,39.08,39.08,2000.0,1.0,0.7169863020454813
2016-07-20,39.14,39.14,38.94,38.94,2000.0,1.0,0.7169863020454813
2016-07-21,39.24,39.46,39.24,39.46,13000.0,1.0,0.7169863020454813
2016-07-22,39.26,39.26,39.26,39.26,1000.0,1.0,0.7169863020454813
2016-07-25,39.3,39.45,38.8,38.8,6000.0,1.0,0.7169863020454813
2016-07-26,38.8,39.26,38.8,39.26,11000.0,1.0,0.7169863020454813
2016-07-27,39.26,39.6,39.26,39.55,6000.0,1.0,0.7169863020454813
2016-07-28,39.35,39.5,39.35,39.5,13000.0,1.0,0.7169863020454813
2016-07-29,39.29,39.29,39.2,39.2,2000.0,1.0,0.7169863020454813
2016-08-01,39.75,39.8,39.75,39.8,2000.0,1.0,0.7169863020454813
2016-08-02,39.84,39.84,39.58,39.6,3000.0,0.9989195979899498,0.7177617733081005
2016-08-04,39.22,39.22,39.22,39.22,1000.0,1.0,0.7177617733081005
2016-08-05,39.41,39.6,39.41,39.58,4000.0,1.0,0.7177617733081005
2016-08-08,39.71,39.79,39.71,39.79,4000.0,1.0,0.7177617733081005
2016-08-09,39.98,40.0,39.98,40.0,6000.0,1.0,0.7177617733081005
2016-08-10,40.3,40.3,40.15,40.15,2000.0,1.0,0.7177617733081005
2016-08-12,39.9,39.9,39.9,39.9,2000.0,1.0,0.7177617733081005
2016-08-15,40.0,40.01,40.0,40.01,2000.0,1.0,0.7177617733081005
2016-08-16,40.08,40.08,40.08,40.08,1000.0,1.0,0.7177617733081005
2016-08-18,39.82,39.83,39.82,39.83,2000.0,1.0,0.7177617733081005
2016-08-19,40.0,40.0,40.0,40.0,2000.0,1.0,0.7177617733081005
2016-08-22,39.4,39.4,39.4,39.4,1000.0,1.0,0.7177617733081005
2016-08-23,39.47,39.47,39.4,39.42,32000.0,1.0,0.7177617733081005
2016-08-24,39.47,39.47,39.22,39.22,14000.0,1.0,0.7177617733081005
2016-08-25,39.8,39.81,39.75,39.81,4000.0,1.0,0.7177617733081005
2016-08-26,40.06,40.06,40.06,40.06,1000.0,1.0,0.7177617733081005
2016-08-29,39.72,39.74,39.56,39.57,16000.0,1.0,0.7177617733081005
2016-08-30,39.96,39.96,39.96,39.96,2000.0,1.0,0.7177617733081005
2016-09-01,39.63,39.63,39.63,39.63,1000.0,1.0,0.7177617733081005
2016-09-05,40.0,40.0,40.0,40.0,1000.0,1.0,0.7177617733081005
2016-09-06,40.0,40.0,39.99,40.0,11000.0,1.0,0.7177617733081005
2016-09-07,40.67,40.76,40.67,40.76,7000.0,1.0,0.7177617733081005
2016-09-12,39.35,39.35,39.35,39.35,1000.0,1.0,0.7177617733081005
2016-09-19,39.68,40.27,39.68,40.25,4000.0,1.0,0.7177617733081005
2016-09-20,40.25,40.49,40.25,40.49,2000.0,1.0,0.7177617733081005
2016-09-21,40.29,40.29,40.29,40.29,2000.0,1.0,0.7177617733081005
2016-09-29,40.88,40.88,40.53,40.53,6000.0,1.0,0.7177617733081005
2016-10-05,40.94,40.94,40.94,40.94,1000.0,1.0,0.7177617733081005
2016-10-07,40.61,40.61,40.61,40.61,3000.0,1.0,0.7177617733081005
2016-10-11,40.68,40.68,40.68,40.68,3000.0,1.0,0.7177617733081005
2016-10-12,40.68,40.68,40.68,40.68,3000.0,1.0,0.7177617733081005
2016-10-13,41.01,41.01,40.93,40.93,2000.0,1.0,0.7177617733081005
2016-10-17,40.45,40.45,40.4,40.4,2000.0,1.0,0.7177617733081005
2016-10-19,41.0,41.1,41.0,41.07,3000.0,1.0,0.7177617733081005
2016-10-21,41.2,41.2,41.2,41.2,1000.0,1.0,0.7177617733081005
2016-10-24,41.19,41.19,41.19,41.19,1000.0,1.0,0.7177617733081005
2016-10-25,41.52,41.82,41.52,41.82,2000.0,1.0,0.7177617733081005
2016-10-26,41.36,41.39,41.36,41.39,3000.0,1.0,0.7177617733081005
2016-10-27,41.1,41.39,41.1,41.39,2000.0,1.0,0.7177617733081005
2016-10-28,41.29,41.34,41.27,41.27,4000.0,1.0,0.7177617733081005
2016-11-03,40.46,40.46,40.46,40.46,2000.0,1.0,0.7177617733081005
2016-11-07,40.5,40.58,40.5,40.57,8000.0,1.0,0.7177617733081005
2016-11-08,40.8,40.81,40.79,40.79,3000.0,1.0,0.7177617733081005
2016-11-09,40.89,41.0,40.2,40.2,20000.0,1.0,0.7177617733081005
2016-11-10,40.69,40.73,40.69,40.73,3000.0,1.0,0.7177617733081005
2016-11-11,40.65,40.65,40.05,40.1,4000.0,1.0,0.7177617733081005
2016-11-15,40.0,40.0,40.0,40.0,1000.0,1.0,0.7177617733081005
2016-11-18,39.71,39.84,39.71,39.84,5000.0,1.0,0.7177617733081005
2016-11-28,40.94,40.94,40.94,40.94,1000.0,1.0,0.7177617733081005
2016-11-30,40.72,40.72,40.72,40.72,1000.0,1.0,0.7177617733081005
2016-12-06,40.28,40.62,40.28,40.62,3000.0,1.0,0.7177617733081005
2016-12-08,40.62,41.21,40.62,41.09,4000.0,1.0,0.7177617733081005
2016-12-09,41.2,41.72,41.2,41.7,14000.0,1.0,0.7177617733081005
2016-12-12,41.6,41.6,41.41,41.41,11000.0,1.0,0.7177617733081005
2016-12-13,41.62,41.7,41.37,41.37,15000.0,1.0,0.7177617733081005
2016-12-14,41.56,41.62,41.56,41.62,3000.0,1.0,0.7177617733081005
2016-12-19,40.8,40.8,40.8,40.8,1000.0,1.0,0.7177617733081005
2016-12-23,40.12,40.12,40.12,40.12,2000.0,1.0,0.7177617733081005
2016-12-27,40.15,40.4,40.15,40.4,3000.0,1.0,0.7177617733081005
2016-12-28,40.55,40.55,40.55,40.55,2000.0,1.0,0.7177617733081005
2016-12-30,40.6,40.6,40.6,40.6,1000.0,1.0,0.7177617733081005
2017-01-03,40.7,40.7,40.7,40.7,2000.0,1.0,0.7177617733081005
2017-01-04,40.71,40.71,40.7,40.7,2000.0,1.0,0.7177617733081005
2017-01-05,40.84,40.93,40.84,40.93,4000.0,1.0,0.7177617733081005
2017-01-06,41.0,41.0,41.0,41.0,1000.0,1.0,0.7177617733081005
2017-01-09,41.05,41.18,41.05,41.1,3000.0,1.0,0.7177617733081005
2017-01-10,41.26,41.34,41.26,41.34,3000.0,1.0,0.7177617733081005
2017-01-11,41.02,41.05,41.02,41.05,2000.0,1.0,0.7177617733081005
2017-01-12,41.2,41.34,41.2,41.34,2000.0,1.0,0.7177617733081005
2017-01-16,41.0,41.0,41.0,41.0,4000.0,1.0,0.7177617733081005
2017-01-20,41.05,41.05,41.05,41.05,21000.0,1.0,0.7177617733081005
2017-01-23,41.2,41.25,41.2,41.25,2000.0,1.0,0.7177617733081005
2017-01-24,41.36,41.6,41.36,41.6,6976.0,1.0,0.7177617733081005
2017-02-02,41.51,41.51,41.51,41.51,4000.0,1.0,0.7177617733081005
2017-02-03,41.55,41.55,41.51,41.51,2000.0,1.0,0.7177617733081005
2017-02-06,41.51,41.97,41.51,41.9,43000.0,1.0,0.7177617733081005
2017-02-07,41.9,42.02,41.87,42.01,57000.0,1.0,0.7177617733081005
2017-02-08,41.9,42.02,41.84,42.02,45100.0,1.0,0.7177617733081005
2017-02-09,41.91,42.26,41.91,42.08,63070.0,1.0,0.7177617733081005
2017-02-10,42.38,42.55,42.38,42.5,35000.0,1.0,0.7177617733081005
2017-02-13,42.61,42.75,42.61,42.75,44259.0,1.0,0.7177617733081005
2017-02-14,42.8,42.9,42.8,42.84,37051.0,1.0,0.7177617733081005
2017-02-15,42.84,43.18,42.79,43.18,37000.0,1.0,0.7177617733081005
2017-02-16,43.18,43.18,43.13,43.14,33000.0,1.0,0.7177617733081005
2017-02-17,43.17,43.18,43.17,43.18,32000.0,1.0,0.7177617733081005
2017-02-18,43.13,43.13,43.13,43.13,1000.0,1.0,0.7177617733081005
2017-02-20,43.11,43.17,43.11,43.12,33000.0,1.0,0.7177617733081005
2017-02-21,43.12,43.12,43.06,43.06,27043.0,1.0,0.7177617733081005
2017-02-22,43.3,43.3,43.18,43.18,22000.0,1.0,0.7177617733081005
2017-02-23,43.2,43.2,43.14,43.14,2000.0,1.0,0.7177617733081005
2017-02-24,43.06,43.1,43.05,43.1,7000.0,1.0,0.7177617733081005
2017-03-01,43.04,43.04,42.7,42.85,69072.0,1.0,0.7177617733081005
2017-03-02,42.85,43.15,42.7,42.8,7000.0,1.0,0.7177617733081005
2017-03-03,42.63,42.68,42.6,42.68,5023.0,1.0,0.7177617733081005
2017-03-06,42.7,42.7,42.68,42.68,19000.0,1.0,0.7177617733081005
2017-03-07,42.68,42.79,42.64,42.79,61170.0,1.0,0.7177617733081005
2017-03-08,42.95,42.95,42.9,42.9,7163.0,1.0,0.7177617733081005
2017-03-09,42.66,42.73,42.66,42.73,11092.0,1.0,0.7177617733081005
2017-03-10,42.4,42.55,42.4,42.55,8144.0,1.0,0.7177617733081005
2017-03-13,42.82,42.84,42.75,42.84,3093.0,1.0,0.7177617733081005
2017-03-14,43.0,43.15,43.0,43.11,5000.0,1.0,0.7177617733081005
2017-03-15,43.11,43.11,43.11,43.11,12000.0,1.0,0.7177617733081005
2017-03-16,43.57,43.6,43.57,43.6,23063.0,1.0,0.7177617733081005
2017-03-17,43.68,43.79,43.68,43.79,5068.0,1.0,0.7177617733081005
2017-03-20,43.81,43.81,43.81,43.81,1000.0,1.0,0.7177617733081005
2017-03-21,44.08,44.22,44.08,44.22,6000.0,1.0,0.7177617733081005
2017-03-22,43.8,43.8,43.8,43.8,1361.0,1.0,0.7177617733081005
2017-03-23,43.87,43.87,43.84,43.84,4022.0,1.0,0.7177617733081005
2017-03-24,43.84,43.93,43.84,43.93,3000.0,1.0,0.7177617733081005
2017-03-27,43.93,43.93,43.93,43.93,19000.0,1.0,0.7177617733081005
2017-03-29,43.93,43.93,43.73,43.73,5136.0,1.0,0.7177617733081005
2017-03-30,43.72,43.72,43.72,43.72,1137.0,1.0,0.7177617733081005
2017-03-31,43.72,43.72,43.72,43.72,1068.0,1.0,0.7177617733081005
2017-04-05,43.95,44.05,43.95,44.05,4518.0,1.0,0.7177617733081005
2017-04-06,43.96,43.96,43.96,43.96,15023.0,1.0,0.7177617733081005
2017-04-07,43.96,43.96,43.66,43.71,3099.0,1.0,0.7177617733081005
2017-04-11,43.78,43.86,43.78,43.86,11000.0,1.0,0.7177617733081005
2017-04-13,43.81,43.83,43.81,43.82,12000.0,1.0,0.7177617733081005
2017-04-17,43.47,43.47,43.38,43.38,32478.0,1.0,0.7177617733081005
2017-04-18,43.47,43.47,43.39,43.39,4212.0,1.0,0.7177617733081005
2017-04-19,43.0,43.02,43.0,43.0,13000.0,1.0,0.7177617733081005
2017-04-20,42.89,43.04,42.89,43.04,11550.0,1.0,0.7177617733081005
2017-04-21,43.2,43.27,43.2,43.27,11418.0,1.0,0.7177617733081005
2017-04-24,43.49,43.49,43.3,43.3,8000.0,1.0,0.7177617733081005
2017-04-25,43.6,43.75,43.59,43.75,26000.0,1.0,0.7177617733081005
2017-04-26,43.9,43.9,43.9,43.9,16000.0,1.0,0.7177617733081005
2017-04-27,43.87,43.87,43.73,43.8,3000.0,1.0,0.7177617733081005
2017-05-03,44.45,44.45,44.45,44.45,2137.0,1.0,0.7177617733081005
2017-05-04,44.56,44.56,44.56,44.56,1000.0,1.0,0.7177617733081005
2017-05-05,44.37,44.37,44.37,44.37,1069.0,1.0,0.7177617733081005
2017-05-08,44.42,44.47,44.42,44.47,20138.0,1.0,0.7177617733081005
2017-05-10,44.8,44.8,44.8,44.8,1229.0,1.0,0.7177617733081005
2017-05-11,44.8,45.0,44.8,44.92,7249.0,1.0,0.7177617733081005
2017-05-15,44.78,44.78,44.75,44.75,15000.0,1.0,0.7177617733081005
2017-05-16,44.85,44.85,44.85,44.85,21158.0,1.0,0.7177617733081005
2017-05-17,44.78,44.78,44.78,44.78,1198.0,1.0,0.7177617733081005
2017-05-18,44.62,44.62,44.62,44.62,1090.0,1.0,0.7177617733081005
2017-05-23,44.59,44.92,44.59,44.92,6264.0,1.0,0.7177617733081005
2017-05-24,44.92,44.92,44.92,44.92,1000.0,1.0,0.7177617733081005
2017-05-25,45.18,45.2,45.18,45.2,3000.0,1.0,0.7177617733081005
2017-05-26,45.17,45.17,45.17,45.17,17000.0,1.0,0.7177617733081005
2017-06-01,45.1,45.1,45.1,45.1,1344.0,1.0,0.7177617733081005
2017-06-02,45.31,45.31,45.31,45.31,4202.0,1.0,0.7177617733081005
2017-06-03,45.3,45.3,45.3,45.3,1455.0,1.0,0.7177617733081005
2017-06-05,45.31,45.79,45.31,45.79,2241.0,1.0,0.7177617733081005
2017-06-06,45.21,45.7,45.19,45.7,23000.0,1.0,0.7177617733081005
2017-06-07,45.71,45.71,45.62,45.7,3400.0,1.0,0.7177617733081005
2017-06-08,45.86,45.86,45.86,45.86,2293.0,1.0,0.7177617733081005
2017-06-14,45.26,45.26,45.21,45.21,3000.0,1.0,0.7177617733081005
2017-06-16,45.6,45.63,45.59,45.61,24132.0,1.0,0.7177617733081005
2017-06-19,45.69,46.08,45.69,46.08,7999.0,1.0,0.7177617733081005
2017-06-20,46.2,46.82,46.2,46.68,13648.0,1.0,0.7177617733081005
2017-06-21,46.5,46.5,46.45,46.45,2700.0,1.0,0.7177617733081005
2017-06-23,47.0,47.0,46.89,46.89,6213.0,1.0,0.7177617733081005
2017-06-26,47.2,47.57,47.2,47.54,42616.0,1.0,0.7177617733081005
2017-06-27,47.6,47.6,47.54,47.54,3221.0,1.0,0.7177617733081005
2017-06-28,47.16,47.39,47.16,47.3,8005.0,1.0,0.7177617733081005
2017-06-29,47.67,47.67,47.55,47.55,4280.0,1.0,0.7177617733081005
2017-06-30,47.55,47.55,47.22,47.37,4010.0,1.0,0.7177617733081005
2017-07-03,47.25,47.28,47.14,47.14,9815.0,1.0,0.7177617733081005
2017-07-04,47.34,47.34,47.31,47.31,4000.0,1.0,0.7177617733081005
2017-07-05,47.1,47.1,47.1,47.1,1000.0,1.0,0.7177617733081005
2017-07-06,47.38,47.38,47.27,47.27,25750.0,1.0,0.7177617733081005
2017-07-07,47.15,47.15,47.15,47.15,1635.0,1.0,0.7177617733081005
2017-07-12,47.85,47.85,47.85,47.85,1381.0,1.0,0.7177617733081005
2017-07-13,48.2,48.44,48.2,48.44,4369.0,1.0,0.7177617733081005
2017-07-14,48.25,48.29,48.25,48.29,3010.0,1.0,0.7177617733081005
2017-07-17,48.66,48.66,48.49,48.53,33360.0,1.0,0.7177617733081005
2017-07-18,48.36,48.51,48.36,48.47,6000.0,1.0,0.7177617733081005
2017-07-19,48.7,48.95,48.7,48.94,6200.0,1.0,0.7177617733081005
2017-07-20,48.97,49.08,48.84,48.84,8200.0,1.0,0.7177617733081005
2017-07-21,49.05,49.05,48.65,48.65,9020.0,1.0,0.7177617733081005
2017-07-24,48.5,48.68,48.45,48.68,7512.0,1.0,0.7177617733081005
2017-07-26,48.88,48.88,48.6,48.6,28000.0,1.0,0.7177617733081005
2017-07-27,48.1,48.1,48.01,48.03,5874.0,0.9794238683127572,0.7328408021591111
2017-07-28,47.82,47.88,47.68,47.68,9104.0,1.0,0.7328408021591111
2017-07-31,47.53,47.65,47.47,47.52,11485.0,1.0,0.7328408021591111
2017-08-02,48.2,48.25,48.2,48.2,10681.0,1.0,0.7328408021591111
2017-08-03,48.2,48.2,47.96,47.96,15176.0,1.0,0.7328408021591111
2017-08-04,48.15,48.15,48.1,48.1,2000.0,1.0,0.7328408021591111
2017-08-07,48.1,52.9,48.1,52.9,34117.0,1.0,0.7328408021591111
2017-08-08,52.0,52.0,48.69,48.7,32355.0,1.0,0.7328408021591111
2017-08-09,48.7,48.7,48.58,48.58,6393.0,1.0,0.7328408021591111
2017-08-10,48.0,48.04,47.73,48.04,6301.0,1.0,0.7328408021591111
2017-08-11,47.9,47.9,47.78,47.78,6187.0,1.0,0.7328408021591111
2017-08-14,47.71,47.71,47.61,47.61,92230.0,1.0,0.7328408021591111
2017-08-15,47.61,47.61,47.61,47.61,6355.0,1.0,0.7328408021591111
2017-08-16,47.73,47.73,47.6,47.6,40100.0,1.0,0.7328408021591111
2017-08-17,47.9,47.9,47.67,47.67,7500.0,1.0,0.7328408021591111
2017-08-18,47.59,47.6,47.5,47.6,3000.0,1.0,0.7328408021591111
2017-08-22,47.73,47.73,47.73,47.73,3168.0,1.0,0.7328408021591111
2017-08-23,47.9,47.96,47.9,47.96,7209.0,1.0,0.7328408021591111
2017-08-24,48.0,48.2,48.0,48.2,12650.0,1.0,0.7328408021591111
2017-08-25,48.55,48.55,48.5,48.5,3261.0,1.0,0.7328408021591111
2017-08-28,48.5,48.82,48.5,48.7,53402.0,1.0,0.7328408021591111
2017-08-29,48.65,48.72,48.65,48.72,7000.0,1.0,0.7328408021591111
2017-08-30,48.72,48.72,48.72,48.72,3061.0,1.0,0.7328408021591111
2017-09-01,49.5,49.5,49.5,49.5,1943.0,1.0,0.7328408021591111
2017-09-05,48.82,48.82,48.67,48.67,4050.0,1.0,0.7328408021591111
2017-09-06,48.67,48.9,48.67,48.67,40056.0,1.0,0.7328408021591111
2017-09-07,48.76,48.76,48.76,48.76,3080.0,1.0,0.7328408021591111
2017-09-08,48.8,48.81,48.8,48.81,2628.0,1.0,0.7328408021591111
2017-09-11,49.19,49.19,48.8,48.8,6323.0,1.0,0.7328408021591111
2017-09-12,48.89,48.89,48.89,48.89,2824.0,1.0,0.7328408021591111
2017-09-13,48.76,48.76,48.76,48.76,16093.0,1.0,0.7328408021591111
2017-09-14,47.9,48.63,47.9,48.63,36728.0,1.0,0.7328408021591111
2017-09-15,48.46,48.48,48.43,48.43,20000.0,1.0,0.7328408021591111
2017-09-18,48.9,48.9,48.88,48.88,38082.0,1.0,0.7328408021591111
2017-09-19,48.6,48.69,48.6,48.69,2100.0,1.0,0.7328408021591111
2017-09-20,48.49,48.49,48.44,48.44,2817.0,1.0,0.7328408021591111
2017-09-21,48.01,48.7,48.01,48.7,12000.0,1.0,0.7328408021591111
2017-09-22,48.3,48.3,48.02,48.02,8166.0,1.0,0.7328408021591111
2017-09-25,48.0,48.0,47.48,47.48,52261.0,1.0,0.7328408021591111
2017-09-26,47.4,47.4,47.25,47.25,34355.0,1.0,0.7328408021591111
2017-09-27,47.42,47.42,47.42,47.42,1170.0,1.0,0.7328408021591111
2017-09-28,47.42,47.42,47.27,47.27,3123.0,1.0,0.7328408021591111
2017-09-29,47.08,47.45,47.08,47.45,3692.0,1.0,0.7328408021591111
2017-09-30,47.46,47.46,47.46,47.46,1536.0,1.0,0.7328408021591111
2017-10-02,47.7,47.78,47.7,47.78,5260.0,1.0,0.7328408021591111
2017-10-05,47.92,48.09,47.92,48.09,4020.0,1.0,0.7328408021591111
2017-10-06,48.03,48.37,48.03,48.35,40000.0,1.0,0.7328408021591111
2017-10-11,48.76,48.78,48.76,48.78,2754.0,1.0,0.7328408021591111
2017-10-12,49.25,49.3,49.25,49.3,24020.0,1.0,0.7328408021591111
2017-10-13,49.23,49.23,49.23,49.23,3100.0,1.0,0.7328408021591111
2017-10-16,49.62,49.68,49.62,49.65,41332.0,1.0,0.7328408021591111
2017-10-17,49.69,49.69,49.5,49.5,5000.0,1.0,0.7328408021591111
2017-10-19,49.8,49.8,49.73,49.73,3301.0,1.0,0.7328408021591111
2017-10-20,49.73,49.73,49.73,49.73,3119.0,1.0,0.7328408021591111
2017-10-23,49.89,49.89,49.73,49.73,14460.0,1.0,0.7328408021591111
2017-10-24,49.42,49.5,49.38,49.38,3578.0,1.0,0.7328408021591111
2017-10-26,49.67,49.67,49.65,49.66,35000.0,1.0,0.7328408021591111
2017-10-27,49.45,49.45,49.45,49.45,1500.0,1.0,0.7328408021591111
2017-10-30,50.15,50.15,50.15,50.15,2649.0,1.0,0.7328408021591111
2017-10-31,50.05,50.1,50.0,50.1,4010.0,1.0,0.7328408021591111
2017-11-01,50.0,50.0,50.0,50.0,1000.0,1.0,0.7328408021591111
2017-11-03,49.94,49.94,49.9,49.9,3218.0,1.0,0.7328408021591111
2017-11-06,50.0,50.0,49.67,49.67,48130.0,1.0,0.7328408021591111
2017-11-07,49.9,49.9,49.9,49.9,2290.0,1.0,0.7328408021591111
2017-11-08,49.97,49.97,49.97,49.97,1150.0,1.0,0.7328408021591111
2017-11-09,49.97,49.97,49.81,49.81,2110.0,1.0,0.7328408021591111
2017-11-10,49.66,49.66,49.66,49.66,2222.0,1.0,0.7328408021591111
2017-11-13,49.4,49.4,49.4,49.4,4685.0,1.0,0.7328408021591111
2017-11-15,49.2,49.2,49.15,49.15,3030.0,1.0,0.7328408021591111
2017-11-16,49.02,49.03,49.02,49.03,46615.0,1.0,0.7328408021591111
2017-11-17,49.63,49.63,49.4,49.4,3100.0,1.0,0.7328408021591111
2017-11-20,49.4,49.4,49.4,49.4,1020.0,1.0,0.7328408021591111
2017-11-21,49.31,49.85,49.31,49.85,13182.0,1.0,0.7328408021591111
2017-11-22,50.05,50.25,50.05,50.1,6498.0,1.0,0.7328408021591111
2017-11-23,50.0,50.0,50.0,50.0,5602.0,1.0,0.7328408021591111
2017-11-24,50.0,50.0,50.0,50.0,1513.0,1.0,0.7328408021591111
2017-11-27,50.0,50.0,49.77,49.77,39149.0,1.0,0.7328408021591111
2017-11-28,49.41,49.41,49.28,49.28,2360.0,1.0,0.7328408021591111
2017-11-29,49.41,49.41,49.13,49.13,13100.0,1.0,0.7328408021591111
2017-11-30,48.71,48.71,47.3,47.3,61260.0,0.9664156319967434,0.7583081004649773
2017-12-01,47.3,47.3,46.44,46.8,46430.0,1.0,0.7583081004649773
2017-12-04,46.8,47.22,46.6,47.22,7770.0,1.0,0.7583081004649773
2017-12-05,46.88,46.95,46.81,46.81,4069.0,1.0,0.7583081004649773
2017-12-06,46.3,46.55,45.71,45.71,95315.0,1.0,0.7583081004649773
2017-12-07,45.82,45.82,45.37,45.37,4495.0,1.0,0.7583081004649773
2017-12-08,45.37,45.85,45.37,45.73,12024.0,1.0,0.7583081004649773
2017-12-12,46.0,46.0,45.9,45.9,4149.0,1.0,0.7583081004649773
2017-12-14,46.25,46.42,46.25,46.42,3000.0,1.0,0.7583081004649773
2017-12-15,46.02,46.02,46.02,46.02,1341.0,1.0,0.7583081004649773
2017-12-18,46.08,46.08,46.02,46.02,50000.0,1.0,0.7583081004649773
2017-12-19,46.0,46.0,45.68,45.68,9826.0,1.0,0.7583081004649773
2017-12-21,46.0,46.0,45.98,45.98,2299.0,1.0,0.7583081004649773
2017-12-22,45.98,45.99,45.82,45.99,5818.0,1.0,0.7583081004649773
2017-12-26,46.0,46.0,45.7,45.7,40469.0,1.0,0.7583081004649773
2017-12-27,45.69,45.69,45.69,45.69,1360.0,1.0,0.7583081004649773
2017-12-29,46.66,46.66,46.66,46.66,1200.0,1.0,0.7583081004649773
2018-01-02,46.7,46.73,46.7,46.73,4380.0,1.0,0.7583081004649773
2018-01-03,46.8,47.28,46.8,47.23,12347.0,1.0,0.7583081004649773
2018-01-04,47.23,47.23,47.1,47.23,7521.0,1.0,0.7583081004649773
2018-01-05,47.07,47.07,47.02,47.02,3882.0,1.0,0.7583081004649773
2018-01-08,47.65,47.65,47.6,47.65,55841.0,1.0,0.7583081004649773
2018-01-09,47.65,47.65,47.38,47.38,4625.0,1.0,0.7583081004649773
2018-01-10,47.55,47.55,47.55,47.55,1472.0,1.0,0.7583081004649773
2018-01-11,46.9,46.9,46.9,46.9,1120.0,1.0,0.7583081004649773
2018-01-12,47.57,47.57,47.57,47.57,1121.0,1.0,0.7583081004649773
2018-01-15,47.91,47.91,47.59,47.63,15462.0,1.0,0.7583081004649773
2018-01-16,47.83,47.95,47.81,47.9,58395.0,1.0,0.7583081004649773
2018-01-17,47.9,47.9,47.9,47.9,7988.0,1.0,0.7583081004649773
2018-01-18,48.25,48.53,48.25,48.53,7341.0,1.0,0.7583081004649773
2018-01-19,48.59,49.6,48.59,49.6,42210.0,1.0,0.7583081004649773
2018-01-22,49.75,49.75,49.6,49.6,13112.0,1.0,0.7583081004649773
2018-01-23,49.8,49.88,49.77,49.88,8101.0,1.0,0.7583081004649773
2018-01-24,49.85,49.85,49.08,49.11,8379.0,1.0,0.7583081004649773
2018-01-25,49.11,49.78,49.11,49.54,9147.0,1.0,0.7583081004649773
2018-01-26,49.35,49.35,48.96,49.31,47576.0,1.0,0.7583081004649773
2018-01-29,49.46,49.46,49.07,49.07,12260.0,1.0,0.7583081004649773
2018-01-30,49.0,49.0,49.0,49.0,1695.0,1.0,0.7583081004649773
2018-01-31,48.75,49.08,48.75,49.08,6095.0,1.0,0.7583081004649773
2018-02-01,49.08,49.08,49.08,49.08,3007.0,1.0,0.7583081004649773
2018-02-02,48.88,49.08,48.88,49.08,4930.0,1.0,0.7583081004649773
2018-02-05,48.4,48.56,48.4,48.56,3234.0,1.0,0.7583081004649773
2018-02-06,46.72,47.94,46.46,46.46,78523.0,1.0,0.7583081004649773
2018-02-07,46.46,47.47,46.46,47.06,7600.0,1.0,0.7583081004649773
2018-02-08,46.9,46.9,46.78,46.78,2711.0,1.0,0.7583081004649773
2018-02-09,46.5,46.5,46.19,46.5,9576.0,1.0,0.7583081004649773
2018-02-12,46.5,47.0,46.5,46.92,15662.0,1.0,0.7583081004649773
2018-02-21,47.74,48.11,47.72,47.81,58579.0,1.0,0.7583081004649773
2018-02-22,47.76,47.76,47.32,47.32,3326.0,1.0,0.7583081004649773
2018-02-23,47.96,47.96,47.96,47.96,1639.0,1.0,0.7583081004649773
2018-02-26,47.93,48.79,47.93,48.42,71959.0,1.0,0.7583081004649773
2018-02-27,48.44,48.44,48.15,48.15,13638.0,1.0,0.7583081004649773
2018-03-01,47.72,47.75,47.6,47.6,8605.0,1.0,0.7583081004649773
2018-03-05,47.57,47.57,47.3,47.3,3276.0,1.0,0.7583081004649773
2018-03-06,47.74,47.74,47.68,47.68,74622.0,1.0,0.7583081004649773
2018-03-07,47.67,47.67,47.47,47.47,2310.0,1.0,0.7583081004649773
2018-03-12,48.55,49.02,48.55,49.02,4903.0,1.0,0.7583081004649773
2018-03-13,48.89,49.15,48.89,49.15,7229.0,1.0,0.7583081004649773
2018-03-14,49.1,49.13,48.89,49.13,4018.0,1.0,0.7583081004649773
2018-03-16,48.58,49.06,48.28,49.06,77470.0,1.0,0.7583081004649773
2018-03-19,48.85,49.08,48.85,48.93,4527.0,1.0,0.7583081004649773
2018-03-20,48.62,48.79,48.62,48.79,6099.0,1.0,0.7583081004649773
2018-03-21,48.97,48.97,48.66,48.66,2201.0,1.0,0.7583081004649773
2018-03-23,47.78,47.78,47.7,47.7,6418.0,1.0,0.7583081004649773
2018-03-26,47.63,47.76,47.59,47.68,44605.0,1.0,0.7583081004649773
2018-03-27,48.12,48.37,48.12,48.17,6158.0,1.0,0.7583081004649773
2018-03-28,47.88,47.88,47.88,47.88,1397.0,1.0,0.7583081004649773
2018-03-29,47.88,47.88,47.77,47.77,5150.0,1.0,0.7583081004649773
2018-03-30,48.14,48.14,48.14,48.14,1010.0,1.0,0.7583081004649773
2018-04-02,48.05,48.05,47.98,47.98,6526.0,1.0,0.7583081004649773
2018-04-03,47.8,47.8,47.8,47.8,1308.0,1.0,0.7583081004649773
2018-04-09,47.8,48.04,47.79,48.04,65170.0,1.0,0.7583081004649773
2018-04-10,48.04,48.09,48.04,48.09,2191.0,1.0,0.7583081004649773
2018-04-11,48.22,48.22,48.22,48.22,4419.0,1.0,0.7583081004649773
2018-04-13,48.29,48.29,48.29,48.29,1230.0,1.0,0.7583081004649773
2018-04-16,48.22,48.27,48.06,48.27,58300.0,1.0,0.7583081004649773
2018-04-17,47.9,47.9,47.22,47.49,17888.0,1.0,0.7583081004649773
2018-04-18,47.52,47.52,47.52,47.52,2066.0,1.0,0.7583081004649773
2018-04-19,47.59,48.11,47.59,48.11,5210.0,1.0,0.7583081004649773
2018-04-20,47.17,47.19,47.17,47.17,10220.0,1.0,0.7583081004649773
2018-04-23,46.86,46.91,46.55,46.7,16883.0,1.0,0.7583081004649773
2018-04-24,46.7,46.7,46.34,46.5,14187.0,1.0,0.7583081004649773
2018-04-25,46.22,46.36,46.1,46.36,7888.0,1.0,0.7583081004649773
2018-04-26,46.36,46.36,46.09,46.09,59751.0,1.0,0.7583081004649773
2018-04-27,46.15,46.15,45.9,46.0,6380.0,1.0,0.7583081004649773
2018-04-30,46.88,46.9,46.88,46.9,2060.0,1.0,0.7583081004649773
2018-05-02,46.5,46.5,46.48,46.48,3562.0,1.0,0.7583081004649773
2018-05-03,45.98,45.98,45.98,45.98,1165.0,1.0,0.7583081004649773
2018-05-04,45.9,46.13,45.9,45.9,4746.0,1.0,0.7583081004649773
2018-05-07,46.37,46.58,46.29,46.58,70081.0,1.0,0.7583081004649773
2018-05-08,45.0,46.59,45.0,46.59,9103.0,1.0,0.7583081004649773
2018-05-09,46.82,47.0,46.82,47.0,3529.0,1.0,0.7583081004649773
2018-05-10,47.0,47.23,47.0,47.23,6422.0,1.0,0.7583081004649773
2018-05-11,47.27,47.82,47.27,47.82,6250.0,1.0,0.7583081004649773
2018-05-14,47.93,48.14,47.93,48.14,4252.0,1.0,0.7583081004649773
2018-05-15,48.2,48.2,47.99,48.0,11936.0,1.0,0.7583081004649773
2018-05-16,47.81,47.85,47.77,47.85,108406.0,1.0,0.7583081004649773
2018-05-17,47.73,47.73,47.46,47.46,14061.0,1.0,0.7583081004649773
2018-05-18,47.4,47.45,47.4,47.45,2980.0,1.0,0.7583081004649773
2018-05-21,47.63,47.78,47.63,47.78,5829.0,1.0,0.7583081004649773
2018-05-22,47.99,48.18,47.99,48.07,7166.0,1.0,0.7583081004649773
2018-05-23,48.07,48.07,47.76,47.76,52587.0,1.0,0.7583081004649773
2018-05-24,47.76,47.83,47.76,47.83,3000.0,1.0,0.7583081004649773
2018-05-25,47.76,47.86,47.76,47.86,5121.0,1.0,0.7583081004649773
2018-05-28,48.23,48.28,48.17,48.27,52016.0,1.0,0.7583081004649773
2018-05-29,48.06,48.06,47.8,47.8,24100.0,1.0,0.7583081004649773
2018-05-30,47.16,47.56,47.16,47.16,71204.0,1.0,0.7583081004649773
2018-05-31,47.34,47.46,47.1,47.1,42358.0,1.0,0.7583081004649773
2018-06-01,47.15,47.2,47.15,47.2,52722.0,1.0,0.7583081004649773
2018-06-04,47.64,48.27,47.64,47.92,44439.0,1.0,0.7583081004649773
2018-06-05,48.09,48.09,48.09,48.09,40208.0,1.0,0.7583081004649773
2018-06-06,48.15,48.71,48.15,48.54,102093.0,1.0,0.7583081004649773
2018-06-07,48.73,48.73,48.63,48.65,46039.0,1.0,0.7583081004649773
2018-06-08,48.47,48.48,48.45,48.45,45220.0,1.0,0.7583081004649773
2018-06-11,48.45,48.5,48.45,48.45,48500.0,1.0,0.7583081004649773
2018-06-12,48.45,48.45,48.37,48.37,43782.0,1.0,0.7583081004649773
2018-06-13,48.56,48.56,48.46,48.46,41500.0,1.0,0.7583081004649773
2018-06-14,48.38,48.38,48.07,48.07,43041.0,1.0,0.7583081004649773
2018-06-15,47.93,47.93,47.75,47.75,43343.0,1.0,0.7583081004649773
2018-06-19,47.75,47.94,47.65,47.65,67331.0,1.0,0.7583081004649773
2018-06-20,47.57,47.65,47.57,47.65,48673.0,1.0,0.7583081004649773
2018-06-21,47.82,47.82,47.74,47.75,46878.0,1.0,0.7583081004649773
2018-06-22,47.6,47.87,47.6,47.78,44613.0,1.0,0.7583081004649773
2018-06-25,47.78,47.99,47.78,47.89,45466.0,1.0,0.7583081004649773
2018-06-26,47.7,47.91,47.2,47.34,69040.0,1.0,0.7583081004649773
2018-06-27,47.4,47.4,47.34,47.34,42000.0,1.0,0.7583081004649773
2018-06-28,47.0,47.11,46.82,47.11,38679.0,1.0,0.7583081004649773
2018-06-29,47.29,47.55,47.29,47.55,39000.0,1.0,0.7583081004649773
2018-07-02,47.74,47.74,47.55,47.55,39653.0,1.0,0.7583081004649773
2018-07-03,47.74,47.74,47.39,47.39,41326.0,1.0,0.7583081004649773
2018-07-04,47.42,47.42,47.42,47.42,40520.0,1.0,0.7583081004649773
2018-07-05,47.39,47.44,47.37,47.38,43200.0,1.0,0.7583081004649773
2018-07-06,49.79,49.79,47.09,47.51,114052.0,1.0,0.7583081004649773
2018-07-09,47.7,47.77,47.7,47.77,45006.0,1.0,0.7583081004649773
2018-07-10,47.98,47.98,47.91,47.91,42913.0,1.0,0.7583081004649773
2018-07-11,47.72,47.72,47.72,47.72,41138.0,1.0,0.7583081004649773
2018-07-12,47.69,48.08,47.69,48.0,42042.0,1.0,0.7583081004649773
2018-07-13,48.12,48.27,48.12,48.22,51442.0,1.0,0.7583081004649773
2018-07-16,48.31,48.57,48.31,48.5,99022.0,1.0,0.7583081004649773
2018-07-17,48.3,48.39,48.0,48.0,69382.0,1.0,0.7583081004649773
2018-07-18,48.0,48.19,48.0,48.17,47016.0,1.0,0.7583081004649773
2018-07-19,48.08,48.1,48.08,48.1,48036.0,1.0,0.7583081004649773
2018-07-20,48.82,48.89,48.76,48.8,44875.0,1.0,0.7583081004649773
2018-07-23,48.79,49.24,48.79,49.08,54225.0,1.0,0.7583081004649773
2018-07-24,48.97,49.06,48.97,49.06,43835.0,1.0,0.7583081004649773
2018-07-25,49.07,49.13,49.07,49.08,43087.0,1.0,0.7583081004649773
2018-07-26,49.0,49.1,48.9,49.1,79075.0,0.986756316218419,0.7684856818257503
2018-07-27,49.05,49.12,49.05,49.06,42954.0,1.0,0.7684856818257503
2018-07-30,49.11,49.19,49.06,49.14,49539.0,1.0,0.7684856818257503
2018-07-31,48.99,49.15,48.99,49.15,41753.0,1.0,0.7684856818257503
2018-08-01,49.23,49.3,49.23,49.27,43060.0,1.0,0.7684856818257503
2018-08-02,49.33,49.5,48.7,48.7,56533.0,1.0,0.7684856818257503
2018-08-03,48.7,49.14,48.7,49.12,46477.0,1.0,0.7684856818257503
2018-08-06,49.02,49.54,49.02,49.54,109370.0,1.0,0.7684856818257503
2018-08-07,49.5,49.5,49.42,49.43,44900.0,1.0,0.7684856818257503
2018-08-08,49.52,49.74,49.52,49.66,47853.0,1.0,0.7684856818257503
2018-08-09,49.47,49.57,49.45,49.46,48868.0,1.0,0.7684856818257503
2018-08-10,49.33,49.33,49.33,49.33,40929.0,1.0,0.7684856818257503
2018-08-13,49.06,49.06,48.45,48.45,42619.0,1.0,0.7684856818257503
2018-08-14,48.56,48.57,48.51,48.51,43528.0,1.0,0.7684856818257503
2018-08-15,48.61,48.61,48.15,48.17,75607.0,1.0,0.7684856818257503
2018-08-16,48.02,48.54,47.96,48.43,107300.0,1.0,0.7684856818257503
2018-08-17,48.55,48.74,48.55,48.57,44082.0,1.0,0.7684856818257503
2018-08-20,48.45,48.58,48.45,48.58,41839.0,1.0,0.7684856818257503
2018-08-21,48.77,48.85,48.77,48.85,41698.0,1.0,0.7684856818257503
2018-08-22,48.85,48.98,48.85,48.98,42770.0,1.0,0.7684856818257503
2018-08-23,48.9,49.15,48.9,49.15,46401.0,1.0,0.7684856818257503
2018-08-24,49.14,49.14,49.14,49.14,41100.0,1.0,0.7684856818257503
2018-08-27,49.22,49.57,49.22,49.57,96300.0,1.0,0.7684856818257503
2018-08-28,49.72,49.9,49.72,49.88,52819.0,1.0,0.7684856818257503
2018-08-29,50.15,50.45,50.15,50.45,45687.0,1.0,0.7684856818257503
2018-08-30,50.95,51.0,50.7,50.7,50719.0,1.0,0.7684856818257503
2018-08-31,50.35,50.35,50.2,50.2,48358.0,1.0,0.7684856818257503
2018-09-03,50.4,50.4,49.99,49.99,48040.0,1.0,0.7684856818257503
2018-09-04,50.1,50.1,50.1,50.1,41353.0,1.0,0.7684856818257503
2018-09-05,50.3,50.5,50.3,50.4,43580.0,1.0,0.7684856818257503
2018-09-06,50.15,50.25,50.0,50.25,111719.0,1.0,0.7684856818257503
2018-09-07,50.0,50.0,49.8,49.8,77377.0,1.0,0.7684856818257503
2018-09-10,50.05,50.25,49.61,49.61,62770.0,1.0,0.7684856818257503
2018-09-11,49.52,49.61,49.48,49.6,47565.0,1.0,0.7684856818257503
2018-09-12,49.6,49.6,49.5,49.55,44499.0,1.0,0.7684856818257503
2018-09-13,49.55,49.55,49.4,49.4,42551.0,1.0,0.7684856818257503
2018-09-14,49.88,50.25,49.88,50.2,54228.0,1.0,0.7684856818257503
2018-09-17,50.1,50.3,49.95,49.98,81438.0,1.0,0.7684856818257503
2018-09-18,49.88,49.88,49.6,49.6,46950.0,1.0,0.7684856818257503
2018-09-19,49.77,49.85,49.68,49.8,40600.0,1.0,0.7684856818257503
2018-09-20,50.0,50.0,49.8,49.95,44218.0,1.0,0.7684856818257503
2018-09-21,49.99,50.3,49.99,50.3,50790.0,1.0,0.7684856818257503
2018-09-25,50.5,50.55,50.5,50.55,43857.0,1.0,0.7684856818257503
2018-09-26,50.65,50.8,50.55,50.8,109793.0,1.0,0.7684856818257503
2018-09-27,50.8,51.05,50.8,50.85,41890.0,1.0,0.7684856818257503
2018-09-28,50.85,51.2,50.7,50.7,52676.0,1.0,0.7684856818257503
2018-10-01,50.7,51.15,50.6,51.05,53802.0,1.0,0.7684856818257503
2018-10-02,50.8,50.8,50.1,50.4,47643.0,1.0,0.7684856818257503
2018-10-03,50.4,50.4,50.3,50.35,55996.0,1.0,0.7684856818257503
2018-10-04,50.25,50.25,49.79,49.86,69261.0,1.0,0.7684856818257503
2018-10-05,49.47,49.47,49.05,49.1,57629.0,1.0,0.7684856818257503
2018-10-08,48.82,49.0,48.02,48.81,198641.0,1.0,0.7684856818257503
2018-10-09,48.56,48.56,47.96,48.31,122168.0,1.0,0.7684856818257503
2018-10-11,46.42,46.42,45.2,45.2,170796.0,1.0,0.7684856818257503
2018-10-12,45.38,46.19,45.3,46.17,73281.0,1.0,0.7684856818257503
2018-10-15,46.17,46.17,45.74,45.84,69590.0,1.0,0.7684856818257503
2018-10-16,45.7,46.1,45.7,46.09,93113.0,1.0,0.7684856818257503
2018-10-17,46.58,46.76,46.45,46.45,57751.0,1.0,0.7684856818257503
2018-10-18,46.31,46.31,46.19,46.2,53133.0,1.0,0.7684856818257503
2018-10-19,45.6,45.99,45.47,45.98,53264.0,1.0,0.7684856818257503
2018-10-22,45.76,46.16,45.59,46.16,41121.0,1.0,0.7684856818257503
2018-10-23,45.82,45.85,45.5,45.54,62529.0,1.0,0.7684856818257503
2018-10-24,45.4,45.4,44.97,45.2,42405.0,1.0,0.7684856818257503
2018-10-25,44.16,44.32,44.01,44.32,47270.0,1.0,0.7684856818257503
2018-10-26,44.39,44.39,43.68,44.11,85073.0,1.0,0.7684856818257503
2018-10-29,44.23,44.26,44.11,44.11,42623.0,1.0,0.7684856818257503
2018-10-30,44.23,44.5,44.22,44.45,43492.0,1.0,0.7684856818257503
2018-10-31,45.0,45.22,45.0,45.1,37459.0,1.0,0.7684856818257503
2018-11-01,45.3,45.65,45.27,45.65,47170.0,1.0,0.7684856818257503
2018-11-02,45.65,45.9,45.5,45.9,45876.0,1.0,0.7684856818257503
2018-11-05,45.53,45.53,45.39,45.43,46832.0,1.0,0.7684856818257503
2018-11-06,45.53,45.53,45.29,45.32,102658.0,1.0,0.7684856818257503
2018-11-07,45.5,45.54,45.5,45.54,43532.0,1.0,0.7684856818257503
2018-11-08,45.91,45.91,45.85,45.85,47064.0,1.0,0.7684856818257503
2018-11-09,45.5,45.5,45.15,45.15,44848.0,1.0,0.7684856818257503
2018-11-12,45.03,45.32,45.03,45.25,41660.0,1.0,0.7684856818257503
2018-11-13,44.25,44.82,44.25,44.82,42628.0,1.0,0.7684856818257503
2018-11-14,44.89,44.89,44.64,44.64,44527.0,1.0,0.7684856818257503
2018-11-15,44.74,44.9,44.74,44.83,40989.0,1.0,0.7684856818257503
2018-11-16,45.0,45.0,44.78,44.78,85482.0,1.0,0.7684856818257503
2018-11-19,44.75,44.76,44.6,44.61,45311.0,1.0,0.7684856818257503
2018-11-20,44.37,44.44,44.28,44.31,45864.0,1.0,0.7684856818257503
2018-11-21,43.79,44.4,43.71,44.4,52143.0,1.0,0.7684856818257503
2018-11-22,44.42,44.54,44.42,44.42,66758.0,1.0,0.7684856818257503
2018-11-23,44.42,44.42,43.88,43.96,69134.0,1.0,0.7684856818257503
2018-11-26,44.12,44.55,44.0,44.34,107209.0,1.0,0.7684856818257503
2018-11-27,44.1,44.1,43.88,44.08,383342.0,1.0,0.7684856818257503
2018-11-28,44.08,44.61,44.08,44.61,90636.0,1.0,0.7684856818257503
2018-11-29,43.11,43.29,42.9,42.9,54666.0,0.9551670029141448,0.804556354523509
2018-11-30,42.89,43.05,42.83,42.84,57861.0,1.0,0.804556354523509
2018-12-03,43.43,43.69,43.43,43.69,77497.0,1.0,0.804556354523509
2018-12-04,43.59,43.67,43.3,43.5,44832.0,1.0,0.804556354523509
2018-12-05,42.74,42.83,42.67,42.67,60010.0,1.0,0.804556354523509
2018-12-06,42.17,42.2,41.8,41.9,205671.0,1.0,0.804556354523509
2018-12-07,41.9,42.11,41.9,42.05,42735.0,1.0,0.804556354523509
2018-12-10,41.76,41.76,41.45,41.46,69615.0,1.0,0.804556354523509
2018-12-11,41.63,41.64,41.51,41.51,42159.0,1.0,0.804556354523509
2018-12-12,41.91,42.1,41.91,42.1,69072.0,1.0,0.804556354523509
2018-12-13,42.14,42.42,42.1,42.25,51942.0,1.0,0.804556354523509
2018-12-14,42.12,42.12,41.8,42.0,45082.0,1.0,0.804556354523509
2018-12-17,42.0,42.03,42.0,42.03,131667.0,1.0,0.804556354523509
2018-12-18,41.68,41.8,41.64,41.72,48585.0,1.0,0.804556354523509
2018-12-19,41.6,41.83,41.6,41.83,41373.0,1.0,0.804556354523509
2018-12-20,41.7,41.7,41.42,41.42,54144.0,1.0,0.804556354523509
2018-12-21,41.42,41.7,41.4,41.7,46438.0,1.0,0.804556354523509
2018-12-22,41.56,41.57,41.5,41.52,25560.0,1.0,0.804556354523509
2018-12-24,41.46,41.46,41.43,41.46,52610.0,1.0,0.804556354523509
2018-12-25,40.82,41.03,40.77,40.88,59770.0,1.0,0.804556354523509
2018-12-26,41.0,41.1,40.97,40.97,85705.0,1.0,0.804556354523509
2018-12-27,41.0,41.76,41.0,41.62,50071.0,1.0,0.804556354523509
2018-12-28,41.4,41.67,41.4,41.58,48181.0,1.0,0.804556354523509
2019-01-02,42.13,42.13,41.17,41.17,58933.0,1.0,0.804556354523509
2019-01-03,40.8,40.82,40.75,40.78,46301.0,1.0,0.804556354523509
2019-01-04,40.31,40.31,39.97,40.02,79625.0,1.0,0.804556354523509
2019-01-07,40.5,41.07,40.5,41.07,156258.0,1.0,0.804556354523509
2019-01-08,40.98,40.98,40.9,40.9,42328.0,1.0,0.804556354523509
2019-01-09,41.38,41.72,41.37,41.72,40572.0,1.0,0.804556354523509
2019-01-10,41.62,41.62,41.45,41.45,41339.0,1.0,0.804556354523509
2019-01-11,41.9,41.93,41.9,41.9,45297.0,1.0,0.804556354523509
2019-01-14,41.9,41.9,41.59,41.59,44521.0,1.0,0.804556354523509
2019-01-15,41.59,42.04,41.59,42.04,52887.0,1.0,0.804556354523509
2019-01-16,42.0,42.15,41.99,42.15,116716.0,1.0,0.804556354523509
2019-01-17,42.11,42.19,42.08,42.11,48588.0,1.0,0.804556354523509
2019-01-18,42.49,42.49,42.1,42.2,49936.0,1.0,0.804556354523509
2019-01-21,42.9,42.9,42.5,42.64,55321.0,1.0,0.804556354523509
2019-01-22,42.52,42.52,42.45,42.45,44303.0,1.0,0.804556354523509
2019-01-23,42.43,42.43,42.31,42.35,43298.0,1.0,0.804556354523509
2019-01-24,42.4,42.53,42.4,42.51,51668.0,1.0,0.804556354523509
2019-01-25,42.55,42.84,42.55,42.66,46025.0,1.0,0.804556354523509
2019-01-28,42.88,43.13,42.88,43.13,117971.0,1.0,0.804556354523509
2019-01-29,43.2,43.2,42.57,42.57,47440.0,1.0,0.804556354523509
2019-01-30,42.57,42.61,42.4,42.61,49992.0,1.0,0.804556354523509
2019-02-11,43.38,43.38,42.98,43.13,150154.0,1.0,0.804556354523509
2019-02-12,43.1,43.15,43.0,43.15,51765.0,1.0,0.804556354523509
2019-02-13,43.2,43.2,43.13,43.15,52421.0,1.0,0.804556354523509
2019-02-14,43.15,43.25,43.05,43.05,51301.0,1.0,0.804556354523509
2019-02-15,43.05,43.05,42.95,42.96,51227.0,1.0,0.804556354523509
2019-02-18,43.0,43.36,43.0,43.34,128316.0,1.0,0.804556354523509
2019-02-19,43.31,43.31,43.28,43.28,43875.0,1.0,0.804556354523509
2019-02-20,43.32,43.65,43.32,43.65,63237.0,1.0,0.804556354523509
2019-02-21,43.72,43.92,43.72,43.92,81336.0,1.0,0.804556354523509
2019-02-22,43.85,43.92,43.81,43.86,45493.0,1.0,0.804556354523509
2019-02-25,44.25,44.29,44.19,44.19,56337.0,1.0,0.804556354523509
2019-02-26,44.26,44.51,44.22,44.51,127982.0,1.0,0.804556354523509
2019-02-27,44.4,44.4,44.2,44.3,48804.0,1.0,0.804556354523509
2019-03-04,44.3,44.35,44.02,44.15,81009.0,1.0,0.804556354523509
2019-03-05,44.0,44.0,43.88,43.95,57450.0,1.0,0.804556354523509
2019-03-06,43.97,44.13,43.97,44.11,140289.0,1.0,0.804556354523509
2019-03-07,44.08,44.08,44.0,44.04,63740.0,1.0,0.804556354523509
2019-03-08,43.78,43.78,43.5,43.65,75359.0,1.0,0.804556354523509
2019-03-11,43.6,43.63,43.47,43.63,75853.0,1.0,0.804556354523509
2019-03-12,43.84,44.27,43.84,44.19,59480.0,1.0,0.804556354523509
2019-03-13,44.16,44.3,44.1,44.2,57537.0,1.0,0.804556354523509
2019-03-14,44.35,44.4,44.18,44.18,54609.0,1.0,0.804556354523509
2019-03-15,44.18,44.46,44.16,44.46,50109.0,1.0,0.804556354523509
2019-03-18,44.6,44.83,44.6,44.79,134033.0,1.0,0.804556354523509
2019-03-19,44.79,44.84,44.7,44.84,62845.0,1.0,0.804556354523509
2019-03-20,44.89,44.98,44.85,44.94,60931.0,1.0,0.804556354523509
2019-03-21,45.01,45.15,45.01,45.15,102677.0,1.0,0.804556354523509
2019-03-22,45.62,45.64,45.33,45.49,87931.0,1.0,0.804556354523509
2019-03-25,45.4,45.4,44.77,44.81,78826.0,1.0,0.804556354523509
2019-03-26,44.94,45.28,44.94,45.28,122092.0,1.0,0.804556354523509
2019-03-27,45.28,45.42,45.19,45.19,61707.0,1.0,0.804556354523509
2019-03-28,45.12,45.12,44.91,45.12,50975.0,1.0,0.804556354523509
2019-03-29,45.16,45.45,45.12,45.45,55606.0,1.0,0.804556354523509
2019-04-01,46.01,46.07,45.73,45.73,71636.0,1.0,0.804556354523509
2019-04-02,46.01,46.01,45.88,45.88,70059.0,1.0,0.804556354523509
2019-04-03,45.93,45.99,45.72,45.9,78423.0,1.0,0.804556354523509
2019-04-08,46.11,46.43,46.11,46.43,201469.0,1.0,0.804556354523509
2019-04-09,46.43,46.65,46.35,46.65,94273.0,1.0,0.804556354523509
2019-04-10,46.6,46.6,46.45,46.6,63025.0,1.0,0.804556354523509
2019-04-11,46.6,46.65,46.4,46.49,86484.0,1.0,0.804556354523509
2019-04-12,46.35,46.41,46.35,46.41,55506.0,1.0,0.804556354523509
2019-04-15,46.62,46.74,46.62,46.7,81948.0,1.0,0.804556354523509
2019-04-16,46.82,47.02,46.82,47.02,189375.0,1.0,0.804556354523509
2019-04-17,47.17,47.46,47.17,47.42,78105.0,1.0,0.804556354523509
2019-04-18,47.57,47.81,47.36,47.36,72794.0,1.0,0.804556354523509
2019-04-19,47.71,47.71,47.28,47.33,81131.0,1.0,0.804556354523509
2019-04-22,47.5,47.6,47.4,47.43,89981.0,1.0,0.804556354523509
2019-04-23,47.43,47.54,47.33,47.54,56654.0,1.0,0.804556354523509
2019-04-24,47.77,47.77,47.6,47.6,56974.0,1.0,0.804556354523509
2019-04-25,47.55,47.7,47.55,47.65,57944.0,1.0,0.804556354523509
2019-04-26,47.7,47.7,47.2,47.34,175719.0,1.0,0.804556354523509
2019-04-29,47.55,47.55,47.34,47.34,51652.0,1.0,0.804556354523509
2019-04-30,47.34,47.34,47.32,47.33,52236.0,1.0,0.804556354523509
2019-05-02,47.33,47.65,47.33,47.57,90171.0,1.0,0.804556354523509
2019-05-03,47.57,48.0,47.57,47.9,73141.0,1.0,0.804556354523509
2019-05-06,47.8,47.8,47.1,47.3,249558.0,1.0,0.804556354523509
2019-05-07,47.17,47.62,47.17,47.62,80412.0,1.0,0.804556354523509
2019-05-08,47.32,47.4,47.13,47.4,75912.0,1.0,0.804556354523509
2019-05-09,47.21,47.21,46.6,46.65,106352.0,1.0,0.804556354523509
2019-05-10,46.65,46.81,46.4,46.61,104543.0,1.0,0.804556354523509
2019-05-13,46.32,46.35,45.87,45.88,254976.0,1.0,0.804556354523509
2019-05-14,45.8,45.8,45.0,45.56,127421.0,1.0,0.804556354523509
2019-05-15,45.63,45.8,45.55,45.55,186896.0,1.0,0.804556354523509
2019-05-16,45.44,45.54,45.28,45.36,326820.0,1.0,0.804556354523509
2019-05-17,45.43,45.43,44.68,44.68,358847.0,1.0,0.804556354523509
2019-05-20,44.81,45.0,44.65,44.68,208227.0,1.0,0.804556354523509
2019-05-21,44.55,44.76,44.43,44.7,301143.0,1.0,0.804556354523509
2019-05-22,44.7,44.99,44.68,44.69,244417.0,1.0,0.804556354523509
2019-05-23,44.4,44.4,43.76,43.83,497688.0,1.0,0.804556354523509
2019-05-24,43.93,44.13,43.88,43.98,157915.0,1.0,0.804556354523509
2019-05-27,44.09,44.1,43.8,43.95,310025.0,1.0,0.804556354523509
2019-05-28,44.04,44.04,43.8,43.88,133603.0,1.0,0.804556354523509
2019-05-29,43.85,43.85,43.42,43.7,135266.0,1.0,0.804556354523509
2019-05-30,43.7,44.1,43.7,44.1,92435.0,1.0,0.804556354523509
2019-05-31,44.1,44.78,44.1,44.72,97041.0,1.0,0.804556354523509
2019-06-03,44.64,44.84,44.26,44.84,86712.0,1.0,0.804556354523509
2019-06-04,44.9,44.9,44.52,44.55,141546.0,1.0,0.804556354523509
2019-06-05,44.97,44.97,44.56,44.59,109953.0,1.0,0.804556354523509
2019-06-06,44.55,44.55,44.21,44.26,305375.0,1.0,0.804556354523509
2019-06-10,44.98,45.14,44.73,45.14,143152.0,1.0,0.804556354523509
2019-06-11,45.32,45.53,45.15,45.43,165739.0,1.0,0.804556354523509
2019-06-12,45.43,45.5,45.32,45.45,89070.0,1.0,0.804556354523509
2019-06-13,45.39,45.44,45.1,45.14,107808.0,1.0,0.804556354523509
2019-06-14,45.05,45.14,44.92,44.94,111646.0,1.0,0.804556354523509
2019-06-17,44.76,45.02,44.6,44.91,249774.0,1.0,0.804556354523509
2019-06-18,44.9,45.08,44.85,44.97,97086.0,1.0,0.804556354523509
2019-06-19,45.61,46.04,45.58,46.02,172697.0,1.0,0.804556354523509
2019-06-20,46.02,46.08,45.95,46.0,111696.0,1.0,0.804556354523509
2019-06-21,46.25,46.28,46.0,46.0,196274.0,1.0,0.804556354523509
2019-06-24,46.0,46.36,46.0,46.35,129090.0,1.0,0.804556354523509
2019-06-25,46.3,46.33,45.96,46.0,97292.0,1.0,0.804556354523509
2019-06-26,45.91,45.95,45.82,45.9,501559.0,1.0,0.804556354523509
2019-06-27,46.08,46.52,46.08,46.52,173357.0,1.0,0.804556354523509
2019-06-28,46.5,46.52,46.22,46.24,265685.0,1.0,0.804556354523509
2019-07-01,46.84,47.2,46.84,47.18,293200.0,1.0,0.804556354523509
2019-07-02,47.17,47.17,47.0,47.03,141359.0,1.0,0.804556354523509
2019-07-03,46.77,46.8,46.47,46.48,431492.0,1.0,0.804556354523509
2019-07-04,46.57,46.74,46.57,46.7,128020.0,1.0,0.804556354523509
2019-07-05,46.86,46.87,46.65,46.72,229572.0,1.0,0.804556354523509
2019-07-08,46.61,46.8,46.53,46.7,530815.0,1.0,0.804556354523509
2019-07-09,46.69,46.69,46.48,46.55,287975.0,1.0,0.804556354523509
2019-07-10,46.84,46.95,46.68,46.95,230663.0,1.0,0.804556354523509
2019-07-11,47.18,47.4,47.1,47.4,236138.0,1.0,0.804556354523509
2019-07-12,47.4,47.46,47.32,47.34,341483.0,1.0,0.804556354523509
2019-07-15,47.43,47.51,47.0,47.51,227618.0,1.0,0.804556354523509
2019-07-16,47.51,47.81,47.5,47.78,356017.0,1.0,0.804556354523509
2019-07-17,47.65,47.65,47.37,47.41,428983.0,1.0,0.804556354523509
2019-07-18,46.74,46.8,46.71,46.71,306746.0,0.9860577937144062,0.8159322502718682
2019-07-19,47.0,47.31,47.0,47.1,121297.0,1.0,0.8159322502718682
2019-07-22,47.24,47.37,47.24,47.36,151832.0,1.0,0.8159322502718682
2019-07-23,47.36,47.6,47.36,47.4,143138.0,1.0,0.8159322502718682
2019-07-24,47.37,47.65,47.37,47.39,77246.0,1.0,0.8159322502718682
2019-07-25,47.44,47.47,47.4,47.47,111538.0,1.0,0.8159322502718682
2019-07-26,47.36,47.44,47.32,47.38,225717.0,1.0,0.8159322502718682
2019-07-29,47.3,47.35,47.18,47.35,106140.0,1.0,0.8159322502718682
2019-07-30,47.37,47.4,47.25,47.25,93634.0,1.0,0.8159322502718682
2019-07-31,47.25,47.25,46.85,47.14,137320.0,1.0,0.8159322502718682
2019-08-01,46.9,46.95,46.72,46.8,256628.0,1.0,0.8159322502718682
2019-08-02,46.17,46.17,45.86,46.1,695145.0,1.0,0.8159322502718682
2019-08-05,46.0,46.0,45.6,45.74,549979.0,1.0,0.8159322502718682
2019-08-06,45.5,45.91,44.5,45.51,702595.0,1.0,0.8159322502718682
2019-08-07,45.65,45.65,45.3,45.35,335614.0,1.0,0.8159322502718682
2019-08-08,45.35,45.77,45.35,45.73,142767.0,1.0,0.8159322502718682
2019-08-12,45.98,45.98,45.6,45.73,180084.0,1.0,0.8159322502718682
2019-08-13,45.73,45.73,45.2,45.28,282624.0,1.0,0.8159322502718682
2019-08-14,45.61,45.87,45.55,45.55,140082.0,1.0,0.8159322502718682
2019-08-15,44.75,45.12,44.75,45.09,399926.0,1.0,0.8159322502718682
2019-08-16,45.1,45.66,44.98,45.57,392672.0,1.0,0.8159322502718682
2019-08-19,45.8,45.85,45.6,45.85,101751.0,1.0,0.8159322502718682
2019-08-20,45.9,45.9,45.82,45.9,199064.0,1.0,0.8159322502718682
2019-08-21,45.9,45.96,45.88,45.91,110512.0,1.0,0.8159322502718682
2019-08-22,46.1,46.2,45.89,45.89,129133.0,1.0,0.8159322502718682
2019-08-23,45.94,45.97,45.87,45.9,96555.0,1.0,0.8159322502718682
2019-08-26,45.8,45.8,45.21,45.35,858114.0,1.0,0.8159322502718682
2019-08-27,45.53,45.55,45.31,45.36,357486.0,1.0,0.8159322502718682
2019-08-28,45.36,45.67,45.36,45.62,612584.0,1.0,0.8159322502718682
2019-08-29,45.62,45.74,45.48,45.74,622676.0,1.0,0.8159322502718682
2019-08-30,46.03,46.31,46.03,46.28,743419.0,1.0,0.8159322502718682
2019-09-02,46.28,46.45,46.28,46.43,656900.0,1.0,0.8159322502718682
2019-09-03,46.43,46.45,46.11,46.11,783311.0,1.0,0.8159322502718682
2019-09-04,46.11,46.49,46.11,46.49,665731.0,1.0,0.8159322502718682
2019-09-05,46.69,46.97,46.69,46.88,749827.0,1.0,0.8159322502718682
2019-09-06,46.89,47.18,46.89,47.12,843571.0,1.0,0.8159322502718682
2019-09-09,47.13,47.34,47.13,47.25,635051.0,1.0,0.8159322502718682
2019-09-10,47.25,47.3,47.0,47.02,668481.0,1.0,0.8159322502718682
2019-09-11,47.05,47.29,47.02,47.12,610063.0,1.0,0.8159322502718682
2019-09-12,47.36,47.48,47.24,47.35,633921.0,1.0,0.8159322502718682
2019-09-16,47.36,47.56,47.36,47.51,808438.0,1.0,0.8159322502718682
2019-09-17,47.53,47.63,47.46,47.52,611194.0,1.0,0.8159322502718682
2019-09-18,47.57,47.95,47.57,47.9,805711.0,1.0,0.8159322502718682
2019-09-19,47.95,47.96,47.6,47.64,637902.0,1.0,0.8159322502718682
2019-09-20,47.68,47.73,47.66,47.72,756348.0,1.0,0.8159322502718682
2019-09-23,47.7,47.8,47.63,47.7,807904.0,1.0,0.8159322502718682
2019-09-24,47.71,47.8,47.5,47.68,643777.0,1.0,0.8159322502718682
2019-09-25,47.64,47.64,47.31,47.44,687076.0,1.0,0.8159322502718682
2019-09-26,47.58,47.81,47.58,47.63,682252.0,1.0,0.8159322502718682
2019-09-27,47.7,47.98,47.69,47.76,680169.0,1.0,0.8159322502718682
2019-10-01,47.8,48.42,47.8,48.42,737787.0,1.0,0.8159322502718682
2019-10-02,48.4,48.4,48.3,48.3,564889.0,1.0,0.8159322502718682
2019-10-03,47.62,48.06,47.61,48.0,274033.0,1.0,0.8159322502718682
2019-10-04,48.0,48.19,47.89,48.1,692825.0,1.0,0.8159322502718682
2019-10-07,48.24,48.43,48.24,48.42,692201.0,1.0,0.8159322502718682
2019-10-08,48.45,48.81,48.45,48.81,618401.0,1.0,0.8159322502718682
2019-10-09,48.79,48.79,48.47,48.47,517600.0,1.0,0.8159322502718682
2019-10-14,48.9,49.27,48.9,49.23,651129.0,1.0,0.8159322502718682
2019-10-15,49.22,49.49,49.22,49.46,660088.0,1.0,0.8159322502718682
2019-10-16,49.5,50.0,49.5,49.75,1261116.0,1.0,0.8159322502718682
2019-10-17,49.75,49.75,49.52,49.67,1361727.0,1.0,0.8159322502718682
2019-10-18,49.68,49.9,49.62,49.64,524008.0,1.0,0.8159322502718682
2019-10-21,49.63,49.71,49.51,49.66,545515.0,1.0,0.8159322502718682
2019-10-22,49.7,50.05,49.7,50.05,495496.0,1.0,0.8159322502718682
2019-10-23,50.05,50.1,49.91,49.95,1070073.0,1.0,0.8159322502718682
2019-10-24,50.0,50.3,50.0,50.3,458044.0,1.0,0.8159322502718682
2019-10-25,50.35,50.4,50.2,50.35,842118.0,1.0,0.8159322502718682
2019-10-28,50.55,50.6,50.4,50.6,884098.0,1.0,0.8159322502718682
2019-10-29,50.6,50.85,50.6,50.75,503545.0,1.0,0.8159322502718682
2019-10-30,50.8,51.0,50.7,51.0,970311.0,1.0,0.8159322502718682
2019-10-31,51.05,51.5,51.05,51.15,995154.0,1.0,0.8159322502718682
2019-11-01,51.15,51.3,51.0,51.3,625657.0,1.0,0.8159322502718682
2019-11-04,51.6,52.5,51.6,52.45,945553.0,1.0,0.8159322502718682
2019-11-05,52.6,52.75,52.55,52.7,1071564.0,1.0,0.8159322502718682
2019-11-06,52.7,52.95,52.55,52.9,1142985.0,1.0,0.8159322502718682
2019-11-07,52.9,52.9,52.4,52.65,1062313.0,1.0,0.8159322502718682
2019-11-08,52.8,52.8,52.45,52.45,886632.0,1.0,0.8159322502718682
2019-11-11,52.4,52.4,51.65,51.65,1071612.0,1.0,0.8159322502718682
2019-11-12,51.75,52.15,51.75,52.15,772834.0,1.0,0.8159322502718682
2019-11-13,51.95,51.95,51.7,51.9,777380.0,1.0,0.8159322502718682
2019-11-14,52.0,52.0,51.7,51.85,686686.0,1.0,0.8159322502718682
2019-11-15,52.2,52.4,52.1,52.25,749364.0,1.0,0.8159322502718682
2019-11-18,52.3,52.65,52.3,52.65,1029260.0,1.0,0.8159322502718682
2019-11-19,52.65,53.1,52.5,53.1,1031703.0,1.0,0.8159322502718682
2019-11-20,52.5,52.5,51.7,51.75,1350155.0,0.9785687382297552,0.8338016721726685
2019-11-21,51.5,51.55,51.05,51.55,1267058.0,1.0,0.8338016721726685
2019-11-22,51.5,51.5,51.3,51.35,829961.0,1.0,0.8338016721726685
2019-11-25,51.55,51.55,51.35,51.35,758822.0,1.0,0.8338016721726685
2019-11-26,51.65,51.7,51.45,51.45,962802.0,1.0,0.8338016721726685
2019-11-27,51.5,51.65,51.35,51.6,711557.0,1.0,0.8338016721726685
2019-11-28,51.65,51.65,51.5,51.55,637662.0,1.0,0.8338016721726685
2019-11-29,51.55,51.55,50.85,50.85,982297.0,1.0,0.8338016721726685
2019-12-02,51.05,51.1,50.85,50.95,342372.0,1.0,0.8338016721726685
2019-12-03,50.85,51.1,50.8,50.95,898662.0,1.0,0.8338016721726685
2019-12-04,50.85,50.95,50.75,50.9,724964.0,1.0,0.8338016721726685
2019-12-05,51.0,51.55,51.0,51.5,560592.0,1.0,0.8338016721726685
2019-12-06,51.7,51.85,51.5,51.5,1136329.0,1.0,0.8338016721726685
2019-12-09,51.65,51.9,51.65,51.9,630668.0,1.0,0.8338016721726685
2019-12-10,51.85,51.85,51.55,51.6,346020.0,1.0,0.8338016721726685
2019-12-11,51.6,51.9,51.55,51.9,901076.0,1.0,0.8338016721726685
2019-12-12,52.15,53.1,52.15,53.0,1321433.0,1.0,0.8338016721726685
2019-12-13,53.6,54.0,53.4,53.6,815398.0,1.0,0.8338016721726685
2019-12-16,53.6,53.7,53.45,53.55,1086109.0,1.0,0.8338016721726685
2019-12-17,53.55,54.25,53.55,54.25,750492.0,1.0,0.8338016721726685
2019-12-18,54.2,54.3,54.05,54.3,703226.0,1.0,0.8338016721726685
2019-12-19,54.3,54.4,53.95,54.0,844870.0,1.0,0.8338016721726685
2019-12-20,54.0,54.0,53.45,53.7,519672.0,1.0,0.8338016721726685
2019-12-23,53.6,53.8,53.55,53.7,359740.0,1.0,0.8338016721726685
2019-12-24,53.75,53.9,53.65,53.65,843260.0,1.0,0.8338016721726685
2019-12-25,53.65,53.75,53.55,53.75,395936.0,1.0,0.8338016721726685
2019-12-26,53.75,53.8,53.65,53.75,914659.0,1.0,0.8338016721726685
2019-12-27,53.9,54.2,53.9,54.1,438876.0,1.0,0.8338016721726685
2019-12-30,54.1,54.2,53.95,53.95,1051862.0,1.0,0.8338016721726685
2019-12-31,53.75,53.75,53.6,53.6,785063.0,1.0,0.8338016721726685
2020-01-02,53.75,54.15,53.7,54.1,651303.0,1.0,0.8338016721726685
2020-01-03,54.45,54.6,53.85,54.05,751165.0,1.0,0.8338016721726685
2020-01-06,53.8,53.8,53.55,53.65,934168.0,1.0,0.8338016721726685
2020-01-07,53.5,53.6,52.9,53.25,883763.0,1.0,0.8338016721726685
2020-01-08,52.85,53.25,52.7,53.0,1029705.0,1.0,0.8338016721726685
2020-01-09,53.45,53.75,53.35,53.75,468834.0,1.0,0.8338016721726685
2020-01-10,53.8,53.95,53.6,53.85,1058259.0,1.0,0.8338016721726685
2020-01-13,54.15,54.3,53.95,54.2,791505.0,1.0,0.8338016721726685
2020-01-14,54.5,54.7,54.5,54.6,546115.0,1.0,0.8338016721726685
2020-01-15,54.6,54.6,54.0,54.15,1028888.0,1.0,0.8338016721726685
2020-01-16,53.85,54.0,53.65,53.9,724975.0,1.0,0.8338016721726685
2020-01-17,54.05,54.05,53.8,53.9,456980.0,1.0,0.8338016721726685
2020-01-20,54.05,54.25,54.0,54.05,725025.0,1.0,0.8338016721726685
2020-01-30,52.55,52.55,51.9,52.0,1781175.0,1.0,0.8338016721726685
2020-01-31,52.0,52.0,51.3,51.5,2139662.0,1.0,0.8338016721726685
2020-02-03,50.85,51.1,50.2,50.9,1051862.0,1.0,0.8338016721726685
2020-02-04,51.2,51.95,51.05,51.85,787316.0,1.0,0.8338016721726685
2020-02-05,52.1,52.2,51.6,52.0,821675.0,1.0,0.8338016721726685
2020-02-06,52.35,52.9,52.35,52.9,910667.0,1.0,0.8338016721726685
2020-02-07,52.5,52.5,52.05,52.2,887071.0,1.0,0.8338016721726685
2020-02-10,51.55,52.2,51.35,51.95,590764.0,1.0,0.8338016721726685
2020-02-11,52.25,52.6,52.25,52.45,613345.0,1.0,0.8338016721726685
2020-02-12,52.6,53.1,52.6,53.05,667615.0,1.0,0.8338016721726685
2020-02-13,53.2,53.4,53.0,53.1,772231.0,1.0,0.8338016721726685
2020-02-14,53.05,53.25,52.95,53.15,626241.0,1.0,0.8338016721726685
2020-02-17,52.95,52.95,52.6,52.8,815343.0,1.0,0.8338016721726685
2020-02-18,52.5,52.5,52.15,52.15,1256363.0,1.0,0.8338016721726685
2020-02-19,52.3,52.75,52.1,52.6,636465.0,1.0,0.8338016721726685
2020-02-20,52.75,52.8,52.35,52.5,715251.0,1.0,0.8338016721726685
2020-02-21,52.5,52.55,52.1,52.3,723749.0,1.0,0.8338016721726685
2020-02-24,51.65,51.8,51.5,51.7,1062801.0,1.0,0.8338016721726685
2020-02-25,51.45,51.75,51.2,51.7,549384.0,1.0,0.8338016721726685
2020-02-26,51.3,51.4,51.0,51.25,1945063.0,1.0,0.8338016721726685
2020-02-27,51.2,51.3,50.65,50.75,1321475.0,1.0,0.8338016721726685
2020-03-02,50.0,50.55,49.98,50.15,1291062.0,1.0,0.8338016721726685
2020-03-03,50.85,51.0,50.6,50.8,1145813.0,1.0,0.8338016721726685
2020-03-04,50.8,50.95,50.5,50.9,838133.0,1.0,0.8338016721726685
2020-03-05,50.95,51.5,50.95,51.45,723439.0,1.0,0.8338016721726685
2020-03-06,51.4,51.4,50.55,50.6,1296320.0,1.0,0.8338016721726685
2020-03-09,49.65,49.83,49.25,49.55,1890283.0,1.0,0.8338016721726685
2020-03-10,48.88,49.25,48.5,49.24,1950293.0,1.0,0.8338016721726685
2020-03-11,49.28,49.48,48.6,48.65,1630222.0,1.0,0.8338016721726685
2020-03-12,48.45,48.45,46.65,47.0,2376511.0,1.0,0.8338016721726685
2020-03-13,44.16,46.17,43.0,45.88,2824164.0,1.0,0.8338016721726685
2020-03-16,45.9,45.9,44.03,44.1,1615399.0,1.0,0.8338016721726685
2020-03-17,43.0,43.8,42.76,43.03,992522.0,1.0,0.8338016721726685
2020-03-18,43.8,43.8,41.55,41.55,1366482.0,1.0,0.8338016721726685
2020-03-19,41.2,41.2,38.6,39.61,1354039.0,1.0,0.8338016721726685
2020-03-20,41.2,42.4,40.65,42.0,1630221.0,1.0,0.8338016721726685
2020-03-23,41.05,41.4,39.99,40.8,822646.0,1.0,0.8338016721726685
2020-03-24,42.03,43.05,42.03,42.57,960580.0,1.0,0.8338016721726685
2020-03-25,43.99,44.3,43.59,43.8,1566002.0,1.0,0.8338016721726685
2020-03-26,44.1,44.39,43.5,44.21,1440903.0,1.0,0.8338016721726685
2020-03-27,44.93,45.2,43.85,43.9,1605231.0,1.0,0.8338016721726685
2020-03-30,42.6,43.47,42.5,43.36,780257.0,1.0,0.8338016721726685
2020-03-31,44.0,44.1,43.36,43.54,1065666.0,1.0,0.8338016721726685
2020-04-01,43.81,43.9,43.46,43.54,1108250.0,1.0,0.8338016721726685
2020-04-06,44.25,44.25,43.4,43.95,1988691.0,1.0,0.8338016721726685
2020-04-07,44.7,45.08,44.61,44.82,1173722.0,1.0,0.8338016721726685
2020-04-08,44.9,45.5,44.88,45.5,855867.0,1.0,0.8338016721726685
2020-04-09,45.78,45.81,45.11,45.4,941963.0,1.0,0.8338016721726685
2020-04-10,45.2,45.38,45.15,45.34,506616.0,1.0,0.8338016721726685
2020-04-13,45.39,45.45,45.01,45.16,839911.0,1.0,0.8338016721726685
2020-04-14,45.28,46.27,45.22,46.27,932619.0,1.0,0.8338016721726685
2020-04-15,46.31,46.62,46.31,46.5,863048.0,1.0,0.8338016721726685
2020-04-16,46.08,46.5,45.9,46.35,1061902.0,1.0,0.8338016721726685
2020-04-17,47.51,48.0,47.45,47.63,772772.0,1.0,0.8338016721726685
2020-04-20,47.89,47.89,47.4,47.54,666075.0,1.0,0.8338016721726685
2020-04-21,47.28,47.28,46.0,46.25,1439973.0,1.0,0.8338016721726685
2020-04-22,45.97,46.17,45.5,46.17,758461.0,1.0,0.8338016721726685
2020-04-23,46.34,46.9,46.08,46.45,984708.0,1.0,0.8338016721726685
2020-04-24,46.5,46.72,46.16,46.39,1360110.0,1.0,0.8338016721726685
2020-04-27,46.85,47.31,46.78,47.31,1073523.0,1.0,0.8338016721726685
2020-04-28,47.45,47.51,46.97,47.23,869510.0,1.0,0.8338016721726685
2020-04-29,47.34,47.99,47.34,47.9,969356.0,1.0,0.8338016721726685
2020-04-30,48.41,48.95,48.32,48.93,1461250.0,1.0,0.8338016721726685
2020-05-04,47.9,47.9,47.25,47.7,2021636.0,1.0,0.8338016721726685
2020-05-05,47.9,47.97,47.65,47.78,1180558.0,1.0,0.8338016721726685
2020-05-06,47.89,47.91,47.48,47.74,2296341.0,1.0,0.8338016721726685
2020-05-07,47.76,48.22,47.71,48.04,1317378.0,1.0,0.8338016721726685
2020-05-08,48.2,48.51,48.11,48.29,1069669.0,1.0,0.8338016721726685
2020-05-11,48.79,48.92,48.52,48.72,1533795.0,1.0,0.8338016721726685
2020-05-12,48.5,48.5,47.96,48.1,1613629.0,1.0,0.8338016721726685
2020-05-13,47.8,48.31,47.8,48.25,897462.0,1.0,0.8338016721726685
2020-05-14,47.99,48.05,47.67,47.7,1068511.0,1.0,0.8338016721726685
2020-05-15,48.03,48.19,47.6,47.91,772084.0,1.0,0.8338016721726685
2020-05-18,47.64,47.71,47.42,47.5,1638158.0,1.0,0.8338016721726685
2020-05-19,48.13,48.14,47.8,47.95,585700.0,1.0,0.8338016721726685
2020-05-20,48.03,48.14,47.84,47.95,716166.0,1.0,0.8338016721726685
2020-05-21,48.08,48.4,48.08,48.37,865606.0,1.0,0.8338016721726685
2020-05-22,48.0,48.0,47.5,47.56,1683336.0,1.0,0.8338016721726685
2020-05-25,47.56,47.7,47.15,47.68,802439.0,1.0,0.8338016721726685
2020-05-26,47.86,48.46,47.86,48.38,1518720.0,1.0,0.8338016721726685
2020-05-27,48.39,48.57,48.15,48.28,830077.0,1.0,0.8338016721726685
2020-05-28,48.4,48.53,47.89,48.0,947979.0,1.0,0.8338016721726685
2020-05-29,47.72,48.23,47.52,48.23,913418.0,1.0,0.8338016721726685
2020-06-01,48.25,48.66,48.25,48.56,911578.0,1.0,0.8338016721726685
2020-06-02,48.63,48.91,48.63,48.9,720015.0,1.0,0.8338016721726685
2020-06-03,49.16,49.72,49.16,49.71,1311772.0,1.0,0.8338016721726685
2020-06-04,49.98,50.05,49.72,49.97,2049342.0,1.0,0.8338016721726685
2020-06-05,50.0,50.4,50.0,50.35,1395865.0,1.0,0.8338016721726685
2020-06-08,50.6,51.25,50.6,51.0,2143018.0,1.0,0.8338016721726685
2020-06-09,51.2,51.2,50.75,51.2,819019.0,1.0,0.8338016721726685
2020-06-10,51.15,51.75,51.15,51.65,812374.0,1.0,0.8338016721726685
2020-06-11,51.75,51.95,50.8,50.85,1343600.0,1.0,0.8338016721726685
2020-06-12,49.76,50.5,49.74,50.35,1295665.0,1.0,0.8338016721726685
2020-06-15,50.35,50.45,49.69,49.76,949566.0,1.0,0.8338016721726685
2020-06-16,50.35,51.0,50.35,50.9,1400081.0,1.0,0.8338016721726685
2020-06-17,51.0,51.0,50.55,50.8,793331.0,1.0,0.8338016721726685
2020-06-18,50.8,50.9,50.5,50.85,496760.0,1.0,0.8338016721726685
2020-06-19,50.85,50.95,50.7,50.8,431500.0,1.0,0.8338016721726685
2020-06-22,50.85,51.25,50.85,51.0,715539.0,1.0,0.8338016721726685
2020-06-23,51.4,51.4,50.85,51.2,857061.0,1.0,0.8338016721726685
2020-06-24,51.4,51.65,51.35,51.4,590504.0,1.0,0.8338016721726685
2020-06-29,51.2,51.25,50.75,51.0,1186703.0,1.0,0.8338016721726685
2020-06-30,51.05,51.35,51.05,51.35,734567.0,1.0,0.8338016721726685
2020-07-01,51.4,51.8,51.4,51.75,595103.0,1.0,0.8338016721726685
2020-07-02,51.75,52.2,51.75,52.2,579282.0,1.0,0.8338016721726685
2020-07-03,52.55,52.85,52.5,52.8,552569.0,1.0,0.8338016721726685
2020-07-06,52.9,53.85,52.9,53.75,1889538.0,1.0,0.8338016721726685
2020-07-07,54.1,54.45,53.75,53.9,1159430.0,1.0,0.8338016721726685
2020-07-08,53.9,54.35,53.85,54.35,917584.0,1.0,0.8338016721726685
2020-07-09,54.5,54.75,54.35,54.4,1032211.0,1.0,0.8338016721726685
2020-07-10,54.65,54.7,53.85,54.05,1084795.0,1.0,0.8338016721726685
2020-07-13,54.5,54.8,54.3,54.8,1946813.0,1.0,0.8338016721726685
2020-07-14,54.8,55.2,54.65,55.2,994861.0,1.0,0.8338016721726685
2020-07-15,55.4,55.85,55.1,55.4,1408368.0,1.0,0.8338016721726685
2020-07-16,55.35,55.4,54.7,54.95,1229664.0,1.0,0.8338016721726685
2020-07-17,55.25,55.75,55.1,55.4,774629.0,1.0,0.8338016721726685
2020-07-20,55.5,55.55,55.0,55.5,995534.0,1.0,0.8338016721726685
2020-07-21,55.45,56.5,55.45,56.3,1490962.0,0.9913333333333333,0.8410911286207148
2020-07-22,56.3,56.75,56.25,56.45,970664.0,1.0,0.8410911286207148
2020-07-23,56.45,56.45,56.0,56.4,834926.0,1.0,0.8410911286207148
2020-07-24,56.6,57.0,55.85,56.2,2178705.0,1.0,0.8410911286207148
2020-07-27,58.2,59.0,58.1,58.95,2527023.0,1.0,0.8410911286207148
2020-07-28,61.3,63.2,58.85,59.1,2955784.0,1.0,0.8410911286207148
2020-07-29,58.85,59.25,58.2,58.55,1068295.0,1.0,0.8410911286207148
2020-07-30,59.45,59.8,59.0,59.5,823241.0,1.0,0.8410911286207148
2020-07-31,59.3,59.6,59.1,59.3,753661.0,1.0,0.8410911286207148
2020-08-03,59.1,59.2,58.35,58.4,981810.0,1.0,0.8410911286207148
2020-08-04,58.6,59.15,58.6,59.1,342096.0,1.0,0.8410911286207148
2020-08-05,59.5,59.8,59.3,59.6,876842.0,1.0,0.8410911286207148
2020-08-06,60.2,60.5,60.0,60.25,1302866.0,1.0,0.8410911286207148
2020-08-07,60.25,60.25,59.65,59.85,817324.0,1.0,0.8410911286207148
2020-08-10,59.75,60.5,59.7,60.35,638399.0,1.0,0.8410911286207148
2020-08-11,60.3,60.4,59.95,59.95,676559.0,1.0,0.8410911286207148
2020-08-12,59.75,59.75,59.0,59.1,825689.0,1.0,0.8410911286207148
2020-08-13,59.65,59.95,59.5,59.75,812691.0,1.0,0.8410911286207148
2020-08-14,59.55,59.8,59.2,59.7,740128.0,1.0,0.8410911286207148
2020-08-17,59.7,60.45,59.65,60.35,1084075.0,1.0,0.8410911286207148
2020-08-18,60.4,60.5,59.95,60.05,591672.0,1.0,0.8410911286207148
2020-08-19,60.05,60.4,59.55,59.6,614723.0,1.0,0.8410911286207148
2020-08-20,59.45,59.45,56.7,57.8,2635089.0,1.0,0.8410911286207148
2020-08-21,58.25,58.95,58.25,58.85,1289734.0,1.0,0.8410911286207148
2020-08-24,59.0,59.25,58.7,59.05,609418.0,1.0,0.8410911286207148
2020-08-25,59.2,59.65,59.05,59.3,676740.0,1.0,0.8410911286207148
2020-08-26,59.4,59.8,59.35,59.7,687606.0,1.0,0.8410911286207148
2020-08-27,60.1,60.55,59.7,59.7,1147402.0,1.0,0.8410911286207148
2020-08-28,59.4,59.6,58.9,59.25,955604.0,1.0,0.8410911286207148
2020-08-31,59.4,59.6,58.55,58.55,985740.0,1.0,0.8410911286207148
2020-09-01,58.55,59.0,58.3,58.95,713218.0,1.0,0.8410911286207148
2020-09-02,59.5,59.5,58.5,58.9,554508.0,1.0,0.8410911286207148
2020-09-03,59.25,59.5,58.9,59.05,681249.0,1.0,0.8410911286207148
2020-09-04,58.4,58.7,58.25,58.5,1178326.0,1.0,0.8410911286207148
2020-09-07,58.5,58.9,58.35,58.5,1210403.0,1.0,0.8410911286207148
2020-09-08,58.5,59.0,58.5,58.9,545548.0,1.0,0.8410911286207148
2020-09-09,58.2,58.6,57.85,58.6,917756.0,1.0,0.8410911286207148
2020-09-10,58.95,59.0,58.7,59.0,632974.0,1.0,0.8410911286207148
2020-09-11,59.0,59.05,58.75,59.0,743054.0,1.0,0.8410911286207148
2020-09-14,59.05,59.6,59.05,59.55,1097919.0,1.0,0.8410911286207148
2020-09-15,59.55,59.95,59.5,59.9,390780.0,1.0,0.8410911286207148
2020-09-16,60.8,61.0,60.6,60.7,2292427.0,1.0,0.8410911286207148
2020-09-17,60.5,60.55,59.9,60.0,1178103.0,1.0,0.8410911286207148
2020-09-18,60.0,60.1,59.5,60.0,785194.0,1.0,0.8410911286207148
2020-09-21,60.0,60.3,59.35,59.5,1015440.0,1.0,0.8410911286207148
2020-09-22,59.5,59.5,58.75,58.9,1259695.0,1.0,0.8410911286207148
2020-09-23,58.9,59.0,58.45,58.75,973152.0,1.0,0.8410911286207148
2020-09-24,57.95,58.1,57.4,57.45,2099291.0,1.0,0.8410911286207148
2020-09-25,57.65,58.1,57.2,57.45,1244901.0,1.0,0.8410911286207148
2020-09-28,57.65,58.4,57.65,58.3,1870596.0,1.0,0.8410911286207148
2020-09-29,58.5,58.95,58.3,58.5,1174588.0,1.0,0.8410911286207148
2020-09-30,58.6,58.95,58.6,58.75,1136590.0,1.0,0.8410911286207148
2020-10-05,59.05,59.2,58.6,58.9,1843174.0,1.0,0.8410911286207148
2020-10-06,59.5,59.65,59.2,59.55,2176205.0,1.0,0.8410911286207148
2020-10-07,59.4,59.9,59.05,59.9,1691549.0,1.0,0.8410911286207148
2020-10-08,60.2,60.6,60.1,60.55,2462298.0,1.0,0.8410911286207148
2020-10-12,61.0,61.4,60.9,61.1,2221936.0,1.0,0.8410911286207148
2020-10-13,61.35,61.45,60.5,60.95,1744254.0,1.0,0.8410911286207148
2020-10-14,60.95,61.15,60.75,60.75,1468935.0,1.0,0.8410911286207148
2020-10-15,60.75,60.75,60.05,60.4,1522732.0,1.0,0.8410911286207148
2020-10-16,60.2,60.7,60.0,60.1,1948889.0,1.0,0.8410911286207148
2020-10-19,59.8,60.7,59.8,60.6,1738168.0,1.0,0.8410911286207148
2020-10-20,60.6,60.7,60.5,60.5,1631812.0,1.0,0.8410911286207148
2020-10-21,60.65,60.8,60.35,60.4,1079896.0,1.0,0.8410911286207148
2020-10-22,60.3,60.55,60.25,60.55,1442615.0,1.0,0.8410911286207148
2020-10-23,60.8,60.9,60.5,60.6,1449264.0,1.0,0.8410911286207148
2020-10-26,60.65,60.9,60.5,60.65,1506734.0,1.0,0.8410911286207148
2020-10-27,60.35,60.35,60.15,60.3,1487432.0,1.0,0.8410911286207148
2020-10-28,60.25,60.25,59.85,59.95,1650822.0,1.0,0.8410911286207148
2020-10-29,59.3,59.4,58.7,59.25,1865009.0,1.0,0.8410911286207148
2020-10-30,59.2,59.2,58.75,58.8,2353988.0,1.0,0.8410911286207148
2020-11-02,58.9,59.05,58.45,59.0,1911280.0,1.0,0.8410911286207148
2020-11-03,59.3,59.95,59.3,59.85,1838051.0,1.0,0.8410911286207148
2020-11-04,60.0,60.75,59.85,60.7,1339563.0,1.0,0.8410911286207148
2020-11-05,60.7,60.8,60.45,60.75,1761703.0,1.0,0.8410911286207148
2020-11-06,60.9,61.25,60.85,61.0,1909068.0,1.0,0.8410911286207148
2020-11-09,61.6,62.0,61.5,61.75,1871297.0,1.0,0.8410911286207148
2020-11-10,61.75,61.75,61.15,61.5,1832947.0,1.0,0.8410911286207148
2020-11-11,61.4,62.15,61.4,62.15,2043110.0,1.0,0.8410911286207148
2020-11-12,62.45,62.55,62.15,62.35,1224623.0,1.0,0.8410911286207148
2020-11-13,62.3,62.5,62.1,62.5,2013681.0,1.0,0.8410911286207148
2020-11-16,63.15,64.65,63.15,64.5,2781104.0,1.0,0.8410911286207148
2020-11-17,64.65,65.2,63.7,63.7,2676135.0,0.9823410852713178,0.8562108836040483
2020-11-18,63.7,64.5,63.7,64.5,1845390.0,1.0,0.8562108836040483
2020-11-19,64.45,64.45,64.05,64.2,1874198.0,1.0,0.8562108836040483
2020-11-20,64.0,64.15,63.9,64.0,2020190.0,1.0,0.8562108836040483
2020-11-23,64.3,65.15,64.3,64.8,1826650.0,1.0,0.8562108836040483
2020-11-24,64.9,64.95,64.5,64.55,2208188.0,1.0,0.8562108836040483
2020-11-25,64.9,64.9,63.95,63.95,2145750.0,1.0,0.8562108836040483
2020-11-26,64.0,64.7,64.0,64.45,2325952.0,1.0,0.8562108836040483
2020-11-27,64.45,64.6,64.2,64.45,1781109.0,1.0,0.8562108836040483
2020-11-30,64.65,64.8,63.65,63.65,2328119.0,1.0,0.8562108836040483
2020-12-01,63.9,64.25,63.7,64.15,1111700.0,1.0,0.8562108836040483
2020-12-02,64.55,64.85,64.4,64.8,1340116.0,1.0,0.8562108836040483
2020-12-03,64.95,65.15,64.55,64.8,2255614.0,1.0,0.8562108836040483
2020-12-04,64.85,65.7,64.85,65.7,1562911.0,1.0,0.8562108836040483
2020-12-07,66.55,66.65,65.95,66.45,2795038.0,1.0,0.8562108836040483
2020-12-08,66.5,67.45,66.25,67.3,1940012.0,1.0,0.8562108836040483
2020-12-09,67.35,67.6,67.25,67.3,1559665.0,1.0,0.8562108836040483
2020-12-10,67.0,67.05,66.3,66.65,2764199.0,1.0,0.8562108836040483
2020-12-11,66.7,66.85,65.95,66.7,1907917.0,1.0,0.8562108836040483
2020-12-14,66.7,66.75,66.35,66.5,1816914.0,1.0,0.8562108836040483
2020-12-15,66.35,66.5,65.65,65.75,2052357.0,1.0,0.8562108836040483
2020-12-16,66.05,66.8,66.05,66.65,2328971.0,1.0,0.8562108836040483
2020-12-17,66.65,66.75,66.2,66.55,1650506.0,1.0,0.8562108836040483
2020-12-18,66.4,66.6,66.25,66.35,1673916.0,1.0,0.8562108836040483
2020-12-21,66.35,67.05,66.0,67.05,1852274.0,1.0,0.8562108836040483
2020-12-22,66.7,67.0,66.2,66.2,2041546.0,1.0,0.8562108836040483
2020-12-23,66.15,66.4,66.0,66.4,787668.0,1.0,0.8562108836040483
2020-12-24,66.45,66.8,66.45,66.65,1532074.0,1.0,0.8562108836040483
2020-12-25,66.85,67.15,66.7,66.8,1146424.0,1.0,0.8562108836040483
2020-12-28,66.8,67.5,66.8,67.45,2241904.0,1.0,0.8562108836040483
2020-12-29,67.5,67.6,67.2,67.4,1626313.0,1.0,0.8562108836040483
2020-12-30,67.45,68.3,67.4,68.3,1135406.0,1.0,0.8562108836040483
2020-12-31,68.5,68.8,68.4,68.75,1338053.0,1.0,0.8562108836040483
2021-01-04,68.75,70.3,68.75,70.0,1074978.0,1.0,0.8562108836040483
2021-01-05,70.0,70.25,69.7,70.25,1995346.0,1.0,0.8562108836040483
2021-01-06,70.75,71.65,70.1,70.8,2825860.0,1.0,0.8562108836040483
2021-01-07,71.25,72.65,71.25,72.4,1678447.0,1.0,0.8562108836040483
2021-01-08,73.75,74.15,73.1,74.1,1892145.0,1.0,0.8562108836040483
2021-01-11,74.0,74.35,73.5,74.35,2717558.0,1.0,0.8562108836040483
2021-01-12,74.35,74.95,74.05,74.45,2291749.0,1.0,0.8562108836040483
2021-01-13,75.0,76.05,74.85,76.0,2182744.0,1.0,0.8562108836040483
2021-01-14,76.0,76.0,75.05,75.3,2390881.0,1.0,0.8562108836040483
2021-01-15,77.0,77.7,75.55,75.55,2744092.0,1.0,0.8562108836040483
2021-01-18,75.5,75.9,74.15,75.65,2801691.0,1.0,0.8562108836040483
2021-01-19,76.25,77.65,76.2,77.5,2200690.0,1.0,0.8562108836040483
2021-01-20,77.75,78.65,77.6,77.85,2836766.0,1.0,0.8562108836040483
2021-01-21,77.85,80.6,77.85,80.2,2831991.0,1.0,0.8562108836040483
2021-01-22,79.0,80.0,78.9,79.2,2675859.0,1.0,0.8562108836040483
2021-01-25,79.05,79.05,77.3,78.3,3028485.0,1.0,0.8562108836040483
2021-01-26,78.2,78.6,76.05,76.55,4187476.0,1.0,0.8562108836040483
2021-01-27,76.75,77.35,76.2,76.5,2474213.0,1.0,0.8562108836040483
2021-01-28,75.3,75.65,74.6,74.9,3232177.0,1.0,0.8562108836040483
2021-01-29,75.9,76.0,73.55,73.55,2557808.0,1.0,0.8562108836040483
2021-02-01,73.6,75.25,73.25,75.2,2566351.0,1.0,0.8562108836040483
2021-02-02,76.3,77.7,76.3,77.35,2347322.0,1.0,0.8562108836040483
2021-02-03,77.95,78.0,77.2,77.4,2010504.0,1.0,0.8562108836040483
2021-02-04,76.7,77.3,76.2,76.85,1878892.0,1.0,0.8562108836040483
2021-02-05,77.8,78.2,77.3,77.6,2156288.0,1.0,0.8562108836040483
2021-02-17,80.2,81.1,79.85,80.8,4528668.0,1.0,0.8562108836040483
2021-02-18,80.9,81.35,80.3,80.7,2260906.0,1.0,0.8562108836040483
2021-02-19,80.35,80.35,79.3,79.95,2523555.0,1.0,0.8562108836040483
2021-02-22,80.55,80.85,79.8,79.9,2614348.0,1.0,0.8562108836040483
2021-02-23,79.6,79.7,78.6,79.6,2290074.0,1.0,0.8562108836040483
2021-02-24,78.95,79.4,78.3,78.3,2631819.0,1.0,0.8562108836040483
2021-02-25,79.2,79.3,78.55,79.1,1843711.0,1.0,0.8562108836040483
2021-02-26,77.8,78.1,77.05,77.45,5681359.0,1.0,0.8562108836040483
2021-03-02,78.15,78.15,76.75,76.75,3151930.0,1.0,0.8562108836040483
2021-03-03,76.75,78.0,76.3,78.0,1668445.0,1.0,0.8562108836040483
2021-03-04,77.2,77.2,75.9,76.4,4447139.0,1.0,0.8562108836040483
2021-03-05,75.3,76.2,74.4,75.7,2912184.0,1.0,0.8562108836040483
2021-03-08,76.5,76.9,75.6,75.65,3279206.0,1.0,0.8562108836040483
2021-03-09,75.05,75.65,74.65,75.5,2386794.0,1.0,0.8562108836040483
2021-03-10,75.85,76.25,75.55,75.75,1565965.0,1.0,0.8562108836040483
2021-03-11,75.9,77.4,75.9,77.3,1609746.0,1.0,0.8562108836040483
2021-03-12,77.9,77.95,77.25,77.6,1516972.0,1.0,0.8562108836040483
2021-03-15,77.6,77.65,77.25,77.5,1299995.0,1.0,0.8562108836040483
2021-03-16,77.7,78.0,77.45,77.9,2147674.0,1.0,0.8562108836040483
2021-03-17,77.9,78.0,77.0,77.2,1723636.0,1.0,0.8562108836040483
2021-03-18,77.45,78.15,77.45,77.45,2174076.0,1.0,0.8562108836040483
2021-03-19,76.8,76.8,76.15,76.35,3280183.0,1.0,0.8562108836040483
2021-03-22,76.35,76.85,75.7,76.75,1772130.0,1.0,0.8562108836040483
2021-03-23,76.9,77.35,76.65,76.7,1147841.0,1.0,0.8562108836040483
2021-03-24,75.7,76.1,75.4,75.6,2138151.0,1.0,0.8562108836040483
2021-03-25,75.6,76.2,75.15,75.85,2518846.0,1.0,0.8562108836040483
2021-03-26,76.05,77.3,76.05,77.2,2504475.0,1.0,0.8562108836040483
2021-03-29,78.0,78.0,77.55,77.7,1659185.0,1.0,0.8562108836040483
2021-03-30,77.85,78.0,77.6,77.95,1577770.0,1.0,0.8562108836040483
2021-03-31,77.95,77.95,77.35,77.35,2018211.0,1.0,0.8562108836040483
2021-04-01,77.65,78.0,77.65,77.9,1456711.0,1.0,0.8562108836040483
2021-04-06,79.0,79.35,78.9,79.0,3582067.0,1.0,0.8562108836040483
2021-04-07,79.0,79.1,78.75,79.1,1183980.0,1.0,0.8562108836040483
2021-04-08,79.0,79.45,78.5,79.4,1502909.0,1.0,0.8562108836040483
2021-04-09,79.5,79.6,79.1,79.15,1133623.0,1.0,0.8562108836040483
2021-04-12,79.5,79.5,78.55,78.8,1280706.0,1.0,0.8562108836040483
2021-04-13,78.8,79.6,78.7,78.8,1307286.0,1.0,0.8562108836040483
2021-04-14,78.8,79.2,78.2,79.2,1867089.0,1.0,0.8562108836040483
2021-04-15,79.2,80.0,79.1,80.0,1619840.0,1.0,0.8562108836040483
2021-04-16,79.95,80.0,79.5,80.0,2412923.0,1.0,0.8562108836040483
2021-04-19,80.0,80.05,79.7,80.0,1104260.0,1.0,0.8562108836040483
2021-04-20,80.0,80.15,79.65,80.15,952119.0,1.0,0.8562108836040483
2021-04-21,80.0,80.0,79.25,79.3,1240007.0,1.0,0.8562108836040483
2021-04-22,79.5,79.95,79.0,79.05,1273014.0,1.0,0.8562108836040483
2021-04-23,79.05,79.8,78.85,79.8,1046356.0,1.0,0.8562108836040483
2021-04-26,80.25,81.15,80.25,81.0,2758529.0,1.0,0.8562108836040483
2021-04-27,81.0,81.1,80.65,80.9,997776.0,1.0,0.8562108836040483
2021-04-28,80.85,80.85,80.35,80.55,1348775.0,1.0,0.8562108836040483
2021-04-29,81.05,81.35,80.65,80.75,1368812.0,1.0,0.8562108836040483
2021-05-03,80.65,80.65,79.3,79.35,2496976.0,1.0,0.8562108836040483
2021-05-04,79.35,79.4,77.65,78.8,3019679.0,1.0,0.8562108836040483
2021-05-05,78.6,78.85,78.05,78.05,2182019.0,1.0,0.8562108836040483
2021-05-06,78.2,79.2,78.05,78.8,3834604.0,1.0,0.8562108836040483
2021-05-07,79.3,80.1,79.15,80.1,1666317.0,1.0,0.8562108836040483
2021-05-10,80.1,80.1,79.3,79.45,1344404.0,1.0,0.8562108836040483
2021-05-11,77.95,78.05,77.0,77.1,4894415.0,1.0,0.8562108836040483
2021-05-12,76.4,76.4,73.3,75.8,7171474.0,1.0,0.8562108836040483
2021-05-13,73.6,74.75,71.9,73.1,6357744.0,1.0,0.8562108836040483
2021-05-14,73.5,74.85,73.5,74.1,2907671.0,1.0,0.8562108836040483
2021-05-17,72.0,73.9,71.5,72.55,6023269.0,1.0,0.8562108836040483
2021-05-18,73.4,76.05,73.35,75.95,2701354.0,1.0,0.8562108836040483
2021-05-19,76.0,76.25,75.15,75.4,1799738.0,1.0,0.8562108836040483
2021-05-20,75.4,75.7,74.65,75.2,1662775.0,1.0,0.8562108836040483
2021-05-21,76.05,76.8,75.35,76.05,1367338.0,1.0,0.8562108836040483
2021-05-24,75.9,76.25,75.4,76.05,1198683.0,1.0,0.8562108836040483
2021-05-25,76.5,77.6,76.5,77.5,1672276.0,1.0,0.8562108836040483
2021-05-26,77.55,77.9,77.1,77.55,1976400.0,1.0,0.8562108836040483
2021-05-27,76.8,77.0,76.2,77.0,1300282.0,1.0,0.8562108836040483
2021-05-28,77.6,78.15,77.3,78.05,1665023.0,1.0,0.8562108836040483
2021-05-31,78.15,79.1,78.15,78.9,1585340.0,1.0,0.8562108836040483
2021-06-01,78.9,79.35,78.8,79.1,1026064.0,1.0,0.8562108836040483
2021-06-02,79.1,79.2,78.55,78.85,939256.0,1.0,0.8562108836040483
2021-06-03,79.1,79.45,79.0,79.1,1162449.0,1.0,0.8562108836040483
2021-06-04,78.5,78.65,78.3,78.6,928518.0,1.0,0.8562108836040483
2021-06-07,78.7,79.0,77.25,78.75,2548195.0,1.0,0.8562108836040483
2021-06-08,78.9,78.95,78.3,78.35,1858755.0,1.0,0.8562108836040483
2021-06-09,78.1,78.2,77.45,77.75,1907434.0,1.0,0.8562108836040483
2021-06-10,77.95,79.2,77.95,79.1,2242711.0,1.0,0.8562108836040483
2021-06-11,79.4,79.85,79.3,79.4,2110243.0,1.0,0.8562108836040483
2021-06-15,79.6,79.95,79.6,79.8,1222079.0,1.0,0.8562108836040483
2021-06-16,79.8,79.85,79.6,79.7,2139126.0,1.0,0.8562108836040483
2021-06-17,79.45,79.6,78.9,79.6,1098437.0,1.0,0.8562108836040483
2021-06-18,79.8,79.8,79.2,79.2,1237359.0,1.0,0.8562108836040483
2021-06-21,78.9,78.9,77.45,77.5,3633060.0,1.0,0.8562108836040483
2021-06-22,78.15,78.15,77.35,77.35,1484562.0,1.0,0.8562108836040483
2021-06-23,77.95,79.0,77.6,78.8,2819570.0,1.0,0.8562108836040483
2021-06-24,78.8,78.95,78.55,78.65,1087665.0,1.0,0.8562108836040483
2021-06-25,79.25,79.5,78.75,78.9,2218064.0,1.0,0.8562108836040483
2021-06-28,78.9,79.3,78.65,79.2,2157856.0,1.0,0.8562108836040483
2021-06-29,79.4,79.55,79.1,79.3,1331152.0,1.0,0.8562108836040483
2021-06-30,79.5,80.05,79.5,79.9,1506155.0,1.0,0.8562108836040483
2021-07-01,79.8,80.05,79.45,79.6,1434423.0,1.0,0.8562108836040483
2021-07-02,79.75,79.85,79.4,79.5,860060.0,1.0,0.8562108836040483
2021-07-05,79.9,80.45,79.9,80.3,1689799.0,1.0,0.8562108836040483
2021-07-06,80.35,80.7,80.35,80.4,2321383.0,1.0,0.8562108836040483
2021-07-07,80.3,80.3,79.7,80.0,846263.0,1.0,0.8562108836040483
2021-07-08,80.45,80.45,79.5,79.85,904871.0,1.0,0.8562108836040483
2021-07-09,79.6,79.6,78.55,78.95,4358346.0,1.0,0.8562108836040483
2021-07-12,80.1,80.5,79.5,79.85,2809885.0,1.0,0.8562108836040483
2021-07-13,80.3,80.9,80.15,80.35,2631673.0,1.0,0.8562108836040483
2021-07-14,80.65,81.0,80.25,80.65,1483808.0,1.0,0.8562108836040483
2021-07-15,80.65,81.25,80.65,81.25,1676423.0,1.0,0.8562108836040483
2021-07-16,79.9,80.3,79.65,80.15,2711758.0,0.9961353846153848,0.8595326466940412
2021-07-19,79.7,79.7,79.0,79.5,1933956.0,1.0,0.8595326466940412
2021-07-20,79.25,79.25,78.5,78.75,2507317.0,1.0,0.8595326466940412
2021-07-21,79.05,79.3,78.3,78.65,2240872.0,1.0,0.8595326466940412
2021-07-22,79.0,79.65,78.95,79.15,841518.0,1.0,0.8595326466940412
2021-07-23,79.4,79.55,78.9,79.05,1317574.0,1.0,0.8595326466940412
2021-07-26,79.3,79.4,78.4,78.5,3198458.0,1.0,0.8595326466940412
2021-07-27,78.75,78.8,78.3,78.35,2393115.0,1.0,0.8595326466940412
2021-07-28,78.1,78.6,77.05,78.6,4276861.0,1.0,0.8595326466940412
2021-07-29,78.5,78.7,77.9,78.7,1320877.0,1.0,0.8595326466940412
2021-07-30,78.7,78.7,78.25,78.3,922952.0,1.0,0.8595326466940412
2021-08-02,78.55,79.5,78.3,79.5,2207385.0,1.0,0.8595326466940412
2021-08-03,79.45,79.6,79.2,79.6,1780183.0,1.0,0.8595326466940412
2021-08-04,79.7,80.15,79.6,80.0,1710724.0,1.0,0.8595326466940412
2021-08-05,80.05,80.1,79.9,79.95,953607.0,1.0,0.8595326466940412
2021-08-06,79.95,80.0,79.3,79.8,1997603.0,1.0,0.8595326466940412
2021-08-09,79.65,79.65,78.75,79.65,1549269.0,1.0,0.8595326466940412
2021-08-10,79.65,79.85,79.0,79.1,1086513.0,1.0,0.8595326466940412
2021-08-11,79.1,79.2,78.55,79.0,2092257.0,1.0,0.8595326466940412
2021-08-12,79.0,79.0,78.6,78.75,1387064.0,1.0,0.8595326466940412
2021-08-13,78.85,78.85,77.95,78.1,2406957.0,1.0,0.8595326466940412
2021-08-16,78.05,78.1,77.55,77.8,3724065.0,1.0,0.8595326466940412
2021-08-17,77.8,77.8,77.2,77.2,2062186.0,1.0,0.8595326466940412
2021-08-18,76.45,77.7,76.1,77.7,2968666.0,1.0,0.8595326466940412
2021-08-19,77.35,77.35,75.9,75.95,5732390.0,1.0,0.8595326466940412
2021-08-20,75.9,76.2,74.8,75.2,4295821.0,1.0,0.8595326466940412
2021-08-23,76.0,77.35,76.0,77.05,2015420.0,1.0,0.8595326466940412
2021-08-24,77.75,77.75,77.3,77.4,1237225.0,1.0,0.8595326466940412
2021-08-25,77.65,78.35,77.65,78.35,1992672.0,1.0,0.8595326466940412
2021-08-26,79.2,79.4,78.4,78.75,2456369.0,1.0,0.8595326466940412
2021-08-27,78.75,79.6,78.6,79.5,2031326.0,1.0,0.8595326466940412
2021-08-30,79.8,80.15,79.65,80.15,3693889.0,1.0,0.8595326466940412
2021-08-31,80.2,80.8,79.35,80.8,2187062.0,1.0,0.8595326466940412
2021-09-01,80.8,81.0,80.5,80.9,1725574.0,1.0,0.8595326466940412
2021-09-02,80.9,81.1,80.2,80.2,1654470.0,1.0,0.8595326466940412
2021-09-03,80.5,81.35,80.5,81.2,2620478.0,1.0,0.8595326466940412
2021-09-06,81.2,82.35,81.2,81.6,3645933.0,1.0,0.8595326466940412
2021-09-07,81.8,81.8,81.0,81.25,1444852.0,1.0,0.8595326466940412
2021-09-08,81.35,81.35,80.15,80.65,2341374.0,1.0,0.8595326466940412
2021-09-09,80.2,80.8,79.85,80.6,1950496.0,1.0,0.8595326466940412
2021-09-10,80.6,81.45,80.6,81.4,976646.0,1.0,0.8595326466940412
2021-09-13,81.35,81.35,80.85,81.05,1147656.0,1.0,0.8595326466940412
2021-09-14,81.15,81.45,81.0,81.2,886517.0,1.0,0.8595326466940412
2021-09-15,81.05,81.1,80.5,80.6,1261008.0,1.0,0.8595326466940412
2021-09-16,80.6,81.0,80.15,80.5,2694340.0,1.0,0.8595326466940412
2021-09-17,80.4,81.05,80.05,80.55,1305042.0,1.0,0.8595326466940412
2021-09-22,78.7,78.9,78.15,78.8,5610447.0,1.0,0.8595326466940412
2021-09-23,79.1,79.65,79.1,79.4,1615812.0,1.0,0.8595326466940412
2021-09-24,79.85,80.2,79.8,80.2,1447076.0,1.0,0.8595326466940412
2021-09-27,80.25,80.7,80.05,80.4,2219865.0,1.0,0.8595326466940412
2021-09-28,80.05,80.05,79.5,79.9,1007082.0,1.0,0.8595326466940412
2021-09-29,78.65,78.75,78.25,78.6,3633983.0,1.0,0.8595326466940412
2021-09-30,78.6,78.85,77.85,78.55,2432588.0,1.0,0.8595326466940412
2021-10-01,78.25,78.25,77.0,77.45,5355649.0,1.0,0.8595326466940412
2021-10-04,77.8,77.8,76.5,76.7,4876745.0,1.0,0.8595326466940412
2021-10-05,75.8,76.6,75.45,76.4,5280125.0,1.0,0.8595326466940412
2021-10-06,76.85,77.0,76.0,76.35,4302051.0,1.0,0.8595326466940412
2021-10-07,77.0,77.95,76.95,77.75,1396252.0,1.0,0.8595326466940412
2021-10-08,77.9,77.95,77.1,77.25,1329158.0,1.0,0.8595326466940412
2021-10-12,76.2,76.6,75.75,76.5,2286265.0,1.0,0.8595326466940412
2021-10-13,76.65,76.75,76.0,76.15,1698337.0,1.0,0.8595326466940412
2021-10-14,76.75,76.9,76.1,76.3,816398.0,1.0,0.8595326466940412
2021-10-15,77.35,78.4,77.2,78.35,2162292.0,1.0,0.8595326466940412
2021-10-18,78.7,78.75,78.0,78.05,1912113.0,1.0,0.8595326466940412
2021-10-19,78.35,78.85,78.1,78.65,998964.0,1.0,0.8595326466940412
2021-10-20,78.7,78.95,78.55,78.55,1143507.0,1.0,0.8595326466940412
2021-10-21,78.65,79.2,78.25,78.35,1918125.0,1.0,0.8595326466940412
2021-10-22,78.35,78.55,78.0,78.45,1018215.0,1.0,0.8595326466940412
2021-10-25,78.2,78.45,77.7,78.3,1700995.0,1.0,0.8595326466940412
2021-10-26,78.4,79.2,78.4,79.0,2454332.0,1.0,0.8595326466940412
2021-10-27,78.95,79.0,78.55,79.0,809629.0,1.0,0.8595326466940412
2021-10-28,78.95,79.0,78.5,78.8,1329896.0,1.0,0.8595326466940412
2021-10-29,78.7,78.7,77.9,78.15,1281232.0,1.0,0.8595326466940412
2021-11-01,78.4,78.7,78.3,78.45,903273.0,1.0,0.8595326466940412
2021-11-02,78.6,79.2,78.3,78.4,1228989.0,1.0,0.8595326466940412
2021-11-03,78.6,78.9,78.55,78.65,892314.0,1.0,0.8595326466940412
2021-11-04,79.05,79.15,78.25,78.4,1279794.0,1.0,0.8595326466940412
2021-11-05,78.75,79.4,78.75,79.4,1944955.0,1.0,0.8595326466940412
2021-11-08,79.4,80.1,79.4,80.05,2446670.0,1.0,0.8595326466940412
2021-11-09,80.6,81.15,80.6,80.75,2803211.0,1.0,0.8595326466940412
2021-11-10,80.75,80.75,80.3,80.5,1922452.0,1.0,0.8595326466940412
2021-11-11,80.0,80.2,79.7,79.85,1810425.0,1.0,0.8595326466940412
2021-11-12,80.3,80.75,80.1,80.2,1655379.0,1.0,0.8595326466940412
2021-11-15,80.6,81.05,80.6,80.9,1604843.0,1.0,0.8595326466940412
2021-11-16,79.55,79.65,79.3,79.55,2854421.0,0.9797156983930778,0.8773286455487445
2021-11-17,79.75,79.85,79.5,79.7,1497033.0,1.0,0.8773286455487445
2021-11-18,80.0,80.2,79.8,80.2,950080.0,1.0,0.8773286455487445
2021-11-19,80.8,80.95,80.4,80.45,1774153.0,1.0,0.8773286455487445
2021-11-22,80.45,80.5,80.2,80.3,932015.0,1.0,0.8773286455487445
2021-11-23,79.95,79.95,79.45,79.65,1996698.0,1.0,0.8773286455487445
2021-11-24,79.65,79.65,79.0,79.25,1365197.0,1.0,0.8773286455487445
2021-11-25,79.25,79.35,78.9,79.25,1002719.0,1.0,0.8773286455487445
2021-11-26,78.75,78.9,78.0,78.1,6526785.0,1.0,0.8773286455487445
2021-11-29,77.9,78.4,77.6,77.8,3913227.0,1.0,0.8773286455487445
2021-11-30,78.45,78.75,77.75,77.9,4058418.0,1.0,0.8773286455487445
2021-12-01,78.0,79.15,77.95,79.0,1815817.0,1.0,0.8773286455487445
2021-12-02,79.0,80.0,78.85,79.9,2152968.0,1.0,0.8773286455487445
2021-12-03,80.0,80.1,79.45,79.85,1368845.0,1.0,0.8773286455487445
2021-12-06,79.45,80.1,79.0,79.75,2395865.0,1.0,0.8773286455487445
2021-12-07,79.75,79.95,79.2,79.95,1578262.0,1.0,0.8773286455487445
2021-12-08,80.6,80.85,80.15,80.2,2232072.0,1.0,0.8773286455487445
2021-12-09,80.3,80.3,79.8,80.25,1683295.0,1.0,0.8773286455487445
2021-12-10,79.9,80.05,79.65,80.0,1158707.0,1.0,0.8773286455487445
2021-12-13,80.0,80.3,79.7,79.7,1365055.0,1.0,0.8773286455487445
2021-12-14,79.3,79.3,78.85,79.0,2348761.0,1.0,0.8773286455487445
2021-12-15,78.8,79.25,78.75,79.0,1873241.0,1.0,0.8773286455487445
2021-12-16,79.8,80.05,79.6,79.95,2352861.0,1.0,0.8773286455487445
2021-12-17,79.75,80.05,79.5,79.95,1367321.0,1.0,0.8773286455487445
2021-12-20,79.85,79.95,79.15,79.25,1925804.0,1.0,0.8773286455487445
2021-12-21,79.25,80.0,79.25,79.85,1533495.0,1.0,0.8773286455487445
2021-12-22,79.85,80.0,79.85,79.95,1199939.0,1.0,0.8773286455487445
2021-12-23,80.3,80.65,80.3,80.4,1943912.0,1.0,0.8773286455487445
2021-12-24,80.5,80.85,80.4,80.45,2495359.0,1.0,0.8773286455487445
2021-12-27,80.5,81.2,80.5,81.05,2743173.0,1.0,0.8773286455487445
2021-12-28,81.2,81.75,81.2,81.7,2700926.0,1.0,0.8773286455487445
2021-12-29,81.8,82.15,81.75,82.0,2302700.0,1.0,0.8773286455487445
2021-12-30,82.0,82.05,81.7,81.85,1709223.0,1.0,0.8773286455487445
2022-01-03,82.15,82.85,82.15,82.35,2220477.0,1.0,0.8773286455487445
2022-01-04,83.0,84.1,83.0,84.1,3151674.0,1.0,0.8773286455487445
2022-01-05,84.45,84.75,84.1,84.5,15510112.0,1.0,0.8773286455487445
2022-01-06,84.1,84.1,83.05,83.45,4751006.0,1.0,0.8773286455487445
2022-01-07,83.65,83.95,82.5,82.7,3929038.0,1.0,0.8773286455487445
2022-01-10,82.15,83.1,81.85,82.9,2162742.0,1.0,0.8773286455487445
2022-01-11,83.05,83.45,82.55,83.3,4221094.0,1.0,0.8773286455487445
2022-01-12,84.0,84.2,83.65,84.2,2184244.0,1.0,0.8773286455487445
2022-01-13,84.35,84.75,84.2,84.6,2288123.0,1.0,0.8773286455487445
2022-01-14,85.0,85.05,83.9,84.6,4518838.0,1.0,0.8773286455487445
2022-01-17,84.95,85.7,84.95,85.45,3573025.0,1.0,0.8773286455487445
2022-01-18,85.45,85.45,84.4,84.45,3549510.0,1.0,0.8773286455487445
2022-01-19,83.7,84.1,83.3,83.45,3637379.0,1.0,0.8773286455487445
2022-01-20,83.45,83.9,82.95,83.75,2026707.0,1.0,0.8773286455487445
2022-01-21,82.6,82.65,81.85,82.0,5489673.0,1.0,0.8773286455487445
2022-01-24,81.8,82.9,81.55,82.9,2836728.0,1.0,0.8773286455487445
2022-01-25,82.55,82.55,81.35,81.65,5426592.0,1.0,0.8773286455487445
2022-01-26,81.55,81.8,81.3,81.4,9370545.0,1.0,0.8773286455487445
2022-02-07,82.05,82.15,81.3,81.95,5998356.0,1.0,0.8773286455487445
2022-02-08,82.5,82.6,82.2,82.2,2885077.0,1.0,0.8773286455487445
2022-02-09,82.5,82.6,82.15,82.55,1965685.0,1.0,0.8773286455487445
2022-02-10,82.7,83.6,82.7,83.6,1592720.0,1.0,0.8773286455487445
2022-02-11,83.5,83.55,82.95,83.45,1349096.0,1.0,0.8773286455487445
2022-02-14,82.85,82.85,82.0,82.3,3390477.0,1.0,0.8773286455487445
2022-02-15,82.15,82.5,81.9,82.0,2560108.0,1.0,0.8773286455487445
2022-02-16,82.9,83.3,82.9,83.3,2712712.0,1.0,0.8773286455487445
2022-02-17,83.35,83.5,82.9,83.25,1711743.0,1.0,0.8773286455487445
2022-02-18,82.65,83.05,82.4,82.95,1194147.0,1.0,0.8773286455487445
2022-02-21,82.45,82.9,82.3,82.8,1401364.0,1.0,0.8773286455487445
2022-02-22,82.25,82.25,81.35,81.75,6428957.0,1.0,0.8773286455487445
2022-02-23,81.75,82.05,81.6,81.85,1920524.0,1.0,0.8773286455487445
2022-02-24,81.15,81.15,79.9,79.9,11229273.0,1.0,0.8773286455487445
2022-02-25,79.95,80.2,79.5,79.85,6759117.0,1.0,0.8773286455487445
2022-03-01,80.2,81.15,80.05,80.8,4518463.0,1.0,0.8773286455487445
2022-03-02,80.7,80.7,80.15,80.45,2298356.0,1.0,0.8773286455487445
2022-03-03,80.8,80.95,80.5,80.55,1724446.0,1.0,0.8773286455487445
2022-03-04,80.0,80.0,79.5,79.7,5764680.0,1.0,0.8773286455487445
2022-03-07,79.0,79.0,77.7,78.45,14708092.0,1.0,0.8773286455487445
2022-03-08,76.6,76.8,75.85,75.9,16547730.0,1.0,0.8773286455487445
2022-03-09,76.15,76.75,76.15,76.3,5925727.0,1.0,0.8773286455487445
2022-03-10,77.95,78.6,77.9,78.5,3999023.0,1.0,0.8773286455487445
2022-03-11,78.3,78.3,77.35,77.55,3459326.0,1.0,0.8773286455487445
2022-03-14,77.85,78.0,77.1,77.3,4128122.0,1.0,0.8773286455487445
2022-03-15,76.75,76.75,75.7,75.85,8273097.0,1.0,0.8773286455487445
2022-03-16,76.6,76.65,75.65,76.1,6668110.0,1.0,0.8773286455487445
2022-03-17,77.95,78.65,77.75,78.6,3574409.0,1.0,0.8773286455487445
2022-03-18,78.6,78.6,78.0,78.3,1817532.0,1.0,0.8773286455487445
2022-03-21,78.7,79.2,78.7,78.8,2768400.0,1.0,0.8773286455487445
2022-03-22,78.8,78.85,78.5,78.7,2387959.0,1.0,0.8773286455487445
2022-03-23,79.2,79.7,79.2,79.55,2573976.0,1.0,0.8773286455487445
2022-03-24,79.3,79.55,79.0,79.45,1170873.0,1.0,0.8773286455487445
2022-03-25,79.45,79.7,79.4,79.65,1503612.0,1.0,0.8773286455487445
2022-03-28,78.95,78.95,78.15,78.75,4779907.0,1.0,0.8773286455487445
2022-03-29,78.7,79.1,78.65,78.85,1227422.0,1.0,0.8773286455487445
2022-03-30,79.85,79.9,79.55,79.75,2016486.0,1.0,0.8773286455487445
2022-03-31,79.8,79.9,79.55,79.6,1153882.0,1.0,0.8773286455487445
2022-04-01,78.7,78.95,78.5,78.95,1613692.0,1.0,0.8773286455487445
2022-04-06,78.15,78.65,77.8,78.55,4326561.0,1.0,0.8773286455487445
2022-04-07,77.75,78.0,77.25,77.3,5246569.0,1.0,0.8773286455487445
2022-04-08,77.35,77.5,77.1,77.35,2646651.0,1.0,0.8773286455487445
2022-04-11,77.3,77.35,76.25,76.35,5187345.0,1.0,0.8773286455487445
2022-04-12,76.05,76.65,75.7,76.3,4372818.0,1.0,0.8773286455487445
2022-04-13,76.7,77.8,76.7,77.7,2214594.0,1.0,0.8773286455487445
2022-04-14,77.95,77.95,77.45,77.5,1481171.0,1.0,0.8773286455487445
2022-04-15,76.55,76.65,76.15,76.15,4574661.0,1.0,0.8773286455487445
2022-04-18,75.7,76.2,75.5,75.65,6198798.0,1.0,0.8773286455487445
2022-04-19,76.0,76.6,76.0,76.0,1700299.0,1.0,0.8773286455487445
2022-04-20,76.4,76.45,75.9,76.35,2055016.0,1.0,0.8773286455487445
2022-04-21,76.65,76.95,76.35,76.35,1506637.0,1.0,0.8773286455487445
2022-04-22,75.5,75.95,75.4,75.95,3248843.0,1.0,0.8773286455487445
2022-04-25,74.7,74.8,74.2,74.45,8171949.0,1.0,0.8773286455487445
2022-04-26,74.55,74.8,74.2,74.4,4917922.0,1.0,0.8773286455487445
2022-04-27,73.1,73.2,72.7,72.8,8326281.0,1.0,0.8773286455487445
2022-04-28,73.2,73.4,72.55,73.25,3461004.0,1.0,0.8773286455487445
2022-04-29,74.5,74.6,73.9,74.25,5840140.0,1.0,0.8773286455487445
2022-05-03,74.3,74.3,73.4,73.5,3475791.0,1.0,0.8773286455487445
2022-05-04,73.6,74.0,73.55,73.65,2397011.0,1.0,0.8773286455487445
2022-05-05,74.7,74.95,74.2,74.4,1943948.0,1.0,0.8773286455487445
2022-05-06,72.85,73.15,72.6,73.0,6002010.0,1.0,0.8773286455487445
2022-05-09,72.1,72.15,71.7,71.7,4692983.0,1.0,0.8773286455487445
2022-05-10,70.7,71.55,70.1,71.5,5586236.0,1.0,0.8773286455487445
2022-05-11,71.45,71.8,71.1,71.5,2149201.0,1.0,0.8773286455487445
2022-05-12,71.0,71.0,69.8,69.8,6138867.0,1.0,0.8773286455487445
2022-05-13,70.05,70.55,70.0,70.5,2109657.0,1.0,0.8773286455487445
2022-05-16,71.3,71.5,70.6,70.8,3611414.0,1.0,0.8773286455487445
2022-05-17,71.0,71.7,71.0,71.55,1587949.0,1.0,0.8773286455487445
2022-05-18,72.3,72.65,72.0,72.35,2349872.0,1.0,0.8773286455487445
2022-05-19,71.2,71.25,70.7,71.1,2949149.0,1.0,0.8773286455487445
2022-05-20,71.25,72.0,71.25,71.85,1102962.0,1.0,0.8773286455487445
2022-05-23,72.05,72.4,71.65,72.0,1446626.0,1.0,0.8773286455487445
2022-05-24,72.0,72.05,71.1,71.1,1385238.0,1.0,0.8773286455487445
2022-05-25,71.45,71.85,71.15,71.6,1118539.0,1.0,0.8773286455487445
2022-05-26,71.95,72.0,70.75,70.75,3232215.0,1.0,0.8773286455487445
2022-05-27,71.45,72.3,71.45,72.3,1302678.0,1.0,0.8773286455487445
2022-05-30,73.1,74.0,73.1,73.95,1796282.0,1.0,0.8773286455487445
2022-05-31,73.9,74.5,73.4,74.5,1998607.0,1.0,0.8773286455487445
2022-06-01,74.4,75.0,74.3,74.4,2944300.0,1.0,0.8773286455487445
2022-06-02,73.8,73.95,73.5,73.7,1727853.0,1.0,0.8773286455487445
2022-06-06,73.7,74.45,73.4,74.2,3057495.0,1.0,0.8773286455487445
2022-06-07,73.55,73.65,73.1,73.35,2132952.0,1.0,0.8773286455487445
2022-06-08,74.0,74.55,74.0,74.2,1444469.0,1.0,0.8773286455487445
2022-06-09,73.85,74.1,73.7,73.95,802216.0,1.0,0.8773286455487445
2022-06-10,73.0,73.45,72.8,73.35,1579519.0,1.0,0.8773286455487445
2022-06-13,71.6,71.65,71.3,71.35,4192493.0,1.0,0.8773286455487445
2022-06-14,70.75,71.3,70.4,71.25,3282561.0,1.0,0.8773286455487445
2022-06-15,71.05,71.25,70.8,70.8,2724748.0,1.0,0.8773286455487445
2022-06-16,71.6,72.05,70.55,70.6,4025822.0,1.0,0.8773286455487445
2022-06-17,69.85,70.0,69.5,69.8,5578326.0,1.0,0.8773286455487445
2022-06-20,69.8,69.85,69.0,69.0,5585966.0,1.0,0.8773286455487445
2022-06-21,69.55,70.25,69.35,70.25,1913635.0,1.0,0.8773286455487445
2022-06-22,70.0,70.0,68.8,68.8,3929969.0,1.0,0.8773286455487445
2022-06-23,68.8,69.2,67.6,67.8,5727731.0,1.0,0.8773286455487445
2022-06-24,68.35,68.7,67.9,68.0,1835332.0,1.0,0.8773286455487445
2022-06-27,69.0,70.0,69.0,69.5,3315948.0,1.0,0.8773286455487445
2022-06-28,69.45,69.45,68.7,69.0,1544757.0,1.0,0.8773286455487445
2022-06-29,68.25,68.9,68.25,68.3,2329554.0,1.0,0.8773286455487445
2022-06-30,67.8,67.8,66.6,66.75,5897564.0,1.0,0.8773286455487445
2022-07-01,66.65,66.65,64.45,64.45,9915382.0,1.0,0.8773286455487445
2022-07-04,64.45,64.75,63.5,63.65,6544410.0,1.0,0.8773286455487445
2022-07-05,64.9,65.05,63.0,64.15,6092091.0,1.0,0.8773286455487445
2022-07-06,64.15,64.25,62.95,63.1,5358434.0,1.0,0.8773286455487445
2022-07-07,63.4,65.05,62.9,64.85,2487790.0,1.0,0.8773286455487445
2022-07-08,65.9,65.95,65.1,65.55,2989647.0,1.0,0.8773286455487445
2022-07-11,65.65,65.85,64.85,65.05,2063646.0,1.0,0.8773286455487445
2022-07-12,64.7,64.7,63.25,63.5,3055454.0,1.0,0.8773286455487445
2022-07-13,65.65,65.75,65.15,65.6,4589020.0,1.0,0.8773286455487445
2022-07-14,65.3,66.15,64.7,65.8,4001657.0,1.0,0.8773286455487445
2022-07-15,66.2,66.9,65.85,66.8,4256274.0,1.0,0.8773286455487445
2022-07-18,66.2,66.2,65.55,65.75,5565479.0,0.981317365269461,0.8940315096817204
2022-07-19,65.55,65.9,65.25,65.8,2693823.0,1.0,0.8940315096817204
2022-07-20,66.95,66.95,65.95,66.0,2557846.0,1.0,0.8940315096817204
2022-07-21,66.2,66.95,66.05,66.95,1687941.0,1.0,0.8940315096817204
2022-07-22,67.2,67.4,66.85,67.25,2155687.0,1.0,0.8940315096817204
2022-07-25,66.95,67.4,66.7,67.2,2105881.0,1.0,0.8940315096817204
2022-07-26,67.1,67.15,66.4,66.55,3777251.0,1.0,0.8940315096817204
2022-07-27,66.55,67.1,66.15,67.1,1555920.0,1.0,0.8940315096817204
2022-07-28,68.0,68.0,67.3,67.3,2309445.0,1.0,0.8940315096817204
2022-07-29,68.05,68.2,67.65,67.9,2269434.0,1.0,0.8940315096817204
2022-08-01,67.9,67.9,67.35,67.7,2419077.0,1.0,0.8940315096817204
2022-08-02,66.95,67.0,66.2,66.6,5096254.0,1.0,0.8940315096817204
2022-08-03,66.6,66.95,66.45,66.9,2222829.0,1.0,0.8940315096817204
2022-08-04,67.0,67.2,66.3,67.1,2542205.0,1.0,0.8940315096817204
2022-08-05,67.9,68.75,67.85,68.75,2427189.0,1.0,0.8940315096817204
2022-08-08,68.5,68.65,68.1,68.6,3561980.0,1.0,0.8940315096817204
2022-08-09,68.1,68.75,67.85,68.45,2954754.0,1.0,0.8940315096817204
2022-08-10,67.85,68.0,67.7,67.8,2291842.0,1.0,0.8940315096817204
2022-08-11,69.0,69.3,68.75,69.05,2711118.0,1.0,0.8940315096817204
2022-08-12,69.2,69.65,69.2,69.55,2171595.0,1.0,0.8940315096817204
2022-08-15,69.9,70.25,69.75,70.2,2858909.0,1.0,0.8940315096817204
2022-08-16,70.25,70.4,70.1,70.25,3227733.0,1.0,0.8940315096817204
2022-08-17,70.25,70.4,70.1,70.4,1711898.0,1.0,0.8940315096817204
2022-08-18,70.0,70.0,69.6,69.8,2611457.0,1.0,0.8940315096817204
2022-08-19,69.95,70.3,69.6,69.95,1707612.0,1.0,0.8940315096817204
2022-08-22,69.4,69.4,68.9,68.95,3740079.0,1.0,0.8940315096817204
2022-08-23,68.35,68.5,68.05,68.1,3831318.0,1.0,0.8940315096817204
2022-08-24,68.2,68.5,67.75,67.9,2648580.0,1.0,0.8940315096817204
2022-08-25,68.4,68.65,68.2,68.5,1613515.0,1.0,0.8940315096817204
2022-08-26,69.0,69.2,68.8,68.85,3490076.0,1.0,0.8940315096817204
2022-08-29,66.95,67.45,66.8,67.25,7201933.0,1.0,0.8940315096817204
2022-08-30,67.2,67.5,66.95,67.25,4586003.0,1.0,0.8940315096817204
2022-08-31,66.9,67.75,66.65,67.7,2633270.0,1.0,0.8940315096817204
2022-09-01,66.55,66.6,66.15,66.3,7517510.0,1.0,0.8940315096817204
2022-09-02,66.35,66.35,65.7,65.7,5374692.0,1.0,0.8940315096817204
2022-09-05,65.75,66.05,65.45,65.7,3403828.0,1.0,0.8940315096817204
2022-09-06,66.1,66.4,65.75,66.1,3599171.0,1.0,0.8940315096817204
2022-09-07,65.25,65.25,64.65,64.65,6473575.0,1.0,0.8940315096817204
2022-09-08,65.1,65.1,64.7,65.0,2871165.0,1.0,0.8940315096817204
2022-09-12,66.05,66.55,66.05,66.35,2426394.0,1.0,0.8940315096817204
2022-09-13,66.7,66.9,66.55,66.7,2196179.0,1.0,0.8940315096817204
2022-09-14,65.2,65.6,65.0,65.4,3624672.0,1.0,0.8940315096817204
2022-09-15,65.4,65.8,65.2,65.5,2249629.0,1.0,0.8940315096817204
2022-09-16,64.95,65.0,64.75,64.85,4984145.0,1.0,0.8940315096817204
2022-09-19,65.1,65.1,64.4,64.45,3656188.0,1.0,0.8940315096817204
2022-09-20,64.8,65.15,64.6,65.0,1939721.0,1.0,0.8940315096817204
2022-09-21,64.8,64.85,64.45,64.5,2936736.0,1.0,0.8940315096817204
2022-09-22,63.7,63.75,63.1,63.7,6071021.0,1.0,0.8940315096817204
2022-09-23,63.5,63.55,63.0,63.0,6443440.0,1.0,0.8940315096817204
2022-09-26,62.35,62.35,61.65,61.8,10819997.0,1.0,0.8940315096817204
2022-09-27,62.0,62.1,61.5,61.7,4149383.0,1.0,0.8940315096817204
2022-09-28,61.85,61.85,60.4,60.4,7657275.0,1.0,0.8940315096817204
2022-09-29,60.9,61.15,60.0,60.2,4739618.0,1.0,0.8940315096817204
2022-09-30,59.5,59.7,59.2,59.35,5481337.0,1.0,0.8940315096817204
2022-10-03,58.9,59.5,58.6,58.7,5464093.0,1.0,0.8940315096817204
2022-10-04,60.0,60.2,59.8,60.05,3304969.0,1.0,0.8940315096817204
2022-10-05,61.15,62.0,61.15,61.55,3912075.0,1.0,0.8940315096817204
2022-10-06,61.95,62.15,61.75,62.0,4319465.0,1.0,0.8940315096817204
2022-10-07,61.7,61.7,60.95,60.95,3491532.0,1.0,0.8940315096817204
2022-10-11,58.8,58.8,57.85,57.9,12798969.0,1.0,0.8940315096817204
2022-10-12,57.8,57.85,57.2,57.55,5521697.0,1.0,0.8940315096817204
2022-10-13,57.75,57.75,56.85,56.85,5566206.0,1.0,0.8940315096817204
2022-10-14,58.3,58.8,58.15,58.45,4302315.0,1.0,0.8940315096817204
2022-10-17,57.45,57.55,56.95,57.3,6176863.0,1.0,0.8940315096817204
2022-10-18,58.35,58.35,57.45,58.0,3141314.0,1.0,0.8940315096817204
2022-10-19,58.0,58.1,57.25,57.25,4351582.0,1.0,0.8940315096817204
2022-10-20,56.55,57.1,55.95,57.1,4567276.0,1.0,0.8940315096817204
2022-10-21,57.1,57.35,56.7,56.75,2330171.0,1.0,0.8940315096817204
2022-10-24,57.85,57.85,56.75,56.75,3659309.0,1.0,0.8940315096817204
2022-10-25,56.65,56.65,55.5,55.5,6434226.0,1.0,0.8940315096817204
2022-10-26,55.75,56.35,55.55,56.15,4412594.0,1.0,0.8940315096817204
2022-10-27,56.65,57.1,56.65,56.9,2139665.0,1.0,0.8940315096817204
2022-10-28,56.65,56.65,55.9,56.2,3859378.0,1.0,0.8940315096817204
2022-10-31,56.85,57.2,56.35,56.95,2751845.0,1.0,0.8940315096817204
2022-11-01,56.9,57.55,56.85,57.25,2897357.0,1.0,0.8940315096817204
2022-11-02,57.3,57.55,57.15,57.5,1722854.0,1.0,0.8940315096817204
2022-11-03,56.7,56.9,56.55,56.8,3503539.0,1.0,0.8940315096817204
2022-11-04,56.5,56.9,56.1,56.9,1987889.0,1.0,0.8940315096817204
2022-11-07,57.5,58.05,57.25,57.85,4730488.0,1.0,0.8940315096817204
2022-11-08,58.3,58.65,58.25,58.5,2760872.0,1.0,0.8940315096817204
2022-11-09,59.1,60.05,59.0,60.0,3982379.0,1.0,0.8940315096817204
2022-11-10,59.6,59.75,59.3,59.45,2907440.0,1.0,0.8940315096817204
2022-11-11,62.4,62.55,61.9,62.55,6562540.0,1.0,0.8940315096817204
2022-11-14,62.95,63.5,62.85,63.25,4421110.0,1.0,0.8940315096817204
2022-11-15,64.0,65.95,64.0,65.8,8089095.0,1.0,0.8940315096817204
2022-11-16,65.45,65.55,64.35,64.7,7494297.0,0.9843465045592705,0.9082487777838073
2022-11-17,64.3,64.75,63.8,64.7,3014616.0,1.0,0.9082487777838073
2022-11-18,65.05,65.5,64.5,64.55,3017077.0,1.0,0.9082487777838073
2022-11-21,64.6,64.85,64.2,64.25,2019067.0,1.0,0.9082487777838073
2022-11-22,64.2,64.9,63.85,64.85,1692544.0,1.0,0.9082487777838073
2022-11-23,65.2,65.5,65.05,65.3,2282007.0,1.0,0.9082487777838073
2022-11-24,65.45,65.9,65.45,65.9,3020611.0,1.0,0.9082487777838073
2022-11-25,65.9,66.05,65.7,65.8,3068386.0,1.0,0.9082487777838073
2022-11-28,65.1,65.1,64.4,64.7,4689298.0,1.0,0.9082487777838073
2022-11-29,64.25,65.2,63.95,65.1,2744984.0,1.0,0.9082487777838073
2022-11-30,65.0,65.75,64.95,65.75,2034023.0,1.0,0.9082487777838073
2022-12-01,67.0,67.45,66.6,66.75,3941315.0,1.0,0.9082487777838073
2022-12-02,66.5,66.6,66.05,66.3,2142234.0,1.0,0.9082487777838073
2022-12-05,66.35,66.9,66.25,66.25,2622463.0,1.0,0.9082487777838073
2022-12-06,66.05,66.05,65.2,65.2,4733894.0,1.0,0.9082487777838073
2022-12-07,64.95,65.55,64.6,64.75,2484091.0,1.0,0.9082487777838073
2022-12-08,64.7,64.7,63.65,64.0,3109838.0,1.0,0.9082487777838073
2022-12-09,64.5,65.2,64.45,64.95,1715787.0,1.0,0.9082487777838073
2022-12-12,64.8,64.8,64.1,64.5,2169603.0,1.0,0.9082487777838073
2022-12-13,64.7,64.8,64.0,64.15,2612160.0,1.0,0.9082487777838073
2022-12-14,64.3,65.1,64.3,65.0,1508653.0,1.0,0.9082487777838073
2022-12-15,64.8,65.05,64.5,65.05,1693016.0,1.0,0.9082487777838073
2022-12-16,63.95,64.2,63.5,63.9,5372227.0,1.0,0.9082487777838073
2022-12-19,63.65,63.9,63.4,63.6,2235284.0,1.0,0.9082487777838073
2022-12-20,63.6,63.7,62.5,62.5,4337861.0,1.0,0.9082487777838073
2022-12-21,62.9,63.05,62.55,62.65,1679826.0,1.0,0.9082487777838073
2022-12-22,63.0,63.75,63.0,63.7,1251116.0,1.0,0.9082487777838073
2022-12-23,62.85,62.95,62.6,62.8,2831221.0,1.0,0.9082487777838073
2022-12-26,62.95,63.05,62.75,62.95,2846028.0,1.0,0.9082487777838073
2022-12-27,63.0,63.5,63.0,63.1,1653607.0,1.0,0.9082487777838073
2022-12-28,62.6,62.6,61.9,62.1,4114593.0,1.0,0.9082487777838073
2022-12-29,61.9,61.9,61.4,61.85,3358138.0,1.0,0.9082487777838073
2022-12-30,62.4,62.6,62.1,62.1,2115281.0,1.0,0.9082487777838073
2023-01-03,61.8,62.7,61.35,62.6,3480749.0,1.0,0.9082487777838073
2023-01-04,62.4,62.7,62.25,62.35,3264730.0,1.0,0.9082487777838073
2023-01-05,62.7,63.15,62.6,62.8,2068209.0,1.0,0.9082487777838073
2023-01-06,62.8,63.45,62.75,63.2,3468263.0,1.0,0.9082487777838073
2023-01-09,64.2,65.3,64.2,65.25,4601719.0,1.0,0.9082487777838073
2023-01-10,65.6,65.8,65.4,65.75,4288405.0,1.0,0.9082487777838073
2023-01-11,65.9,66.0,65.45,65.6,1923173.0,1.0,0.9082487777838073
2023-01-12,65.9,65.9,65.4,65.55,1773986.0,1.0,0.9082487777838073
2023-01-13,66.5,67.05,66.15,66.3,5331887.0,1.0,0.9082487777838073
2023-01-16,66.6,67.05,66.6,66.85,5341268.0,1.0,0.9082487777838073
2023-01-17,66.8,66.85,66.55,66.75,2773117.0,1.0,0.9082487777838073
2023-01-30,69.3,70.0,69.3,69.75,8668336.0,1.0,0.9082487777838073
2023-01-31,69.7,69.7,68.55,68.6,4977054.0,1.0,0.9082487777838073
2023-02-01,68.8,69.1,68.55,68.95,2324732.0,1.0,0.9082487777838073
2023-02-02,69.6,69.95,69.4,69.95,4268069.0,1.0,0.9082487777838073
2023-02-03,69.9,70.0,69.45,69.95,4480136.0,1.0,0.9082487777838073
2023-02-06,69.45,69.5,68.9,69.0,6273271.0,1.0,0.9082487777838073
2023-02-07,68.9,69.0,68.55,68.85,2770050.0,1.0,0.9082487777838073
2023-02-08,69.5,69.95,69.4,69.85,2699897.0,1.0,0.9082487777838073
2023-02-09,69.7,69.9,69.55,69.9,1850953.0,1.0,0.9082487777838073
2023-02-10,69.8,70.0,69.75,70.0,2609448.0,1.0,0.9082487777838073
2023-02-13,69.95,69.95,69.3,69.85,2948151.0,1.0,0.9082487777838073
2023-02-14,70.05,70.4,70.05,70.25,2485663.0,1.0,0.9082487777838073
2023-02-15,69.5,69.5,68.8,68.85,5895664.0,1.0,0.9082487777838073
2023-02-16,69.1,69.8,69.1,69.6,3493698.0,1.0,0.9082487777838073
2023-02-17,69.0,69.0,68.55,68.7,3710921.0,1.0,0.9082487777838073
2023-02-20,68.7,69.05,68.4,68.85,2421365.0,1.0,0.9082487777838073
2023-02-21,68.85,68.85,68.55,68.75,1884184.0,1.0,0.9082487777838073
2023-02-22,68.0,68.25,67.75,68.05,3950607.0,1.0,0.9082487777838073
2023-02-23,68.15,69.3,68.15,69.05,1862629.0,1.0,0.9082487777838073
2023-02-24,69.5,69.5,68.7,68.7,2819493.0,1.0,0.9082487777838073
2023-03-01,68.05,69.15,67.75,69.05,5855707.0,1.0,0.9082487777838073
2023-03-02,69.05,69.05,68.45,68.85,2767554.0,1.0,0.9082487777838073
2023-03-03,69.05,69.45,68.95,69.0,2534143.0,1.0,0.9082487777838073
2023-03-06,69.6,69.95,69.35,69.75,5114650.0,1.0,0.9082487777838073
2023-03-07,69.75,70.2,69.6,70.1,4612575.0,1.0,0.9082487777838073
2023-03-08,69.8,69.8,69.35,69.65,3899665.0,1.0,0.9082487777838073
2023-03-09,69.7,69.85,69.5,69.55,2038475.0,1.0,0.9082487777838073
2023-03-10,68.9,68.9,68.4,68.55,5684730.0,1.0,0.9082487777838073
2023-03-13,68.4,68.75,67.85,68.75,6160310.0,1.0,0.9082487777838073
2023-03-14,68.1,68.25,67.85,68.0,4201317.0,1.0,0.9082487777838073
2023-03-15,68.5,68.7,68.0,68.0,2440451.0,1.0,0.9082487777838073
2023-03-16,67.95,68.0,67.5,67.65,6826646.0,1.0,0.9082487777838073
2023-03-17,68.05,68.6,68.05,68.55,2084161.0,1.0,0.9082487777838073
2023-03-20,68.65,68.7,68.15,68.2,3175888.0,1.0,0.9082487777838073
2023-03-21,68.55,68.75,68.4,68.5,1756700.0,1.0,0.9082487777838073
2023-03-22,69.05,69.85,69.05,69.8,3675354.0,1.0,0.9082487777838073
2023-03-23,69.7,70.55,69.65,70.25,4377421.0,1.0,0.9082487777838073
2023-03-24,70.4,70.65,70.25,70.65,3862314.0,1.0,0.9082487777838073
2023-03-27,70.5,70.5,70.0,70.2,3971247.0,1.0,0.9082487777838073
2023-03-28,70.0,70.05,69.45,69.6,3002988.0,1.0,0.9082487777838073
2023-03-29,69.8,70.0,69.45,69.8,1792378.0,1.0,0.9082487777838073
2023-03-30,70.25,70.35,69.8,70.05,3066343.0,1.0,0.9082487777838073
2023-03-31,70.3,70.9,70.25,70.25,3363926.0,1.0,0.9082487777838073
2023-04-06,70.25,70.25,69.6,70.05,6531388.0,1.0,0.9082487777838073
2023-04-07,70.1,70.3,69.95,69.95,2082447.0,1.0,0.9082487777838073
2023-04-10,70.05,70.3,69.95,70.05,2518518.0,1.0,0.9082487777838073
2023-04-11,69.9,70.15,69.75,69.95,2318602.0,1.0,0.9082487777838073
2023-04-12,69.95,69.95,69.55,69.8,2046932.0,1.0,0.9082487777838073
2023-04-13,69.6,69.6,69.2,69.2,4546011.0,1.0,0.9082487777838073
2023-04-14,69.5,70.0,69.35,69.85,2397530.0,1.0,0.9082487777838073
2023-04-17,69.85,69.85,69.4,69.75,4972958.0,1.0,0.9082487777838073
2023-04-18,69.75,69.75,69.35,69.5,2781217.0,1.0,0.9082487777838073
2023-04-19,69.5,69.6,68.9,69.0,4753612.0,1.0,0.9082487777838073
2023-04-20,68.8,69.1,68.65,68.9,3980180.0,1.0,0.9082487777838073
2023-04-21,69.05,69.3,68.65,68.7,3379062.0,1.0,0.9082487777838073
2023-04-24,68.45,68.6,68.2,68.45,4157678.0,1.0,0.9082487777838073
2023-04-25,68.45,68.45,67.55,67.6,10337913.0,1.0,0.9082487777838073
2023-04-26,67.6,67.6,66.95,67.05,10264298.0,1.0,0.9082487777838073
2023-04-27,67.1,67.45,66.9,67.2,5255205.0,1.0,0.9082487777838073
2023-04-28,67.6,68.05,67.6,67.95,3196928.0,1.0,0.9082487777838073
2023-05-02,68.0,68.25,67.75,68.05,3498125.0,1.0,0.9082487777838073
2023-05-03,67.85,67.95,67.6,67.85,3721688.0,1.0,0.9082487777838073
2023-05-04,67.75,68.05,67.55,67.95,1883940.0,1.0,0.9082487777838073
2023-05-05,68.05,68.3,67.95,68.2,1817661.0,1.0,0.9082487777838073
2023-05-08,68.5,68.8,68.4,68.6,5000323.0,1.0,0.9082487777838073
2023-05-09,68.7,68.8,68.45,68.8,2305571.0,1.0,0.9082487777838073
2023-05-10,68.7,68.75,68.1,68.3,2729190.0,1.0,0.9082487777838073
2023-05-11,68.4,68.5,68.0,68.0,2182297.0,1.0,0.9082487777838073
2023-05-12,67.8,67.95,67.6,67.8,2806060.0,1.0,0.9082487777838073
2023-05-15,67.7,67.85,67.6,67.8,4544734.0,1.0,0.9082487777838073
2023-05-16,68.2,68.8,68.2,68.6,3212187.0,1.0,0.9082487777838073
2023-05-17,68.7,69.85,68.7,69.65,4804288.0,1.0,0.9082487777838073
2023-05-18,70.15,70.6,70.15,70.55,6114895.0,1.0,0.9082487777838073
2023-05-19,70.7,70.95,70.45,70.7,7897298.0,1.0,0.9082487777838073
2023-05-22,70.7,70.8,70.5,70.65,3027152.0,1.0,0.9082487777838073
2023-05-23,70.65,70.85,70.35,70.65,3329172.0,1.0,0.9082487777838073
2023-05-24,70.55,70.55,70.0,70.3,3112088.0,1.0,0.9082487777838073
2023-05-25,70.85,71.25,70.75,71.05,3040400.0,1.0,0.9082487777838073
2023-05-26,71.65,72.75,71.65,72.7,10263961.0,1.0,0.9082487777838073
2023-05-29,73.1,73.8,72.95,73.05,7384106.0,1.0,0.9082487777838073
2023-05-30,73.0,73.25,72.95,73.2,5232085.0,1.0,0.9082487777838073
2023-05-31,73.15,73.15,72.3,72.8,4222258.0,1.0,0.9082487777838073
2023-06-01,72.3,72.45,72.05,72.2,3566755.0,1.0,0.9082487777838073
2023-06-02,72.7,73.25,72.65,73.1,3117170.0,1.0,0.9082487777838073
2023-06-05,73.1,73.15,72.8,72.9,4457807.0,1.0,0.9082487777838073
2023-06-06,72.9,73.45,72.85,73.15,5005576.0,1.0,0.9082487777838073
2023-06-07,73.4,74.0,73.4,73.95,2866366.0,1.0,0.9082487777838073
2023-06-08,73.9,74.0,73.0,73.25,3044823.0,1.0,0.9082487777838073
2023-06-09,73.4,73.95,73.4,73.9,1888210.0,1.0,0.9082487777838073
2023-06-12,74.1,74.65,74.1,74.45,3101074.0,1.0,0.9082487777838073
2023-06-13,75.3,76.1,75.25,76.0,7041060.0,1.0,0.9082487777838073
2023-06-14,75.9,75.9,75.55,75.85,2350938.0,1.0,0.9082487777838073
2023-06-15,75.85,76.3,75.85,76.15,4615047.0,1.0,0.9082487777838073
2023-06-16,76.1,76.15,75.75,75.9,4174155.0,1.0,0.9082487777838073
2023-06-19,75.75,75.95,75.5,75.85,3104988.0,1.0,0.9082487777838073
2023-06-20,75.8,75.85,75.35,75.4,3240664.0,1.0,0.9082487777838073
2023-06-21,75.3,75.65,75.2,75.45,5687644.0,1.0,0.9082487777838073
2023-06-26,75.15,75.25,74.85,75.0,5395549.0,1.0,0.9082487777838073
2023-06-27,74.75,75.0,74.5,74.75,3612708.0,1.0,0.9082487777838073
2023-06-28,75.0,75.2,74.55,74.65,3815448.0,1.0,0.9082487777838073
2023-06-29,75.0,75.5,74.55,74.65,3061847.0,1.0,0.9082487777838073
2023-06-30,74.55,74.75,74.15,74.75,3988451.0,1.0,0.9082487777838073
2023-07-03,75.1,75.7,75.1,75.6,3253398.0,1.0,0.9082487777838073
2023-07-04,75.6,75.9,75.55,75.9,2852508.0,1.0,0.9082487777838073
2023-07-05,75.95,76.0,75.45,75.6,3375095.0,1.0,0.9082487777838073
2023-07-06,74.9,74.95,74.05,74.25,8430463.0,1.0,0.9082487777838073
2023-07-07,73.95,74.35,73.65,74.0,4198045.0,1.0,0.9082487777838073
2023-07-10,74.0,74.55,73.7,73.8,4051042.0,1.0,0.9082487777838073
2023-07-11,74.2,74.85,74.2,74.85,2085066.0,1.0,0.9082487777838073
2023-07-12,74.85,74.95,74.6,74.95,3050938.0,1.0,0.9082487777838073
2023-07-13,75.7,76.3,75.65,75.75,4128636.0,1.0,0.9082487777838073
2023-07-14,76.0,76.45,76.0,76.3,3402785.0,1.0,0.9082487777838073
2023-07-17,76.3,76.6,76.25,76.45,5284316.0,1.0,0.9082487777838073
2023-07-18,75.65,75.65,74.95,75.0,6691829.0,0.9823152387181163,0.9246001100105472
2023-07-19,75.1,75.4,74.6,74.7,3701806.0,1.0,0.9246001100105472
2023-07-20,74.7,74.95,74.6,74.7,1895360.0,1.0,0.9246001100105472
2023-07-21,73.6,73.7,73.1,73.6,6467142.0,1.0,0.9246001100105472
2023-07-24,73.55,73.9,73.3,73.7,4099906.0,1.0,0.9246001100105472
2023-07-25,73.75,74.7,73.75,74.5,4136482.0,1.0,0.9246001100105472
2023-07-26,74.7,74.75,74.25,74.4,5292438.0,1.0,0.9246001100105472
2023-07-27,74.7,74.95,74.6,74.75,2585457.0,1.0,0.9246001100105472
2023-07-28,74.75,75.0,74.55,74.8,2915346.0,1.0,0.9246001100105472
2023-07-31,75.3,75.5,74.15,74.5,3195969.0,1.0,0.9246001100105472
2023-08-01,74.5,74.9,74.45,74.85,2494669.0,1.0,0.9246001100105472
2023-08-02,74.8,74.85,73.75,74.0,7966921.0,1.0,0.9246001100105472
2023-08-04,73.65,73.75,73.35,73.6,6122227.0,1.0,0.9246001100105472
2023-08-07,73.7,74.35,73.7,74.1,5240497.0,1.0,0.9246001100105472
2023-08-08,74.1,74.1,73.15,73.4,5970487.0,1.0,0.9246001100105472
2023-08-09,73.4,73.8,73.1,73.5,2965598.0,1.0,0.9246001100105472
2023-08-10,73.35,73.35,72.9,73.1,6056813.0,1.0,0.9246001100105472
2023-08-11,73.3,73.6,72.9,72.95,4370896.0,1.0,0.9246001100105472
2023-08-14,72.6,72.65,71.75,72.05,11850583.0,1.0,0.9246001100105472
2023-08-15,72.35,72.5,71.95,72.1,3988525.0,1.0,0.9246001100105472
2023-08-16,71.8,71.9,71.4,71.8,9347923.0,1.0,0.9246001100105472
2023-08-17,71.35,72.1,71.0,71.9,4684545.0,1.0,0.9246001100105472
2023-08-18,71.8,72.15,71.4,71.55,4089630.0,1.0,0.9246001100105472
2023-08-21,71.75,72.0,71.15,71.3,3815824.0,1.0,0.9246001100105472
2023-08-22,71.8,71.85,71.45,71.65,1856207.0,1.0,0.9246001100105472
2023-08-23,71.7,72.3,71.7,72.2,2771919.0,1.0,0.9246001100105472
2023-08-24,73.05,73.5,73.0,73.4,4085260.0,1.0,0.9246001100105472
2023-08-25,72.65,72.65,72.05,72.15,3310448.0,1.0,0.9246001100105472
2023-08-28,72.15,72.8,72.15,72.4,3644646.0,1.0,0.9246001100105472
2023-08-29,72.5,72.75,72.15,72.75,2462606.0,1.0,0.9246001100105472
2023-08-30,73.2,73.5,73.05,73.1,1505944.0,1.0,0.9246001100105472
2023-08-31,73.1,73.1,72.5,72.6,2233544.0,1.0,0.9246001100105472
2023-09-01,72.55,72.95,72.4,72.7,2396450.0,1.0,0.9246001100105472
2023-09-04,72.65,73.25,72.5,73.2,2774456.0,1.0,0.9246001100105472
2023-09-05,73.1,73.15,72.85,73.1,1854346.0,1.0,0.9246001100105472
2023-09-06,73.1,73.35,72.8,72.85,4417417.0,1.0,0.9246001100105472
2023-09-07,72.55,72.55,72.1,72.2,2830623.0,1.0,0.9246001100105472
2023-09-08,71.95,72.0,71.65,71.9,3312832.0,1.0,0.9246001100105472
2023-09-11,71.9,72.0,71.4,71.65,4768636.0,1.0,0.9246001100105472
2023-09-12,71.75,72.2,71.45,72.2,1866579.0,1.0,0.9246001100105472
2023-09-13,72.25,72.5,72.05,72.25,2034100.0,1.0,0.9246001100105472
2023-09-14,72.5,73.25,72.5,73.25,1863783.0,1.0,0.9246001100105472
2023-09-15,73.25,73.55,73.2,73.5,3042749.0,1.0,0.9246001100105472
2023-09-18,73.2,73.25,72.75,72.8,5291958.0,1.0,0.9246001100105472
2023-09-19,72.8,72.85,72.5,72.5,2086765.0,1.0,0.9246001100105472
2023-09-20,72.35,72.4,72.0,72.05,3191751.0,1.0,0.9246001100105472
2023-09-21,71.55,71.55,71.0,71.1,8439349.0,1.0,0.9246001100105472
2023-09-22,70.85,71.0,70.5,70.9,4674921.0,1.0,0.9246001100105472
2023-09-25,70.95,71.55,70.95,71.45,2498781.0,1.0,0.9246001100105472
2023-09-26,71.2,71.2,70.55,70.6,6371468.0,1.0,0.9246001100105472
2023-09-27,70.5,70.7,70.25,70.6,3087200.0,1.0,0.9246001100105472
2023-09-28,71.15,71.15,70.55,70.85,2844996.0,1.0,0.9246001100105472
2023-10-02,71.45,71.9,71.45,71.8,2472166.0,1.0,0.9246001100105472
2023-10-03,71.8,71.8,71.35,71.45,2725764.0,1.0,0.9246001100105472
2023-10-04,70.65,70.7,70.2,70.55,4578147.0,1.0,0.9246001100105472
2023-10-05,70.9,71.45,70.85,71.4,2255383.0,1.0,0.9246001100105472
2023-10-06,71.75,71.9,71.65,71.75,3638338.0,1.0,0.9246001100105472
2023-10-11,72.7,73.0,72.55,72.85,3603402.0,1.0,0.9246001100105472
2023-10-12,73.0,73.45,72.9,73.45,3479476.0,1.0,0.9246001100105472
2023-10-13,73.25,73.5,73.05,73.3,2529327.0,1.0,0.9246001100105472
2023-10-16,73.05,73.05,72.7,72.9,4252481.0,1.0,0.9246001100105472
2023-10-17,73.2,73.35,72.9,72.9,2037846.0,1.0,0.9246001100105472
2023-10-18,72.75,72.75,72.0,72.1,3878155.0,1.0,0.9246001100105472
2023-10-19,71.6,72.4,71.6,72.25,2162843.0,1.0,0.9246001100105472
2023-10-20,72.1,72.5,71.7,72.35,3923302.0,1.0,0.9246001100105472
2023-10-23,72.15,72.15,71.5,71.55,3678155.0,1.0,0.9246001100105472
2023-10-24,71.5,71.6,70.95,71.6,3686590.0,1.0,0.9246001100105472
2023-10-25,71.7,72.25,71.7,71.7,3866208.0,1.0,0.9246001100105472
2023-10-26,70.55,70.8,70.35,70.55,8899096.0,1.0,0.9246001100105472
2023-10-27,70.6,70.95,70.6,70.65,2995809.0,1.0,0.9246001100105472
2023-10-30,70.65,71.0,70.35,70.55,5387758.0,1.0,0.9246001100105472
2023-10-31,70.7,70.75,70.0,70.1,6041085.0,1.0,0.9246001100105472
2023-11-01,70.45,70.6,70.1,70.3,2971181.0,1.0,0.9246001100105472
2023-11-02,71.15,72.0,71.05,72.0,3153313.0,1.0,0.9246001100105472
2023-11-03,72.3,72.45,72.1,72.4,3080155.0,1.0,0.9246001100105472
2023-11-06,73.0,73.4,72.9,73.05,5490434.0,1.0,0.9246001100105472
2023-11-07,73.0,73.1,72.8,73.0,2128516.0,1.0,0.9246001100105472
2023-11-08,72.95,73.5,72.95,73.35,4186068.0,1.0,0.9246001100105472
2023-11-09,73.25,73.55,73.15,73.45,3631326.0,1.0,0.9246001100105472
2023-11-10,73.2,73.25,73.0,73.15,3370252.0,1.0,0.9246001100105472
2023-11-13,74.65,74.9,74.1,74.25,6269040.0,1.0,0.9246001100105472
2023-11-14,74.5,74.7,74.35,74.5,4079596.0,1.0,0.9246001100105472
2023-11-15,75.3,75.5,74.9,75.3,6113721.0,1.0,0.9246001100105472
2023-11-16,74.75,74.9,74.35,74.6,4445143.0,0.9885657370517927,0.9352945134109031
2023-11-17,74.6,75.0,74.55,74.75,3933977.0,1.0,0.9352945134109031
2023-11-20,74.75,74.85,74.45,74.65,3678024.0,1.0,0.9352945134109031
2023-11-21,75.05,75.6,75.05,75.55,5541603.0,1.0,0.9352945134109031
2023-11-22,75.15,75.15,74.75,75.0,2307907.0,1.0,0.9352945134109031
2023-11-23,75.0,75.05,74.6,74.9,1826942.0,1.0,0.9352945134109031
2023-11-24,75.0,75.05,74.8,74.85,1732037.0,1.0,0.9352945134109031
2023-11-27,74.85,75.15,74.2,74.2,5700089.0,1.0,0.9352945134109031
2023-11-28,74.25,75.15,74.25,74.85,2324189.0,1.0,0.9352945134109031
2023-11-29,75.0,75.35,74.75,74.8,2472045.0,1.0,0.9352945134109031
2023-11-30,74.9,74.95,74.5,74.95,1906009.0,1.0,0.9352945134109031
2023-12-01,74.8,75.05,74.65,75.05,2589400.0,1.0,0.9352945134109031
2023-12-04,75.25,75.35,74.65,74.9,2487860.0,1.0,0.9352945134109031
2023-12-05,74.55,74.55,74.05,74.4,3910208.0,1.0,0.9352945134109031
2023-12-06,74.4,74.95,74.4,74.6,4483506.0,1.0,0.9352945134109031
2023-12-07,74.45,74.55,74.2,74.2,1808004.0,1.0,0.9352945134109031
2023-12-08,74.9,75.05,74.6,74.65,2371858.0,1.0,0.9352945134109031
2023-12-11,74.7,74.9,74.55,74.8,2059809.0,1.0,0.9352945134109031
2023-12-12,75.2,75.3,74.85,74.95,2245642.0,1.0,0.9352945134109031
2023-12-13,75.05,75.15,74.95,75.05,2461736.0,1.0,0.9352945134109031
2023-12-14,75.7,76.0,75.55,75.8,7548095.0,1.0,0.9352945134109031
2023-12-15,76.15,76.3,75.95,76.05,7959466.0,1.0,0.9352945134109031
2023-12-18,76.05,76.15,75.6,76.1,5213710.0,1.0,0.9352945134109031
2023-12-19,76.1,76.25,75.7,75.95,3215022.0,1.0,0.9352945134109031
2023-12-20,76.1,76.25,76.0,76.1,2634212.0,1.0,0.9352945134109031
2023-12-21,75.4,75.6,75.25,75.5,2079116.0,1.0,0.9352945134109031
2023-12-22,75.7,75.85,75.55,75.65,3401219.0,1.0,0.9352945134109031
2023-12-25,75.8,76.15,75.8,76.0,3215054.0,1.0,0.9352945134109031
2023-12-26,76.1,76.4,76.05,76.4,5113239.0,1.0,0.9352945134109031
2023-12-27,76.65,77.15,76.6,77.1,6955691.0,1.0,0.9352945134109031
2023-12-28,77.1,77.25,76.9,77.2,4991107.0,1.0,0.9352945134109031
2023-12-29,77.15,77.35,77.0,77.15,2560485.0,1.0,0.9352945134109031
2024-01-02,77.15,77.35,76.7,76.9,3177578.0,1.0,0.9352945134109031
2024-01-03,76.25,76.25,75.4,75.6,7168631.0,1.0,0.9352945134109031
2024-01-04,75.6,75.8,75.45,75.55,3209891.0,1.0,0.9352945134109031
2024-01-05,75.55,75.8,75.25,75.35,3077836.0,1.0,0.9352945134109031
2024-01-08,75.6,76.2,75.6,75.9,4347319.0,1.0,0.9352945134109031
2024-01-09,76.25,76.4,75.8,75.85,2371235.0,1.0,0.9352945134109031
2024-01-10,75.55,75.7,75.3,75.55,3189455.0,1.0,0.9352945134109031
2024-01-11,75.75,76.0,75.55,75.9,2251058.0,1.0,0.9352945134109031
2024-01-12,75.65,75.95,75.3,75.7,3642660.0,1.0,0.9352945134109031
2024-01-15,76.0,76.2,75.75,75.95,3988222.0,1.0,0.9352945134109031
2024-01-16,75.45,75.65,74.85,75.2,7494224.0,1.0,0.9352945134109031
2024-01-17,75.2,75.2,74.55,74.7,6174963.0,1.0,0.9352945134109031
2024-01-18,74.8,75.15,74.75,75.0,3087141.0,1.0,0.9352945134109031
2024-01-19,76.45,77.55,76.45,77.5,10352329.0,1.0,0.9352945134109031
2024-01-22,77.95,78.25,77.65,77.9,5688258.0,1.0,0.9352945134109031
2024-01-23,78.05,78.25,77.8,78.15,4810225.0,1.0,0.9352945134109031
2024-01-24,78.25,78.4,78.1,78.2,3155458.0,1.0,0.9352945134109031
2024-01-25,78.6,79.15,78.6,79.1,7262986.0,1.0,0.9352945134109031
2024-01-26,79.05,79.3,78.9,79.1,8548894.0,1.0,0.9352945134109031
2024-01-29,79.1,79.6,79.1,79.6,3397320.0,1.0,0.9352945134109031
2024-01-30,79.55,79.65,79.35,79.45,3712851.0,1.0,0.9352945134109031
2024-01-31,79.0,79.0,78.35,78.45,4409856.0,1.0,0.9352945134109031
2024-02-01,78.4,78.5,77.95,78.45,4093052.0,1.0,0.9352945134109031
2024-02-02,78.85,79.0,78.65,78.95,3019733.0,1.0,0.9352945134109031
2024-02-05,78.95,79.55,78.85,79.55,3929053.0,1.0,0.9352945134109031
2024-02-15,82.8,83.9,82.45,82.95,13178500.0,1.0,0.9352945134109031
2024-02-16,82.95,83.05,82.45,82.5,5233147.0,1.0,0.9352945134109031
2024-02-19,82.45,82.45,82.05,82.4,4017881.0,1.0,0.9352945134109031
2024-02-20,82.3,82.95,82.2,82.7,3655803.0,1.0,0.9352945134109031
2024-02-21,82.6,82.65,82.35,82.4,2269721.0,1.0,0.9352945134109031
2024-02-22,83.0,83.4,82.8,83.35,4862399.0,1.0,0.9352945134109031
2024-02-23,83.8,84.1,83.7,83.9,5251470.0,1.0,0.9352945134109031
2024-02-26,83.9,84.2,83.55,84.15,4540068.0,1.0,0.9352945134109031
2024-02-27,84.15,84.25,83.3,83.85,4005784.0,1.0,0.9352945134109031
2024-02-29,83.65,84.1,83.45,83.95,3787694.0,1.0,0.9352945134109031
2024-03-01,84.0,84.2,83.65,83.7,4276138.0,1.0,0.9352945134109031
2024-03-04,84.85,85.95,84.85,85.85,6353974.0,1.0,0.9352945134109031
2024-03-05,86.2,86.8,86.05,86.65,5428272.0,1.0,0.9352945134109031
2024-03-06,85.9,87.2,85.65,87.15,7904785.0,1.0,0.9352945134109031
2024-03-07,88.1,89.3,88.05,88.95,7030572.0,1.0,0.9352945134109031
2024-03-08,91.0,91.2,89.3,90.1,10853855.0,1.0,0.9352945134109031
2024-03-11,89.7,90.0,89.15,89.3,6332525.0,1.0,0.9352945134109031
2024-03-12,89.15,90.2,88.95,90.2,4016333.0,1.0,0.9352945134109031
2024-03-13,90.7,91.3,90.55,90.8,5253205.0,1.0,0.9352945134109031
2024-03-14,90.8,90.95,90.05,90.55,3565540.0,1.0,0.9352945134109031
2024-03-15,90.0,90.35,89.75,89.8,3870374.0,1.0,0.9352945134109031
2024-03-18,89.7,90.3,89.55,90.3,5862179.0,1.0,0.9352945134109031
2024-03-19,89.85,90.4,89.5,90.3,4041373.0,1.0,0.9352945134109031
2024-03-20,90.3,90.7,89.6,89.9,4320679.0,1.0,0.9352945134109031
2024-03-21,90.85,92.05,90.85,92.0,5537684.0,1.0,0.9352945134109031
2024-03-22,92.0,92.4,91.5,92.05,4618507.0,1.0,0.9352945134109031
2024-03-25,92.25,92.45,91.75,92.1,4176903.0,1.0,0.9352945134109031
2024-03-26,92.2,93.05,91.4,92.2,7046459.0,1.0,0.9352945134109031
2024-03-27,92.25,92.35,91.8,92.25,4612570.0,1.0,0.9352945134109031
2024-03-28,92.1,92.15,91.15,91.8,3327887.0,1.0,0.9352945134109031
2024-03-29,91.8,92.4,91.8,92.25,2969323.0,1.0,0.9352945134109031
2024-04-01,92.5,92.75,91.85,91.85,3586229.0,1.0,0.9352945134109031
2024-04-02,92.5,93.3,92.5,93.2,3622754.0,1.0,0.9352945134109031
2024-04-03,92.8,92.95,92.15,92.8,4244176.0,1.0,0.9352945134109031
2024-04-08,92.8,93.5,92.7,93.1,5585214.0,1.0,0.9352945134109031
2024-04-09,93.3,95.45,93.3,95.45,4412726.0,1.0,0.9352945134109031
2024-04-10,95.45,95.5,95.0,95.35,3423259.0,1.0,0.9352945134109031
2024-04-11,94.8,95.0,94.4,94.95,4529379.0,1.0,0.9352945134109031
2024-04-12,94.95,95.2,94.65,94.8,3164157.0,1.0,0.9352945134109031
2024-04-15,94.15,94.3,93.4,93.8,7364143.0,1.0,0.9352945134109031
2024-04-16,92.65,92.75,90.75,91.3,15157067.0,1.0,0.9352945134109031
2024-04-17,91.35,92.6,91.35,92.35,3462093.0,1.0,0.9352945134109031
2024-04-18,91.95,93.05,91.25,93.05,3879743.0,1.0,0.9352945134109031
2024-04-19,90.55,90.55,88.0,88.5,26464443.0,1.0,0.9352945134109031
2024-04-22,88.1,88.9,87.7,88.0,8800869.0,1.0,0.9352945134109031
2024-04-23,89.2,89.25,88.55,88.75,4338099.0,1.0,0.9352945134109031
2024-04-24,90.0,91.6,90.0,91.4,4582194.0,1.0,0.9352945134109031
2024-04-25,90.45,90.5,89.75,89.95,4784494.0,1.0,0.9352945134109031
2024-04-26,91.1,91.85,91.0,91.35,4777492.0,1.0,0.9352945134109031
2024-04-29,91.9,93.05,91.9,92.75,4313471.0,1.0,0.9352945134109031
2024-04-30,92.9,93.3,92.7,92.7,2819289.0,1.0,0.9352945134109031
2024-05-02,92.2,92.2,91.3,91.5,4186743.0,1.0,0.9352945134109031
2024-05-03,93.0,93.0,91.6,92.0,2590821.0,1.0,0.9352945134109031
2024-05-06,93.0,93.8,93.0,93.3,5284601.0,1.0,0.9352945134109031
2024-05-07,93.7,93.95,93.3,93.75,3031882.0,1.0,0.9352945134109031
2024-05-08,93.7,94.15,93.45,94.1,2584087.0,1.0,0.9352945134109031
2024-05-09,94.1,94.45,93.9,94.0,2595821.0,1.0,0.9352945134109031
2024-05-10,94.45,94.95,94.05,94.75,3080461.0,1.0,0.9352945134109031
2024-05-13,95.65,96.0,95.35,95.4,4778518.0,1.0,0.9352945134109031
2024-05-14,95.3,96.15,95.2,96.15,3000162.0,1.0,0.9352945134109031
2024-05-15,96.65,98.2,96.65,97.5,4660747.0,1.0,0.9352945134109031
2024-05-16,98.7,99.3,97.85,98.1,8278182.0,1.0,0.9352945134109031
2024-05-17,98.1,98.2,97.65,97.8,3808558.0,1.0,0.9352945134109031
2024-05-20,97.9,98.0,96.75,97.65,5955411.0,1.0,0.9352945134109031
2024-05-21,97.6,97.75,97.05,97.6,2800978.0,1.0,0.9352945134109031
2024-05-22,97.75,99.55,97.75,99.5,4294323.0,1.0,0.9352945134109031
2024-05-23,99.9,100.3,99.55,100.2,5563800.0,1.0,0.9352945134109031
2024-05-24,99.5,100.05,99.0,99.9,3815788.0,1.0,0.9352945134109031
2024-05-27,100.5,101.55,100.5,101.1,6226608.0,1.0,0.9352945134109031
2024-05-28,101.1,101.45,100.9,101.15,4566300.0,1.0,0.9352945134109031
2024-05-29,100.95,100.95,99.9,100.05,6260867.0,1.0,0.9352945134109031
2024-05-30,98.65,99.0,98.3,98.3,10044194.0,1.0,0.9352945134109031
2024-05-31,98.5,99.0,97.5,97.5,8899329.0,1.0,0.9352945134109031
2024-06-03,99.0,99.5,98.1,99.15,7667184.0,1.0,0.9352945134109031
2024-06-04,98.95,98.95,97.6,97.8,7419437.0,1.0,0.9352945134109031
2024-06-05,97.9,99.0,97.3,98.75,4990911.0,1.0,0.9352945134109031
2024-06-06,101.45,102.25,101.1,101.8,10253934.0,1.0,0.9352945134109031
2024-06-07,101.5,101.5,100.85,101.05,3598888.0,1.0,0.9352945134109031
2024-06-11,101.4,102.0,101.15,101.3,6226205.0,1.0,0.9352945134109031
2024-06-12,101.3,103.25,101.3,103.15,6418894.0,1.0,0.9352945134109031
2024-06-13,104.75,105.65,103.9,104.55,8280410.0,1.0,0.9352945134109031
2024-06-14,104.5,105.25,103.9,105.25,6196709.0,1.0,0.9352945134109031
2024-06-17,105.2,105.65,104.75,105.2,6361938.0,1.0,0.9352945134109031
2024-06-18,106.4,107.25,106.4,106.95,5623222.0,1.0,0.9352945134109031
2024-06-19,107.5,110.6,107.5,110.25,12967082.0,1.0,0.9352945134109031
2024-06-20,110.25,110.95,110.0,110.85,7712982.0,1.0,0.9352945134109031
2024-06-21,109.9,110.6,109.45,110.0,13669015.0,1.0,0.9352945134109031
2024-06-24,108.9,109.0,107.55,107.6,11140916.0,1.0,0.9352945134109031
2024-06-25,106.9,107.6,105.85,107.45,9020732.0,1.0,0.9352945134109031
2024-06-26,108.25,108.95,107.9,108.45,9604648.0,1.0,0.9352945134109031
2024-06-27,107.5,108.4,107.4,108.25,5569700.0,1.0,0.9352945134109031
2024-06-28,108.25,109.65,108.15,109.2,5908317.0,1.0,0.9352945134109031
2024-07-01,109.25,110.2,109.2,109.4,7421115.0,1.0,0.9352945134109031
2024-07-02,109.05,109.5,108.2,108.6,6631532.0,1.0,0.9352945134109031
2024-07-03,110.0,110.0,109.2,109.85,5994086.0,1.0,0.9352945134109031
2024-07-04,111.6,112.75,111.6,112.65,9107735.0,1.0,0.9352945134109031
2024-07-05,112.7,112.95,112.3,112.4,7898140.0,1.0,0.9352945134109031
2024-07-08,112.5,116.2,112.5,115.6,14727861.0,1.0,0.9352945134109031
2024-07-09,115.6,117.15,114.5,115.75,17928752.0,1.0,0.9352945134109031
2024-07-10,115.35,116.3,114.35,116.25,11599317.0,1.0,0.9352945134109031
2024-07-11,118.05,119.35,117.5,118.9,15533731.0,1.0,0.9352945134109031
2024-07-12,116.65,116.75,115.35,115.6,23652797.0,1.0,0.9352945134109031
2024-07-15,117.0,117.0,115.3,115.4,13682539.0,1.0,0.9352945134109031
2024-07-16,115.05,116.6,114.7,115.2,17978783.0,0.9932149046793761,0.9416839286285473
2024-07-17,114.95,115.0,113.4,113.7,13857758.0,1.0,0.9416839286285473
2024-07-18,111.1,111.75,110.15,111.4,18671060.0,1.0,0.9416839286285473
2024-07-19,110.45,110.65,109.0,109.0,15297223.0,1.0,0.9416839286285473
2024-07-22,108.75,108.75,105.4,105.6,22991371.0,1.0,0.9416839286285473
2024-07-23,107.8,108.65,107.35,108.65,10645591.0,1.0,0.9416839286285473
2024-07-26,103.85,105.05,103.6,104.8,24579175.0,1.0,0.9416839286285473
2024-07-29,106.0,106.7,105.2,105.65,8796541.0,1.0,0.9416839286285473
2024-07-30,104.7,106.0,103.9,105.75,11332524.0,1.0,0.9416839286285473
2024-07-31,104.9,105.95,104.5,105.65,6976906.0,1.0,0.9416839286285473
2024-08-01,108.1,108.3,106.75,107.55,7428790.0,1.0,0.9416839286285473
2024-08-02,104.5,104.7,102.4,102.4,25019576.0,1.0,0.9416839286285473
2024-08-05,97.35,97.35,93.55,93.7,57277543.0,1.0,0.9416839286285473
2024-08-06,97.4,99.6,94.35,97.55,46359753.0,1.0,0.9416839286285473
2024-08-07,98.95,101.75,98.85,101.5,17415668.0,1.0,0.9416839286285473
2024-08-08,99.85,100.85,98.9,99.7,16011513.0,1.0,0.9416839286285473
2024-08-09,102.95,103.4,101.85,102.7,9840784.0,1.0,0.9416839286285473
2024-08-12,103.75,104.95,103.5,104.05,9035424.0,1.0,0.9416839286285473
2024-08-13,105.0,105.0,104.15,104.4,6179175.0,1.0,0.9416839286285473
2024-08-14,106.0,106.35,105.4,105.65,9292117.0,1.0,0.9416839286285473
2024-08-15,105.6,105.85,104.85,105.05,7546285.0,1.0,0.9416839286285473
2024-08-16,107.0,107.5,106.75,107.35,10223944.0,1.0,0.9416839286285473
2024-08-19,107.4,108.0,107.15,107.45,5409381.0,1.0,0.9416839286285473
2024-08-20,107.75,108.35,107.35,107.5,5442285.0,1.0,0.9416839286285473
2024-08-21,107.0,107.0,106.2,106.25,5976258.0,1.0,0.9416839286285473
2024-08-22,106.25,106.75,105.55,105.8,3363292.0,1.0,0.9416839286285473
2024-08-23,105.1,106.0,104.9,105.95,4633605.0,1.0,0.9416839286285473
2024-08-26,106.55,107.3,105.75,105.9,6846977.0,1.0,0.9416839286285473
2024-08-27,105.35,105.7,105.0,105.5,3992586.0,1.0,0.9416839286285473
2024-08-28,105.7,106.95,105.15,106.95,4141223.0,1.0,0.9416839286285473
2024-08-29,105.0,106.1,104.7,105.75,6597016.0,1.0,0.9416839286285473
2024-08-30,106.0,106.5,105.75,105.75,4831615.0,1.0,0.9416839286285473
2024-09-02,106.45,106.6,105.55,105.65,5659558.0,1.0,0.9416839286285473
2024-09-03,106.2,106.3,105.15,105.35,4874511.0,1.0,0.9416839286285473
2024-09-04,100.65,101.65,99.6,100.3,35429754.0,1.0,0.9416839286285473
2024-09-05,101.4,102.25,100.55,100.75,7838177.0,1.0,0.9416839286285473
2024-09-06,101.05,102.4,100.55,102.15,6888765.0,1.0,0.9416839286285473
2024-09-09,99.85,100.55,99.6,100.5,16866413.0,1.0,0.9416839286285473
2024-09-10,101.25,101.35,100.1,100.55,7405344.0,1.0,0.9416839286285473
2024-09-11,100.65,100.85,100.3,100.3,6432854.0,1.0,0.9416839286285473
2024-09-12,103.3,104.25,102.9,104.0,7118516.0,1.0,0.9416839286285473
2024-09-13,105.0,105.0,103.85,104.4,4849424.0,1.0,0.9416839286285473
2024-09-16,104.45,105.0,104.25,104.8,5807211.0,1.0,0.9416839286285473
2024-09-18,104.5,104.75,103.4,103.9,5305123.0,1.0,0.9416839286285473
2024-09-19,103.9,105.35,103.6,105.35,4790945.0,1.0,0.9416839286285473
2024-09-20,106.95,107.55,106.6,106.6,8287931.0,1.0,0.9416839286285473
2024-09-23,107.1,107.3,106.7,107.0,4604531.0,1.0,0.9416839286285473
2024-09-24,107.0,108.1,106.45,108.05,6418630.0,1.0,0.9416839286285473
2024-09-25,109.3,109.85,109.25,109.8,7897091.0,1.0,0.9416839286285473
2024-09-26,110.3,111.05,110.3,110.55,9436216.0,1.0,0.9416839286285473
2024-09-27,111.15,111.85,110.2,110.3,7617232.0,1.0,0.9416839286285473
2024-09-30,108.95,109.3,107.5,107.5,14220847.0,1.0,0.9416839286285473
2024-10-01,107.55,107.9,107.1,107.5,7747141.0,1.0,0.9416839286285473
2024-10-04,108.0,108.45,107.05,107.5,7553583.0,1.0,0.9416839286285473
2024-10-07,108.65,110.1,108.65,109.95,11252536.0,1.0,0.9416839286285473
2024-10-08,109.65,109.75,108.6,109.45,10705288.0,1.0,0.9416839286285473
2024-10-09,110.8,111.35,110.7,110.75,8179346.0,1.0,0.9416839286285473
2024-10-11,111.35,112.95,111.2,112.65,9913520.0,1.0,0.9416839286285473
2024-10-14,113.2,113.3,111.85,112.8,12094283.0,1.0,0.9416839286285473
2024-10-15,113.5,115.2,113.45,114.95,10280247.0,1.0,0.9416839286285473
2024-10-16,112.9,114.55,112.3,113.15,17500283.0,1.0,0.9416839286285473
2024-10-17,114.2,114.2,112.45,113.2,9659991.0,1.0,0.9416839286285473
2024-10-18,116.75,117.2,115.45,115.9,17517219.0,1.0,0.9416839286285473
2024-10-21,116.8,117.15,116.0,116.2,9341070.0,1.0,0.9416839286285473
2024-10-22,115.9,115.9,114.55,115.6,12072232.0,1.0,0.9416839286285473
2024-10-23,115.35,115.45,114.55,114.9,13536742.0,1.0,0.9416839286285473
2024-10-24,115.0,115.3,114.0,114.2,11623720.0,1.0,0.9416839286285473
2024-10-25,114.45,115.15,114.45,115.0,5214211.0,1.0,0.9416839286285473
2024-10-28,115.8,116.1,114.35,114.85,16883941.0,1.0,0.9416839286285473
2024-10-29,113.5,113.65,111.7,112.75,29070686.0,1.0,0.9416839286285473
2024-10-30,113.15,113.85,112.05,112.2,16313185.0,1.0,0.9416839286285473
2024-11-01,109.7,111.9,108.5,111.65,24291058.0,1.0,0.9416839286285473
2024-11-04,112.0,113.3,111.8,113.15,9773402.0,1.0,0.9416839286285473
2024-11-05,112.55,113.95,112.3,113.45,12039665.0,1.0,0.9416839286285473
2024-11-06,113.65,116.0,113.45,114.4,16748496.0,1.0,0.9416839286285473
2024-11-07,114.3,116.0,114.0,115.4,13881705.0,1.0,0.9416839286285473
2024-11-08,116.45,116.9,116.35,116.45,11514787.0,1.0,0.9416839286285473
2024-11-11,116.4,116.45,115.2,116.45,13313068.0,1.0,0.9416839286285473
2024-11-12,114.5,114.75,113.7,113.7,26638451.0,1.0,0.9416839286285473
2024-11-13,113.4,113.65,112.9,112.95,14183385.0,1.0,0.9416839286285473
2024-11-14,112.7,112.7,111.6,112.05,16632102.0,1.0,0.9416839286285473
2024-11-15,112.65,113.0,111.85,112.3,10167128.0,1.0,0.9416839286285473
2024-11-18,111.25,111.35,110.15,110.4,19354772.0,0.9919857524487978,0.9492917880160311
2024-11-19,110.65,111.95,110.4,111.45,9258756.0,1.0,0.9492917880160311
2024-11-20,112.15,112.3,110.55,111.2,12589662.0,1.0,0.9492917880160311
2024-11-21,110.1,110.55,109.6,109.9,17806588.0,1.0,0.9492917880160311
2024-11-22,110.95,112.1,110.95,111.65,8156313.0,1.0,0.9492917880160311
2024-11-25,112.85,112.95,111.35,111.45,12674982.0,1.0,0.9492917880160311
2024-11-26,110.5,110.5,109.5,109.9,18639763.0,1.0,0.9492917880160311
2024-11-27,109.7,109.9,108.5,108.55,17540693.0,1.0,0.9492917880160311
2024-11-28,108.55,108.7,107.7,108.3,15932263.0,1.0,0.9492917880160311
2024-11-29,107.7,108.8,107.05,108.25,11494894.0,1.0,0.9492917880160311
2024-12-02,109.4,111.2,109.35,111.15,7753595.0,1.0,0.9492917880160311
2024-12-03,113.5,113.5,112.3,112.45,10048421.0,1.0,0.9492917880160311
2024-12-04,112.8,113.35,112.55,113.35,7045704.0,1.0,0.9492917880160311
2024-12-05,113.5,114.05,113.4,113.85,7682184.0,1.0,0.9492917880160311
2024-12-06,113.9,114.1,113.1,113.5,9779500.0,1.0,0.9492917880160311
2024-12-09,113.8,113.95,113.5,113.6,6244884.0,1.0,0.9492917880160311
2024-12-10,113.6,114.0,112.9,113.1,8036122.0,1.0,0.9492917880160311
2024-12-11,112.0,112.9,111.7,111.9,11892223.0,1.0,0.9492917880160311
2024-12-12,112.8,113.5,112.7,113.15,6481828.0,1.0,0.9492917880160311
2024-12-13,113.2,113.75,112.75,113.45,5470610.0,1.0,0.9492917880160311
2024-12-16,114.35,114.8,113.7,113.75,9247688.0,1.0,0.9492917880160311
2024-12-17,114.0,114.85,114.0,114.2,6728016.0,1.0,0.9492917880160311
2024-12-18,114.15,114.8,113.45,114.4,6807758.0,1.0,0.9492917880160311
2024-12-19,113.0,113.25,112.4,113.1,19398013.0,1.0,0.9492917880160311
2024-12-20,112.7,112.75,111.5,111.9,15071875.0,1.0,0.9492917880160311
2024-12-23,113.5,114.4,113.0,114.3,9983937.0,1.0,0.9492917880160311
2024-12-24,115.0,115.45,114.5,114.55,9118713.0,1.0,0.9492917880160311
2024-12-25,114.75,115.2,114.55,114.9,5570477.0,1.0,0.9492917880160311
2024-12-26,114.95,115.05,114.85,115.0,5822095.0,1.0,0.9492917880160311
2024-12-27,114.7,115.35,114.5,115.3,6894518.0,1.0,0.9492917880160311
2024-12-30,115.0,115.3,114.65,114.95,7477116.0,1.0,0.9492917880160311
2024-12-31,114.25,114.55,113.7,114.1,7834737.0,1.0,0.9492917880160311
2025-01-02,113.65,113.75,112.25,112.8,20827414.0,1.0,0.9492917880160311
2025-01-03,114.05,114.2,113.35,113.5,7140559.0,1.0,0.9492917880160311
2025-01-06,115.2,117.2,115.1,117.0,21240283.0,1.0,0.9492917880160311
2025-01-07,119.0,119.6,118.25,118.25,17892397.0,1.0,0.9492917880160311
2025-01-08,117.5,117.95,116.45,116.8,9618210.0,1.0,0.9492917880160311
2025-01-09,116.45,116.6,115.25,115.5,11004220.0,1.0,0.9492917880160311
2025-01-10,115.35,115.65,114.7,115.15,11003901.0,1.0,0.9492917880160311
2025-01-13,115.45,115.45,112.65,112.8,33879297.0,1.0,0.9492917880160311
2025-01-14,113.0,113.6,112.8,113.25,10595631.0,1.0,0.9492917880160311
2025-01-15,113.25,113.5,112.45,112.75,18589359.0,1.0,0.9492917880160311
2025-01-16,114.85,115.65,114.35,114.8,16234612.0,1.0,0.9492917880160311
2025-01-17,115.5,115.95,114.2,115.3,10290928.0,1.0,0.9492917880160311
2025-01-20,115.75,116.85,115.75,116.55,13307706.0,1.0,0.9492917880160311
2025-01-21,116.4,117.0,115.85,116.7,7627506.0,1.0,0.9492917880160311
2025-01-22,117.9,118.5,117.85,118.4,12676104.0,1.0,0.9492917880160311
2025-02-03,114.5,114.5,112.55,113.15,72019691.0,1.0,0.9492917880160311
2025-02-04,113.95,114.35,113.5,113.55,13018338.0,1.0,0.9492917880160311
2025-02-05,114.9,116.15,114.9,115.45,11131066.0,1.0,0.9492917880160311
2025-02-06,116.0,116.5,115.75,115.9,8657837.0,1.0,0.9492917880160311
2025-02-07,115.9,116.6,115.8,116.55,6174538.0,1.0,0.9492917880160311
2025-02-10,116.4,116.5,115.15,115.45,13660914.0,1.0,0.9492917880160311
2025-02-11,116.15,116.65,115.8,115.95,3905000.0,1.0,0.9492917880160311
2025-02-12,116.2,116.7,115.8,115.9,5621965.0,1.0,0.9492917880160311
2025-02-13,116.4,116.4,114.9,115.35,11825947.0,1.0,0.9492917880160311
2025-02-14,114.75,114.8,113.9,114.0,22118272.0,1.0,0.9492917880160311
2025-02-17,114.3,115.7,114.3,115.6,8960488.0,1.0,0.9492917880160311
2025-02-18,115.9,116.2,115.45,116.15,6426699.0,1.0,0.9492917880160311
2025-02-19,116.15,116.2,115.45,115.5,10888734.0,1.0,0.9492917880160311
2025-02-20,115.45,115.65,114.7,115.5,9444965.0,1.0,0.9492917880160311
2025-02-21,115.4,116.3,115.2,116.15,5947383.0,1.0,0.9492917880160311
2025-02-24,115.3,115.35,114.85,115.2,8494184.0,1.0,0.9492917880160311
2025-02-25,113.95,114.1,113.25,113.7,23973062.0,1.0,0.9492917880160311
2025-02-26,113.4,114.15,112.95,113.95,13074330.0,1.0,0.9492917880160311
2025-02-27,114.0,114.45,113.1,113.15,13050805.0,1.0,0.9492917880160311
2025-03-03,111.75,112.0,109.95,110.45,47950726.0,1.0,0.9492917880160311
2025-03-04,108.65,109.95,108.5,109.7,19346546.0,1.0,0.9492917880160311
2025-03-05,110.95,111.5,110.7,111.1,10683304.0,1.0,0.9492917880160311
2025-03-06,111.25,111.3,110.2,110.3,12769270.0,1.0,0.9492917880160311
2025-03-07,109.55,109.85,109.2,109.3,10577835.0,1.0,0.9492917880160311
2025-03-10,109.35,109.35,108.35,108.75,13026837.0,1.0,0.9492917880160311
2025-03-11,106.05,106.95,105.3,106.6,25604610.0,1.0,0.9492917880160311
2025-03-12,106.7,108.25,106.7,107.05,7029451.0,1.0,0.9492917880160311
2025-03-13,109.1,109.1,106.35,106.35,9634182.0,1.0,0.9492917880160311
2025-03-14,106.35,106.5,105.5,105.9,8817100.0,1.0,0.9492917880160311
2025-03-17,107.05,107.9,106.7,106.95,8980057.0,1.0,0.9492917880160311
2025-03-18,107.6,108.05,107.1,107.35,4835572.0,1.0,0.9492917880160311
2025-03-19,107.2,107.45,105.85,106.05,8505360.0,1.0,0.9492917880160311
2025-03-20,107.2,108.3,107.2,108.3,6506692.0,1.0,0.9492917880160311
2025-03-21,108.15,108.15,107.3,107.55,3182765.0,1.0,0.9492917880160311
2025-03-24,108.5,108.5,107.15,107.15,5408476.0,1.0,0.9492917880160311
2025-03-25,108.35,109.1,108.0,108.65,5981853.0,1.0,0.9492917880160311
2025-03-26,108.95,109.0,108.1,108.4,7526384.0,1.0,0.9492917880160311
2025-03-27,106.5,106.65,106.1,106.25,11586060.0,1.0,0.9492917880160311
2025-03-28,105.3,105.45,104.6,105.15,16184893.0,1.0,0.9492917880160311
2025-03-31,102.1,102.45,101.35,101.5,32152911.0,1.0,0.9492917880160311
2025-04-01,102.0,103.75,102.0,103.75,9136016.0,1.0,0.9492917880160311
2025-04-02,103.9,104.25,103.35,103.7,7776302.0,1.0,0.9492917880160311
2025-04-07,93.35,93.35,93.35,93.35,23582851.0,1.0,0.9492917880160311
2025-04-08,88.1,92.6,88.1,89.9,59491258.0,1.0,0.9492917880160311
2025-04-09,89.9,90.4,85.1,85.9,42398544.0,1.0,0.9492917880160311
2025-04-10,94.45,94.45,94.45,94.45,3808068.0,1.0,0.9492917880160311
2025-04-11,92.1,96.8,91.1,96.8,21534029.0,1.0,0.9492917880160311
2025-04-14,98.65,98.75,95.9,95.95,21256239.0,1.0,0.9492917880160311
2025-04-15,96.4,97.2,96.0,97.0,7196633.0,1.0,0.9492917880160311
2025-04-16,96.25,96.25,94.8,95.1,13024638.0,1.0,0.9492917880160311
2025-04-17,94.7,94.9,93.55,94.45,7772879.0,1.0,0.9492917880160311
2025-04-18,94.7,95.1,94.4,94.55,4687874.0,1.0,0.9492917880160311
2025-04-21,94.35,94.35,93.05,93.2,9614899.0,1.0,0.9492917880160311
2025-04-22,92.2,92.8,91.6,91.65,10376436.0,1.0,0.9492917880160311
2025-04-23,94.5,96.0,94.4,95.65,8617652.0,1.0,0.9492917880160311
2025-04-24,96.5,96.5,94.85,95.1,6686736.0,1.0,0.9492917880160311
2025-04-25,97.7,98.2,97.3,97.5,8154926.0,1.0,0.9492917880160311
2025-04-28,98.05,98.45,98.0,98.1,8285694.0,1.0,0.9492917880160311
2025-04-29,98.05,98.8,97.85,98.7,6954715.0,1.0,0.9492917880160311
2025-04-30,98.75,99.35,98.45,98.9,6784829.0,1.0,0.9492917880160311
2025-05-02,100.75,102.0,100.75,102.0,9688106.0,1.0,0.9492917880160311
2025-05-05,102.6,102.65,99.6,100.7,13417557.0,1.0,0.9492917880160311
2025-05-06,99.55,100.8,99.25,100.15,10722650.0,1.0,0.9492917880160311
2025-05-07,100.4,100.95,99.45,100.05,7422994.0,1.0,0.9492917880160311
2025-05-08,101.0,101.75,100.6,101.5,5270173.0,1.0,0.9492917880160311
2025-05-09,101.6,102.5,101.3,102.45,6120541.0,1.0,0.9492917880160311
2025-05-12,103.15,103.9,103.15,103.55,6039171.0,1.0,0.9492917880160311
2025-05-13,106.1,106.2,105.05,105.1,8404026.0,1.0,0.9492917880160311
2025-05-14,106.7,107.4,106.6,107.4,9888863.0,1.0,0.9492917880160311
2025-05-15,107.4,107.45,106.8,107.3,6404432.0,1.0,0.9492917880160311
2025-05-16,107.1,107.65,106.9,107.4,5448394.0,1.0,0.9492917880160311
2025-05-19,106.95,107.0,105.9,105.95,4993155.0,1.0,0.9492917880160311
2025-05-20,106.85,107.15,106.0,106.15,3934016.0,1.0,0.9492917880160311
2025-05-21,106.5,107.65,106.45,107.55,6397723.0,1.0,0.9492917880160311
2025-05-22,106.35,106.55,105.9,106.35,5260784.0,1.0,0.9492917880160311
2025-05-23,107.1,107.1,105.65,106.1,2855586.0,1.0,0.9492917880160311
2025-05-26,106.05,106.3,105.65,105.85,7026494.0,1.0,0.9492917880160311
2025-05-27,105.65,105.65,104.55,104.75,6647037.0,1.0,0.9492917880160311
2025-05-28,106.05,106.35,104.75,105.4,3509163.0,1.0,0.9492917880160311
2025-05-29,106.25,106.35,105.25,105.45,3283714.0,1.0,0.9492917880160311
2025-06-02,104.0,104.0,102.9,103.25,9326293.0,1.0,0.9492917880160311
2025-06-03,104.6,105.0,103.8,103.9,4376043.0,1.0,0.9492917880160311
2025-06-04,105.45,106.6,105.3,106.55,6146716.0,1.0,0.9492917880160311
2025-06-05,106.95,107.4,106.7,106.95,6234215.0,1.0,0.9492917880160311
2025-06-06,107.0,107.3,106.75,107.1,7027272.0,1.0,0.9492917880160311
2025-06-09,107.95,108.2,107.55,108.1,8222170.0,1.0,0.9492917880160311
2025-06-10,108.9,111.0,108.9,110.65,17161468.0,1.0,0.9492917880160311
2025-06-11,111.2,112.0,111.1,111.7,15487705.0,1.0,0.9492917880160311
2025-06-12,111.4,111.5,110.95,111.4,6381955.0,1.0,0.9492917880160311
2025-06-13,110.25,110.7,109.45,109.9,11201957.0,1.0,0.9492917880160311
2025-06-16,109.9,110.25,109.35,110.25,10171283.0,1.0,0.9492917880160311
2025-06-17,111.0,111.45,110.5,110.7,7494974.0,1.0,0.9492917880160311
2025-06-18,110.3,111.75,110.2,111.5,12339247.0,1.0,0.9492917880160311
2025-06-19,111.2,111.2,110.3,110.45,6494938.0,1.0,0.9492917880160311
2025-06-20,110.45,110.75,109.5,110.4,6581209.0,1.0,0.9492917880160311
2025-06-23,109.15,109.5,108.5,109.4,8084095.0,1.0,0.9492917880160311
2025-06-24,111.15,111.65,111.0,111.45,10201923.0,1.0,0.9492917880160311
2025-06-25,112.5,113.0,112.25,112.95,13008940.0,1.0,0.9492917880160311
2025-06-26,113.05,113.6,112.8,112.9,15382320.0,1.0,0.9492917880160311
2025-06-27,113.15,113.4,112.6,113.25,14436528.0,1.0,0.9492917880160311
2025-06-30,113.4,113.75,112.8,113.05,22703686.0,1.0,0.9492917880160311
2025-07-01,113.5,115.2,113.5,114.05,20940803.0,1.0,0.9492917880160311
2025-07-02,113.85,114.3,113.5,114.25,4732266.0,1.0,0.9492917880160311
2025-07-03,115.45,115.65,115.25,115.35,15285991.0,1.0,0.9492917880160311
2025-07-04,115.5,115.7,114.25,114.5,5765551.0,1.0,0.9492917880160311
2025-07-07,114.35,114.35,113.3,114.0,8638685.0,1.0,0.9492917880160311
2025-07-08,113.5,113.7,113.05,113.3,6852228.0,1.0,0.9492917880160311
2025-07-09,113.3,114.95,113.2,114.45,7592486.0,1.0,0.9492917880160311
2025-07-10,114.85,115.95,114.8,115.75,13952444.0,1.0,0.9492917880160311
2025-07-11,115.75,116.3,115.5,116.25,10153419.0,1.0,0.9492917880160311
2025-07-14,116.15,116.15,115.25,115.35,5231494.0,1.0,0.9492917880160311
2025-07-15,115.45,117.15,115.45,117.0,11685421.0,1.0,0.9492917880160311
2025-07-16,116.55,117.6,116.55,117.2,14178674.0,0.9915470085470085,0.9573845514466356
2025-07-17,117.55,117.95,116.8,117.55,11880316.0,1.0,0.9573845514466356
2025-07-18,119.35,119.55,119.05,119.25,20900158.0,1.0,0.9573845514466356
2025-07-21,119.0,119.15,118.4,118.75,11704422.0,1.0,0.9573845514466356
2025-07-22,118.8,119.75,117.75,117.95,17277041.0,1.0,0.9573845514466356
2025-07-23,118.25,118.8,118.0,118.65,14621925.0,1.0,0.9573845514466356
2025-07-24,119.1,119.35,118.8,119.15,9784537.0,1.0,0.9573845514466356
2025-07-25,119.25,119.45,118.8,118.9,9156034.0,1.0,0.9573845514466356
2025-07-28,119.45,119.7,118.9,119.3,9754793.0,1.0,0.9573845514466356
2025-07-29,118.95,118.95,117.4,117.8,12600795.0,1.0,0.9573845514466356
2025-07-30,118.85,119.5,118.6,119.1,14739316.0,1.0,0.9573845514466356
2025-07-31,119.35,120.8,119.35,120.6,13409237.0,1.0,0.9573845514466356
2025-08-01,118.75,119.6,118.6,119.35,8489712.0,1.0,0.9573845514466356
2025-08-04,118.2,118.65,117.75,118.65,10266382.0,1.0,0.9573845514466356
2025-08-05,119.95,120.35,119.6,120.25,7000184.0,1.0,0.9573845514466356
2025-08-06,119.35,119.4,119.0,119.1,4912059.0,1.0,0.9573845514466356
2025-08-07,121.55,123.1,121.5,123.0,15832493.0,1.0,0.9573845514466356
2025-08-08,122.95,123.1,122.65,122.95,8857355.0,1.0,0.9573845514466356
2025-08-11,122.3,124.3,122.0,123.75,10060277.0,1.0,0.9573845514466356
2025-08-12,123.65,124.15,123.1,123.9,8087816.0,1.0,0.9573845514466356
2025-08-13,124.3,125.0,123.95,124.95,9461028.0,1.0,0.9573845514466356
2025-08-14,124.5,124.65,123.8,124.25,5769777.0,1.0,0.9573845514466356
2025-08-15,124.3,124.7,123.75,124.25,6128772.0,1.0,0.9573845514466356
2025-08-18,123.7,124.8,123.6,124.7,5781413.0,1.0,0.9573845514466356
2025-08-19,124.7,124.75,124.2,124.4,3058625.0,1.0,0.9573845514466356
2025-08-20,122.85,122.85,120.5,120.7,13883068.0,1.0,0.9573845514466356
2025-08-21,121.0,121.8,121.0,121.6,4149519.0,1.0,0.9573845514466356
2025-08-22,121.85,121.85,120.7,120.85,5096093.0,1.0,0.9573845514466356
2025-08-25,123.2,123.9,122.5,123.4,8694369.0,1.0,0.9573845514466356
2025-08-26,122.9,123.65,122.4,123.35,4490479.0,1.0,0.9573845514466356
2025-08-27,124.05,124.4,123.85,124.25,6944624.0,1.0,0.9573845514466356
2025-08-28,123.75,123.95,122.9,122.9,6656668.0,1.0,0.9573845514466356
2025-08-29,123.7,123.85,122.65,122.75,7496379.0,1.0,0.9573845514466356
2025-09-01,121.95,122.5,121.0,121.6,5988342.0,1.0,0.9573845514466356
2025-09-02,122.5,122.8,121.4,121.55,6545646.0,1.0,0.9573845514466356
2025-09-03,121.5,121.9,121.0,121.4,6238056.0,1.0,0.9573845514466356
2025-09-04,122.75,123.15,122.05,122.2,9077103.0,1.0,0.9573845514466356
2025-09-05,123.2,123.6,123.0,123.35,7345853.0,1.0,0.9573845514466356
2025-09-08,124.75,125.05,124.4,124.85,10393500.0,1.0,0.9573845514466356
2025-09-09,125.05,126.0,125.0,125.85,10782262.0,1.0,0.9573845514466356
2025-09-10,127.3,128.7,127.25,128.5,15738942.0,1.0,0.9573845514466356
2025-09-11,130.0,130.65,129.3,129.6,14346526.0,1.0,0.9573845514466356
2025-09-12,130.5,130.95,130.4,130.75,11028029.0,1.0,0.9573845514466356
2025-09-15,130.95,131.0,130.25,130.7,10411782.0,1.0,0.9573845514466356
2025-09-16,131.3,132.85,131.25,132.5,11693713.0,1.0,0.9573845514466356
2025-09-17,132.2,132.2,131.45,131.5,6403785.0,1.0,0.9573845514466356
2025-09-18,132.05,132.9,131.5,132.75,3872755.0,1.0,0.9573845514466356
2025-09-19,133.05,133.2,132.1,132.7,3949244.0,1.0,0.9573845514466356
2025-09-22,132.6,133.85,132.4,133.7,5729898.0,1.0,0.9573845514466356
2025-09-23,135.25,136.7,135.05,136.3,9801060.0,1.0,0.9573845514466356
2025-09-24,137.05,137.05,135.55,136.35,7793118.0,1.0,0.9573845514466356
2025-09-25,135.8,136.15,135.5,135.75,7778488.0,1.0,0.9573845514466356
2025-09-26,134.7,134.7,132.6,133.4,8408972.0,1.0,0.9573845514466356
2025-09-30,134.5,135.25,134.5,134.8,8252727.0,1.0,0.9573845514466356
2025-10-01,135.4,137.15,135.35,135.35,9192000.0,1.0,0.9573845514466356
2025-10-02,137.95,138.45,137.5,138.2,9427450.0,1.0,0.9573845514466356
2025-10-03,138.1,140.4,138.1,140.4,9129523.0,1.0,0.9573845514466356
2025-10-07,142.1,144.2,142.1,144.05,9109745.0,1.0,0.9573845514466356
2025-10-08,141.8,142.55,141.5,142.4,4229591.0,1.0,0.9573845514466356
2025-10-09,143.85,144.5,143.5,143.85,9727239.0,1.0,0.9573845514466356
2025-10-13,139.55,142.1,139.55,142.05,12020612.0,1.0,0.9573845514466356
2025-10-14,144.2,145.1,141.8,141.8,12254265.0,1.0,0.9573845514466356
2025-10-15,142.1,144.7,141.75,144.65,8771286.0,1.0,0.9573845514466356
2025-10-16,145.3,147.45,145.1,147.35,12381874.0,1.0,0.9573845514466356
2025-10-17,145.35,145.65,144.9,145.1,10988752.0,1.0,0.9573845514466356
2025-10-20,146.0,147.9,145.5,147.45,10167756.0,1.0,0.9573845514466356
2025-10-21,147.6,148.8,147.6,147.6,6874962.0,1.0,0.9573845514466356
2025-10-22,146.1,147.2,145.7,146.85,8240012.0,1.0,0.9573845514466356
2025-10-23,144.8,146.05,144.5,145.7,6382204.0,1.0,0.9573845514466356
2025-10-27,149.15,149.75,148.9,149.35,11744261.0,1.0,0.9573845514466356
2025-10-28,149.1,149.3,148.15,148.45,5995620.0,1.0,0.9573845514466356
2025-10-29,149.7,151.25,149.7,150.95,4680066.0,1.0,0.9573845514466356
2025-10-30,151.0,151.65,150.05,150.9,4419463.0,1.0,0.9573845514466356
2025-10-31,151.1,151.9,150.95,151.8,3745003.0,1.0,0.9573845514466356
2025-11-03,151.05,151.8,149.8,150.2,9581645.0,1.0,0.9573845514466356
2025-11-04,151.35,152.0,149.7,149.75,5871386.0,1.0,0.9573845514466356
2025-11-05,147.0,147.9,146.0,147.55,13117642.0,1.0,0.9573845514466356
2025-11-06,148.1,148.75,147.95,148.4,8126199.0,1.0,0.9573845514466356
2025-11-07,146.8,146.85,146.0,146.25,7525527.0,1.0,0.9573845514466356
2025-11-10,147.3,148.3,146.85,148.0,10842122.0,1.0,0.9573845514466356
2025-11-11,149.0,149.05,147.1,147.1,5844702.0,1.0,0.9573845514466356
2025-11-12,147.5,148.4,147.1,148.05,8276901.0,1.0,0.9573845514466356
2025-11-13,147.2,147.45,146.65,147.05,4684436.0,1.0,0.9573845514466356
2025-11-14,144.25,144.85,144.0,144.2,12237510.0,1.0,0.9573845514466356
2025-11-17,145.2,145.7,144.75,144.8,8375531.0,1.0,0.9573845514466356
2025-11-18,139.95,140.15,138.0,138.25,16130184.0,0.9761878453038674,0.9807380373073804
2025-11-19,137.8,138.3,136.9,137.3,8095342.0,1.0,0.9807380373073804
2025-11-20,140.7,141.75,140.4,141.55,6009839.0,1.0,0.9807380373073804
2025-11-21,137.3,137.45,136.05,136.55,14820366.0,1.0,0.9807380373073804
2025-11-24,137.0,137.35,135.9,135.9,7210711.0,1.0,0.9807380373073804
2025-11-25,138.75,139.35,137.5,138.2,4524173.0,1.0,0.9807380373073804
2025-11-26,139.45,140.75,139.45,140.6,5569676.0,1.0,0.9807380373073804
2025-11-27,141.55,142.2,141.1,141.7,4002871.0,1.0,0.9807380373073804
2025-11-28,141.5,142.9,141.45,142.85,3862091.0,1.0,0.9807380373073804
2025-12-01,141.55,141.8,140.55,140.7,4802730.0,1.0,0.9807380373073804
2025-12-02,141.75,142.4,141.05,141.35,1827387.0,1.0,0.9807380373073804
2025-12-03,142.95,143.0,142.15,142.45,3314343.0,1.0,0.9807380373073804
2025-12-04,142.55,142.95,141.95,142.35,2149291.0,1.0,0.9807380373073804
2025-12-05,142.9,143.55,142.7,143.55,3721204.0,1.0,0.9807380373073804
2025-12-08,144.35,145.75,144.2,145.7,5255256.0,1.0,0.9807380373073804
2025-12-09,146.0,146.05,145.45,145.45,3319100.0,1.0,0.9807380373073804
2025-12-10,145.95,146.85,145.7,146.5,5832026.0,1.0,0.9807380373073804
2025-12-11,147.15,147.4,144.55,144.7,4903750.0,1.0,0.9807380373073804
2025-12-12,145.45,145.8,144.75,145.5,2142057.0,1.0,0.9807380373073804
2025-12-15,143.25,143.85,142.85,143.8,8305222.0,1.0,0.9807380373073804
2025-12-16,142.1,142.55,141.4,142.45,8840999.0,1.0,0.9807380373073804
2025-12-17,142.45,143.1,141.8,142.05,2662937.0,1.0,0.9807380373073804
2025-12-18,141.35,142.15,141.0,141.65,5235366.0,1.0,0.9807380373073804
2025-12-19,143.0,143.7,142.8,143.05,5112359.0,1.0,0.9807380373073804
2025-12-22,144.9,145.5,144.65,145.2,4447657.0,1.0,0.9807380373073804
2025-12-23,145.9,146.2,145.6,146.0,2487004.0,1.0,0.9807380373073804
2025-12-24,146.8,146.85,146.05,146.3,2606797.0,1.0,0.9807380373073804
2025-12-26,147.3,147.55,146.7,147.55,7322945.0,1.0,0.9807380373073804
2025-12-29,147.85,149.45,147.8,149.2,9397272.0,1.0,0.9807380373073804
2025-12-30,148.55,149.4,147.9,149.15,6961773.0,1.0,0.9807380373073804
2025-12-31,148.4,150.35,148.35,150.1,11001227.0,1.0,0.9807380373073804
2026-01-02,151.0,153.1,150.5,152.95,8286549.0,1.0,0.9807380373073804
2026-01-05,155.95,160.3,155.75,158.65,19104200.0,1.0,0.9807380373073804
2026-01-06,158.2,160.6,158.0,160.5,10670313.0,1.0,0.9807380373073804
2026-01-07,160.45,160.45,158.9,159.0,8476919.0,1.0,0.9807380373073804
2026-01-08,158.8,160.35,158.35,159.55,11657728.0,1.0,0.9807380373073804
2026-01-09,158.85,160.1,157.15,159.15,9370615.0,1.0,0.9807380373073804
2026-01-12,160.7,160.8,159.7,160.15,7168231.0,1.0,0.9807380373073804
2026-01-13,162.0,162.0,160.2,160.85,6256246.0,1.0,0.9807380373073804
2026-01-14,161.45,162.3,161.0,161.45,5826578.0,1.0,0.9807380373073804
2026-01-15,161.0,161.0,159.8,160.95,5610369.0,1.0,0.9807380373073804
2026-01-16,163.2,164.55,162.35,164.2,9155845.0,1.0,0.9807380373073804
2026-01-19,163.6,166.2,162.9,165.5,5123942.0,1.0,0.9807380373073804
2026-01-20,164.1,165.65,164.0,165.5,3437651.0,1.0,0.9807380373073804
2026-01-21,164.0,165.4,163.55,164.1,7109652.0,1.0,0.9807380373073804
2026-01-22,165.65,166.7,165.55,165.85,2892844.0,1.0,0.9807380373073804
2026-01-23,166.7,167.4,166.0,167.15,2720738.0,1.0,0.9807380373073804
2026-01-26,167.15,168.1,167.0,167.3,4221611.0,1.0,0.9807380373073804
2026-01-27,167.4,169.25,167.4,169.0,2964471.0,1.0,0.9807380373073804
2026-01-28,170.0,171.7,170.0,171.7,3571468.0,1.0,0.9807380373073804
2026-01-29,172.0,172.45,170.0,170.75,4530325.0,1.0,0.9807380373073804
2026-01-30,168.5,168.8,167.35,168.05,6850570.0,1.0,0.9807380373073804
2026-02-02,165.75,166.0,164.0,165.35,10495206.0,1.0,0.9807380373073804
2026-02-03,169.0,169.15,167.7,168.8,5199123.0,1.0,0.9807380373073804
2026-02-04,167.6,169.35,167.45,168.85,2583266.0,1.0,0.9807380373073804
2026-02-05,166.7,167.2,166.1,166.55,4971717.0,1.0,0.9807380373073804
2026-02-06,165.0,167.3,163.9,166.5,6297323.0,1.0,0.9807380373073804
2026-02-09,171.55,171.9,171.0,171.25,6465029.0,1.0,0.9807380373073804
2026-02-10,173.1,174.9,173.0,174.8,5840894.0,1.0,0.9807380373073804
2026-02-11,175.7,179.1,175.7,178.65,5736809.0,1.0,0.9807380373073804
2026-02-23,179.75,181.6,178.8,179.05,9592885.0,1.0,0.9807380373073804
2026-02-24,179.9,184.55,179.9,184.0,5890390.0,1.0,0.9807380373073804
2026-02-25,185.75,189.4,185.75,187.75,6394505.0,1.0,0.9807380373073804
2026-02-26,187.8,188.95,187.05,188.0,4278281.0,1.0,0.9807380373073804
2026-03-02,183.7,187.05,183.65,186.35,5720758.0,1.0,0.9807380373073804
2026-03-03,185.45,186.0,182.35,182.4,8686509.0,1.0,0.9807380373073804
2026-03-04,178.0,178.35,175.0,175.05,16431882.0,1.0,0.9807380373073804
2026-03-05,180.75,182.8,178.05,179.35,6417974.0,1.0,0.9807380373073804
2026-03-06,178.2,179.5,177.1,178.2,6305770.0,1.0,0.9807380373073804
2026-03-09,170.0,170.8,167.0,170.45,14016694.0,1.0,0.9807380373073804
2026-03-10,175.25,176.85,172.15,174.0,7556626.0,1.0,0.9807380373073804
2026-03-11,176.75,181.8,176.75,181.2,5374063.0,1.0,0.9807380373073804
2026-03-12,179.55,179.85,177.3,177.85,3191616.0,1.0,0.9807380373073804
2026-03-13,175.3,177.5,174.4,176.25,3519480.0,1.0,0.9807380373073804
2026-03-16,177.6,177.65,175.05,175.5,4872567.0,1.0,0.9807380373073804
2026-03-17,177.25,178.5,177.15,177.75,2218502.0,1.0,0.9807380373073804
2026-03-18,180.75,181.15,179.75,180.5,2987437.0,1.0,0.9807380373073804
2026-03-19,177.8,178.5,176.6,176.6,4127228.0,1.0,0.9807380373073804
2026-03-20,176.7,177.4,175.65,176.2,2316384.0,1.0,0.9807380373073804
2026-03-23,171.0,172.7,170.55,172.25,7229358.0,1.0,0.9807380373073804
2026-03-24,174.8,175.2,171.3,172.75,2906091.0,1.0,0.9807380373073804
2026-03-25,176.7,177.9,176.2,176.55,3108051.0,1.0,0.9807380373073804
2026-03-26,177.05,178.45,175.95,176.15,2761058.0,1.0,0.9807380373073804
2026-03-27,172.55,174.5,172.15,174.45,2865758.0,1.0,0.9807380373073804
2026-03-30,170.4,171.8,170.1,171.35,5845421.0,1.0,0.9807380373073804
2026-03-31,170.0,170.5,167.7,168.1,9454830.0,1.0,0.9807380373073804
2026-04-01,173.85,175.55,173.3,175.3,4142690.0,1.0,0.9807380373073804
2026-04-02,176.05,176.5,171.3,171.6,3309582.0,1.0,0.9807380373073804
2026-04-07,174.35,175.55,173.6,174.8,4951212.0,1.0,0.9807380373073804
2026-04-08,180.55,184.35,180.5,183.6,7576534.0,1.0,0.9807380373073804
2026-04-09,183.6,183.95,182.9,183.95,3666380.0,1.0,0.9807380373073804
2026-04-10,185.8,187.3,185.75,187.3,4604325.0,1.0,0.9807380373073804
2026-04-13,187.05,187.75,186.3,186.95,3337116.0,1.0,0.9807380373073804
2026-04-14,189.75,192.4,189.75,192.05,5500024.0,1.0,0.9807380373073804
2026-04-15,194.2,197.0,194.0,195.05,4846100.0,1.0,0.9807380373073804
2026-04-16,196.0,197.3,195.1,196.8,3639775.0,1.0,0.9807380373073804
2026-04-17,195.6,195.65,194.6,194.85,3759779.0,1.0,0.9807380373073804
2026-04-20,195.55,197.3,195.55,196.0,3711812.0,1.0,0.9807380373073804
2026-04-21,198.0,199.7,197.0,199.55,4045549.0,1.0,0.9807380373073804
2026-04-22,199.0,200.55,198.85,199.95,3887423.0,1.0,0.9807380373073804
2026-04-23,203.05,206.0,197.5,200.1,6077895.0,1.0,0.9807380373073804
2026-04-24,203.0,208.95,202.9,208.95,7788780.0,1.0,0.9807380373073804
2026-04-27,214.9,218.0,214.85,215.45,10524309.0,1.0,0.9807380373073804
2026-04-28,214.7,216.5,213.05,213.15,6113322.0,1.0,0.9807380373073804
2026-04-29,210.65,212.2,208.5,210.45,4513325.0,1.0,0.9807380373073804
2026-04-30,212.4,212.8,209.45,209.75,4074229.0,1.0,0.9807380373073804
2026-05-04,214.25,219.2,214.0,219.2,7117247.0,1.0,0.9807380373073804
2026-05-05,219.1,219.6,217.7,219.6,4267742.0,1.0,0.9807380373073804
2026-05-06,222.4,224.1,219.8,222.0,8827473.0,1.0,0.9807380373073804
2026-05-07,225.8,227.8,225.5,226.8,5675876.0,1.0,0.9807380373073804
2026-05-08,225.35,226.2,222.2,224.3,6091588.0,1.0,0.9807380373073804
2026-05-11,223.85,224.75,223.15,224.45,4154662.0,1.0,0.9807380373073804
2026-05-12,224.5,225.4,221.3,224.55,6516614.0,1.0,0.9807380373073804
2026-05-13,219.8,221.85,219.0,221.2,7653280.0,1.0,0.9807380373073804
2026-05-14,224.05,225.2,221.65,222.5,6133410.0,1.0,0.9807380373073804
2026-05-15,227.55,228.0,220.4,220.4,5273567.0,1.0,0.9807380373073804
2026-05-18,218.2,220.0,216.1,219.4,7455796.0,1.0,0.9807380373073804
2026-05-19,218.9,219.15,215.6,215.65,4228697.0,1.0,0.9807380373073804
2026-05-20,215.4,216.4,213.8,214.1,5292332.0,1.0,0.9807380373073804
2026-05-21,218.95,222.0,218.95,221.55,2478368.0,1.0,0.9807380373073804
2026-05-22,222.8,225.05,222.05,225.05,3447577.0,1.0,0.9807380373073804
2026-05-25,230.25,234.0,230.15,233.15,7505248.0,1.0,0.9807380373073804
2026-05-26,235.0,235.45,232.5,232.55,2549863.0,1.0,0.9807380373073804
2026-05-27,237.75,240.2,236.05,237.6,4846354.0,1.0,0.9807380373073804
2026-05-28,239.9,241.25,231.9,233.15,5183837.0,1.0,0.9807380373073804
2026-05-29,238.75,241.4,237.95,241.25,4423176.0,1.0,0.9807380373073804
2026-06-01,241.5,247.0,241.5,243.9,5023840.0,1.0,0.9807380373073804
2026-06-02,244.8,245.65,241.45,244.55,3254566.0,1.0,0.9807380373073804
2026-06-03,248.5,249.85,248.05,248.8,3182602.0,1.0,0.9807380373073804
2026-06-04,247.15,248.0,245.8,245.95,4444624.0,1.0,0.9807380373073804
2026-06-05,243.4,243.5,238.1,241.05,5354136.0,1.0,0.9807380373073804
2026-06-08,228.5,234.75,227.35,233.85,10547287.0,1.0,0.9807380373073804
2026-06-09,236.6,239.75,234.7,239.55,2690452.0,1.0,0.9807380373073804
2026-06-10,237.1,237.8,232.0,232.05,5619870.0,1.0,0.9807380373073804
2026-06-11,231.0,232.95,226.45,231.0,6354885.0,1.0,0.9807380373073804
2026-06-12,238.6,238.95,235.6,236.1,2780671.0,1.0,0.9807380373073804
2026-06-15,243.7,244.35,241.55,244.1,6855195.0,1.0,0.9807380373073804
2026-06-16,245.0,245.75,243.45,245.35,3308542.0,1.0,0.9807380373073804
2026-06-17,243.35,246.3,242.15,246.3,4877303.0,1.0,0.9807380373073804
2026-06-18,247.95,249.1,246.95,249.1,4099902.0,1.0,0.9807380373073804
2026-06-22,253.0,258.2,253.0,257.45,5127921.0,1.0,0.9807380373073804
2026-06-23,258.1,260.1,254.35,254.35,4700440.0,1.0,0.9807380373073804
2026-06-24,249.65,249.65,245.9,247.95,5338043.0,1.0,0.9807380373073804
2026-06-25,250.0,250.0,246.3,248.1,2873708.0,1.0,0.9807380373073804
2026-06-26,244.4,245.0,238.1,238.7,10067619.0,1.0,0.9807380373073804
2026-06-29,240.0,244.6,239.85,242.75,4193429.0,1.0,0.9807380373073804
2026-06-30,247.9,250.7,247.55,250.2,3232314.0,1.0,0.9807380373073804
2026-07-01,254.2,254.6,252.0,253.65,2960996.0,1.0,0.9807380373073804
2026-07-02,249.0,252.45,248.0,252.3,3146588.0,1.0,0.9807380373073804
2026-07-03,246.05,252.2,245.95,251.35,3068760.0,1.0,0.9807380373073804
2026-07-06,252.95,254.05,250.4,251.35,4129918.0,1.0,0.9807380373073804
2026-07-07,251.6,253.15,246.05,246.5,5087336.0,1.0,0.9807380373073804
2026-07-08,247.05,247.75,243.85,246.15,3472764.0,1.0,0.9807380373073804
2026-07-09,246.5,248.2,245.0,245.7,3431410.0,1.0,0.9807380373073804
2026-07-13,248.0,249.7,245.65,246.75,4179797.0,1.0,0.9807380373073804
2026-07-14,245.1,245.1,237.6,242.8,9558169.0,1.0,0.9807380373073804
2026-07-15,243.25,246.8,242.8,246.6,3600479.0,1.0,0.9807380373073804
2026-07-16,240.6,243.5,238.5,242.5,4542882.0,0.9807380373073804,1.0
2026-07-17,236.65,236.9,227.6,227.75,12203111.0,1.0,1.0
2026-07-20,228.55,228.95,224.05,226.0,7475916.0,1.0,1.0
2026-07-21,228.1,234.55,228.1,234.55,3104429.0,1.0,1.0
2026-07-22,239.1,240.1,236.35,237.4,2655500.0,1.0,1.0
2026-07-23,238.3,239.75,235.55,237.9,1790499.0,1.0,1.0
2026-07-24,234.6,235.65,232.05,233.0,1940143.0,1.0,1.0
2026-07-27,232.2,232.9,229.15,232.75,3038744.0,1.0,1.0
2026-07-28,225.0,225.45,222.0,222.1,8251988.0,1.0,1.0
2026-07-29,222.15,222.25,210.2,214.05,10499938.0,1.0,1.0
2026-07-30,212.95,219.45,210.7,214.4,4730770.0,1.0,1.0
2026-07-31,229.25,235.8,229.2,235.35,6506625.0,1.0,1.0
2026-08-03,232.0,235.05,231.0,232.9,3788626.0,1.0,1.0
2026-08-04,230.25,234.0,228.4,230.15,2389289.0,1.0,1.0
2026-08-05,237.0,239.45,235.4,238.25,4374664.0,1.0,1.0
2026-08-06,236.85,237.6,234.8,236.55,3756832.0,1.0,1.0
2026-08-07,237.15,237.9,233.7,235.35,1788590.0,1.0,1.0
2026-08-10,238.0,240.0,237.35,238.7,2703087.0,1.0,1.0
2026-08-11,237.5,239.45,236.45,238.9,1799274.0,1.0,1.0
2026-08-12,239.95,241.5,239.15,240.9,4422963.0,1.0,1.0
2026-08-13,244.1,245.15,243.5,244.4,3502920.0,1.0,1.0
2026-08-14,245.4,246.0,242.8,243.45,1502743.0,1.0,1.0
2026-08-17,243.5,245.0,243.0,244.05,2385103.0,1.0,1.0
2026-08-18,243.8,243.85,239.85,240.7,2426837.0,1.0,1.0
2026-08-19,236.2,237.4,235.05,236.75,2859041.0,1.0,1.0
2026-08-20,238.25,238.45,235.85,237.85,1396160.0,1.0,1.0
2026-08-21,237.8,239.7,236.4,239.3,1003341.0,1.0,1.0
2026-08-24,239.4,240.0,237.95,238.2,1246769.0,1.0,1.0
2026-08-25,235.85,239.45,234.6,239.45,1886902.0,1.0,1.0
2026-08-26,238.75,243.2,238.15,242.85,1939774.0,1.0,1.0
2026-08-27,243.4,245.3,242.9,243.15,1869493.0,1.0,1.0
2026-08-28,244.9,245.8,244.25,245.1,2087772.0,1.0,1.0
2026-08-31,242.45,243.5,240.5,242.9,2373079.0,1.0,1.0
2026-09-01,244.85,248.85,244.85,248.35,3065991.0,1.0,1.0
2026-09-02,247.2,247.2,244.45,245.2,2185554.0,1.0,1.0
2026-09-03,245.2,246.2,243.35,243.8,1674640.0,1.0,1.0
2026-09-04,246.4,247.5,245.0,247.25,1594212.0,1.0,1.0
2026-09-07,249.95,252.2,249.5,251.65,3867826.0,1.0,1.0
2026-09-08,251.7,253.35,250.05,250.05,2323306.0,1.0,1.0
2026-09-09,251.9,253.1,250.3,250.3,1771790.0,1.0,1.0
2026-09-10,249.0,249.8,248.0,249.55,1760544.0,1.0,1.0
2026-09-11,246.2,246.75,244.65,246.1,2896092.0,1.0,1.0
2026-09-14,242.9,245.4,242.25,244.65,1997029.0,1.0,1.0
2026-09-15,244.4,245.0,243.2,243.5,1901072.0,1.0,1.0
2026-09-16,243.5,246.2,243.25,244.6,2095492.0,1.0,1.0
2026-09-17,247.45,250.0,247.1,247.4,1395225.0,1.0,1.0
2026-09-18,250.55,251.55,249.2,251.2,3712651.0,1.0,1.0
2026-09-21,252.05,254.95,252.05,254.7,2458921.0,1.0,1.0
2026-09-22,258.75,259.7,255.5,255.7,2343443.0,1.0,1.0
2026-09-23,257.15,258.6,256.7,257.0,1317974.0,1.0,1.0
2026-09-24,256.5,256.85,255.55,256.85,978191.0,1.0,1.0
