date,raw_open,raw_high,raw_low,raw_close,volume,event_ratio,adj_factor
2020-07-20,15.38,15.43,15.1,15.32,85251099.0,1.0,0.6491516751288771
2020-07-21,15.32,16.0,15.12,15.74,102347500.0,1.0,0.6491516751288771
2020-07-22,15.3,15.5,15.2,15.31,94531477.0,1.0,0.6491516751288771
2020-07-23,15.15,15.17,15.05,15.14,90737404.0,1.0,0.6491516751288771
2020-07-24,15.15,15.19,15.01,15.05,81082771.0,1.0,0.6491516751288771
2020-07-27,15.14,15.14,14.98,14.98,63772163.0,1.0,0.6491516751288771
2020-07-28,15.0,15.05,14.85,14.85,57983907.0,1.0,0.6491516751288771
2020-07-29,14.85,14.96,14.85,14.88,25375208.0,1.0,0.6491516751288771
2020-07-30,14.96,15.01,14.89,15.0,20137890.0,1.0,0.6491516751288771
2020-07-31,15.02,15.07,15.01,15.05,18111199.0,1.0,0.6491516751288771
2020-08-03,15.06,15.08,14.97,14.98,26620086.0,1.0,0.6491516751288771
2020-08-04,14.99,15.03,14.94,15.02,31076653.0,1.0,0.6491516751288771
2020-08-05,15.04,15.17,15.04,15.16,50629553.0,1.0,0.6491516751288771
2020-08-06,15.21,15.26,15.15,15.15,21943256.0,1.0,0.6491516751288771
2020-08-07,15.16,15.19,15.08,15.1,14876417.0,1.0,0.6491516751288771
2020-08-10,15.15,15.16,15.11,15.14,9895318.0,1.0,0.6491516751288771
2020-08-11,15.17,15.17,15.06,15.08,15819334.0,1.0,0.6491516751288771
2020-08-12,15.08,15.08,14.97,15.01,21106293.0,1.0,0.6491516751288771
2020-08-13,15.07,15.1,15.05,15.07,5012029.0,1.0,0.6491516751288771
2020-08-14,15.08,15.15,15.05,15.14,9453444.0,1.0,0.6491516751288771
2020-08-17,15.19,15.28,15.18,15.27,20573656.0,1.0,0.6491516751288771
2020-08-18,15.3,15.31,15.2,15.27,15637697.0,1.0,0.6491516751288771
2020-08-19,15.3,15.34,15.18,15.19,19879708.0,1.0,0.6491516751288771
2020-08-20,15.17,15.17,14.76,14.87,128324384.0,1.0,0.6491516751288771
2020-08-21,14.98,15.0,14.84,14.9,44156469.0,1.0,0.6491516751288771
2020-08-24,14.93,14.95,14.86,14.94,13089841.0,1.0,0.6491516751288771
2020-08-25,14.99,15.05,14.96,15.0,11248996.0,1.0,0.6491516751288771
2020-08-26,15.01,15.03,14.99,15.02,6069695.0,1.0,0.6491516751288771
2020-08-27,15.06,15.06,14.96,14.99,12936911.0,1.0,0.6491516751288771
2020-08-28,14.97,15.0,14.93,14.97,12662546.0,1.0,0.6491516751288771
2020-08-31,15.0,15.02,14.87,14.87,30305158.0,1.0,0.6491516751288771
2020-09-01,14.88,14.88,14.81,14.85,26498597.0,1.0,0.6491516751288771
2020-09-02,14.89,14.9,14.79,14.83,25512542.0,1.0,0.6491516751288771
2020-09-03,14.86,14.97,14.84,14.88,11238659.0,1.0,0.6491516751288771
2020-09-04,14.8,14.8,14.72,14.77,41951208.0,1.0,0.6491516751288771
2020-09-07,14.78,14.89,14.77,14.79,16940526.0,1.0,0.6491516751288771
2020-09-08,14.83,14.85,14.79,14.81,5888051.0,1.0,0.6491516751288771
2020-09-09,14.75,14.76,14.63,14.75,36227560.0,1.0,0.6491516751288771
2020-09-10,14.79,14.8,14.76,14.78,6865973.0,1.0,0.6491516751288771
2020-09-11,14.78,14.8,14.73,14.76,13246790.0,1.0,0.6491516751288771
2020-09-14,14.79,14.86,14.79,14.86,7196666.0,1.0,0.6491516751288771
2020-09-15,14.9,14.9,14.86,14.89,8655190.0,1.0,0.6491516751288771
2020-09-16,14.91,14.92,14.89,14.89,9496541.0,1.0,0.6491516751288771
2020-09-17,14.89,14.9,14.79,14.79,17464748.0,1.0,0.6491516751288771
2020-09-18,14.81,14.84,14.79,14.83,3801124.0,1.0,0.6491516751288771
2020-09-21,14.84,14.85,14.72,14.73,17884425.0,1.0,0.6491516751288771
2020-09-22,14.72,14.72,14.63,14.65,24271741.0,1.0,0.6491516751288771
2020-09-23,14.66,14.7,14.6,14.6,20813889.0,1.0,0.6491516751288771
2020-09-24,14.51,14.53,14.32,14.33,44948207.0,1.0,0.6491516751288771
2020-09-25,14.34,14.4,14.2,14.24,23485066.0,1.0,0.6491516751288771
2020-09-28,14.29,14.52,14.29,14.5,8818715.0,1.0,0.6491516751288771
2020-09-29,14.58,14.6,14.51,14.53,4905767.0,1.0,0.6491516751288771
2020-09-30,14.53,14.61,14.53,14.58,5764314.0,1.0,0.6491516751288771
2020-10-05,14.6,14.64,14.52,14.54,5027516.0,1.0,0.6491516751288771
2020-10-06,14.59,14.62,14.58,14.6,5321987.0,1.0,0.6491516751288771
2020-10-07,14.61,14.62,14.56,14.6,4157637.0,1.0,0.6491516751288771
2020-10-08,14.65,14.66,14.59,14.66,6100201.0,1.0,0.6491516751288771
2020-10-12,14.67,14.7,14.63,14.65,5911203.0,1.0,0.6491516751288771
2020-10-13,14.65,14.66,14.57,14.62,3498665.0,1.0,0.6491516751288771
2020-10-14,14.62,14.69,14.62,14.64,4573800.0,1.0,0.6491516751288771
2020-10-15,14.64,14.65,14.52,14.57,5061585.0,1.0,0.6491516751288771
2020-10-16,14.57,14.57,14.5,14.5,5950979.0,1.0,0.6491516751288771
2020-10-19,14.51,14.6,14.51,14.55,3462199.0,1.0,0.6491516751288771
2020-10-20,14.55,14.55,14.5,14.51,3458418.0,1.0,0.6491516751288771
2020-10-21,14.53,14.53,14.47,14.5,6777004.0,1.0,0.6491516751288771
2020-10-22,14.5,14.5,14.46,14.5,3375634.0,1.0,0.6491516751288771
2020-10-23,14.51,14.54,14.51,14.54,3291643.0,1.0,0.6491516751288771
2020-10-26,14.58,14.63,14.57,14.6,3587945.0,1.0,0.6491516751288771
2020-10-27,14.59,14.59,14.54,14.57,2612896.0,1.0,0.6491516751288771
2020-10-28,14.57,14.61,14.54,14.55,4724103.0,1.0,0.6491516751288771
2020-10-29,14.48,14.54,14.4,14.49,10193175.0,1.0,0.6491516751288771
2020-10-30,14.46,14.47,14.4,14.42,10373113.0,1.0,0.6491516751288771
2020-11-02,14.42,14.45,14.4,14.42,3270079.0,1.0,0.6491516751288771
2020-11-03,14.43,14.54,14.43,14.51,6380409.0,1.0,0.6491516751288771
2020-11-04,14.52,14.58,14.49,14.58,6396281.0,1.0,0.6491516751288771
2020-11-05,14.59,14.64,14.59,14.61,5996652.0,1.0,0.6491516751288771
2020-11-06,14.63,14.66,14.62,14.65,9880762.0,1.0,0.6491516751288771
2020-11-09,14.73,14.8,14.72,14.76,20073590.0,1.0,0.6491516751288771
2020-11-10,14.79,14.81,14.75,14.79,13110470.0,1.0,0.6491516751288771
2020-11-11,14.81,14.99,14.8,14.99,32287373.0,1.0,0.6491516751288771
2020-11-12,14.99,15.0,14.89,14.94,12366876.0,1.0,0.6491516751288771
2020-11-13,14.92,14.97,14.89,14.97,11871146.0,1.0,0.6491516751288771
2020-11-16,15.01,15.11,15.01,15.1,57053989.0,1.0,0.6491516751288771
2020-11-17,15.13,15.16,15.09,15.13,35754935.0,0.9966887417218543,0.6513083252123617
2020-11-18,15.12,15.22,15.1,15.22,30773558.0,1.0,0.6513083252123617
2020-11-19,15.2,15.23,15.16,15.21,18481488.0,1.0,0.6513083252123617
2020-11-20,15.19,15.23,15.16,15.23,17255023.0,1.0,0.6513083252123617
2020-11-23,15.3,15.44,15.3,15.4,28504113.0,1.0,0.6513083252123617
2020-11-24,15.44,15.45,15.35,15.36,15810839.0,1.0,0.6513083252123617
2020-11-25,15.4,15.42,15.31,15.34,12737401.0,1.0,0.6513083252123617
2020-11-26,15.37,15.41,15.32,15.41,11855944.0,1.0,0.6513083252123617
2020-11-27,15.4,15.43,15.38,15.43,14106194.0,1.0,0.6513083252123617
2020-11-30,15.48,15.55,15.35,15.35,14305407.0,1.0,0.6513083252123617
2020-12-01,15.35,15.47,15.34,15.47,11801293.0,1.0,0.6513083252123617
2020-12-02,15.5,15.56,15.47,15.54,17380263.0,1.0,0.6513083252123617
2020-12-03,15.55,15.68,15.54,15.6,14003550.0,1.0,0.6513083252123617
2020-12-04,15.66,15.76,15.64,15.76,13857155.0,1.0,0.6513083252123617
2020-12-07,15.83,15.91,15.8,15.91,18098321.0,1.0,0.6513083252123617
2020-12-08,15.91,16.0,15.86,16.0,18353490.0,1.0,0.6513083252123617
2020-12-09,16.0,16.15,16.0,16.14,13354017.0,1.0,0.6513083252123617
2020-12-10,16.13,16.13,15.94,15.98,16036870.0,1.0,0.6513083252123617
2020-12-11,15.98,16.07,15.82,15.98,13114762.0,1.0,0.6513083252123617
2020-12-14,15.98,16.0,15.92,15.95,9354862.0,1.0,0.6513083252123617
2020-12-15,15.95,15.95,15.67,15.69,11195883.0,1.0,0.6513083252123617
2020-12-16,15.77,15.92,15.77,15.92,9503611.0,1.0,0.6513083252123617
2020-12-17,15.93,15.93,15.85,15.91,7135652.0,1.0,0.6513083252123617
2020-12-18,15.91,15.93,15.86,15.86,5689817.0,1.0,0.6513083252123617
2020-12-21,15.86,15.86,15.69,15.84,5284940.0,1.0,0.6513083252123617
2020-12-22,15.82,15.88,15.69,15.7,7076720.0,1.0,0.6513083252123617
2020-12-23,15.68,15.79,15.65,15.74,6361837.0,1.0,0.6513083252123617
2020-12-24,15.77,15.86,15.77,15.83,6769820.0,1.0,0.6513083252123617
2020-12-25,15.88,15.95,15.88,15.89,6107167.0,1.0,0.6513083252123617
2020-12-28,15.92,16.03,15.92,16.03,18003575.0,1.0,0.6513083252123617
2020-12-29,16.06,16.09,15.99,16.02,6566917.0,1.0,0.6513083252123617
2020-12-30,16.02,16.17,16.0,16.16,12749339.0,1.0,0.6513083252123617
2020-12-31,16.19,16.2,16.11,16.14,6492111.0,1.0,0.6513083252123617
2021-01-04,16.1,16.23,16.1,16.2,11126390.0,1.0,0.6513083252123617
2021-01-05,16.2,16.22,16.11,16.21,14425860.0,1.0,0.6513083252123617
2021-01-06,16.24,16.31,16.02,16.1,14275667.0,1.0,0.6513083252123617
2021-01-07,16.18,16.26,16.17,16.24,11841085.0,1.0,0.6513083252123617
2021-01-08,16.32,16.5,16.3,16.5,15364332.0,1.0,0.6513083252123617
2021-01-11,16.57,16.68,16.57,16.67,9055391.0,1.0,0.6513083252123617
2021-01-12,16.69,16.73,16.51,16.56,8824506.0,1.0,0.6513083252123617
2021-01-13,16.59,16.89,16.59,16.87,11392667.0,1.0,0.6513083252123617
2021-01-14,16.87,17.03,16.84,17.0,8253242.0,1.0,0.6513083252123617
2021-01-15,17.07,17.15,16.84,16.87,10187961.0,1.0,0.6513083252123617
2021-01-18,16.86,16.86,16.43,16.7,10862090.0,1.0,0.6513083252123617
2021-01-19,16.72,16.8,16.72,16.76,5758154.0,1.0,0.6513083252123617
2021-01-20,16.76,16.78,16.35,16.4,12923709.0,1.0,0.6513083252123617
2021-01-21,16.44,16.6,16.44,16.5,9132694.0,1.0,0.6513083252123617
2021-01-22,16.5,16.69,16.48,16.65,7729084.0,1.0,0.6513083252123617
2021-01-25,16.66,16.86,16.63,16.84,10284111.0,1.0,0.6513083252123617
2021-01-26,16.86,16.91,16.63,16.68,6867553.0,1.0,0.6513083252123617
2021-01-27,16.7,16.88,16.7,16.81,12612291.0,1.0,0.6513083252123617
2021-01-28,16.63,16.76,16.55,16.62,7877486.0,1.0,0.6513083252123617
2021-01-29,16.67,16.71,16.36,16.36,7095032.0,1.0,0.6513083252123617
2021-02-01,16.3,16.45,16.25,16.45,7702951.0,1.0,0.6513083252123617
2021-02-02,16.51,16.68,16.5,16.61,5123577.0,1.0,0.6513083252123617
2021-02-03,16.68,16.7,16.61,16.67,4062340.0,1.0,0.6513083252123617
2021-02-04,16.67,16.68,16.57,16.62,3100784.0,1.0,0.6513083252123617
2021-02-05,16.7,16.78,16.68,16.74,11321405.0,1.0,0.6513083252123617
2021-02-17,16.89,17.0,16.8,16.93,9017762.0,1.0,0.6513083252123617
2021-02-18,16.95,17.05,16.93,16.99,7525056.0,1.0,0.6513083252123617
2021-02-19,17.0,17.06,16.93,17.05,10205723.0,1.0,0.6513083252123617
2021-02-22,17.08,17.29,17.08,17.25,8812386.0,1.0,0.6513083252123617
2021-02-23,17.25,17.45,17.19,17.43,9962652.0,1.0,0.6513083252123617
2021-02-24,17.48,17.55,17.34,17.37,15750157.0,1.0,0.6513083252123617
2021-02-25,17.38,17.48,17.36,17.43,7710943.0,0.9913644214162349,0.6569817426793683
2021-02-26,17.35,17.35,17.09,17.14,15199797.0,1.0,0.6569817426793683
2021-03-02,17.24,17.29,17.08,17.08,6006934.0,1.0,0.6569817426793683
2021-03-03,17.1,17.24,17.05,17.24,4607873.0,1.0,0.6569817426793683
2021-03-04,17.23,17.23,16.98,17.1,9668427.0,1.0,0.6569817426793683
2021-03-05,16.99,17.07,16.88,17.0,6676301.0,1.0,0.6569817426793683
2021-03-08,17.08,17.18,17.0,17.02,4991438.0,1.0,0.6569817426793683
2021-03-09,17.02,17.14,16.97,17.14,5057627.0,1.0,0.6569817426793683
2021-03-10,17.19,17.2,17.15,17.16,2643170.0,1.0,0.6569817426793683
2021-03-11,17.22,17.44,17.22,17.39,6545110.0,1.0,0.6569817426793683
2021-03-12,17.45,17.5,17.41,17.5,6483812.0,1.0,0.6569817426793683
2021-03-15,17.5,17.61,17.5,17.6,5283629.0,1.0,0.6569817426793683
2021-03-16,17.61,17.69,17.61,17.65,5522245.0,1.0,0.6569817426793683
2021-03-17,17.68,17.68,17.57,17.6,5397587.0,1.0,0.6569817426793683
2021-03-18,17.67,17.83,17.67,17.72,8000293.0,1.0,0.6569817426793683
2021-03-19,17.72,17.72,17.6,17.67,4799012.0,1.0,0.6569817426793683
2021-03-22,17.67,17.76,17.61,17.74,4072612.0,1.0,0.6569817426793683
2021-03-23,17.77,17.84,17.77,17.8,3273123.0,1.0,0.6569817426793683
2021-03-24,17.8,17.81,17.75,17.78,3434903.0,1.0,0.6569817426793683
2021-03-25,17.78,17.88,17.77,17.85,4178641.0,1.0,0.6569817426793683
2021-03-26,17.88,18.0,17.88,17.99,5200568.0,1.0,0.6569817426793683
2021-03-29,18.04,18.25,18.04,18.21,6300573.0,1.0,0.6569817426793683
2021-03-30,18.3,18.47,18.23,18.45,8041458.0,1.0,0.6569817426793683
2021-03-31,18.45,18.53,18.39,18.39,10419208.0,1.0,0.6569817426793683
2021-04-01,18.4,18.46,18.39,18.42,5321475.0,1.0,0.6569817426793683
2021-04-06,18.5,18.57,18.48,18.51,6211065.0,1.0,0.6569817426793683
2021-04-07,18.51,18.56,18.46,18.53,5602505.0,1.0,0.6569817426793683
2021-04-08,18.54,18.58,18.47,18.58,4439540.0,1.0,0.6569817426793683
2021-04-09,18.59,18.6,18.44,18.51,6568590.0,1.0,0.6569817426793683
2021-04-12,18.51,18.6,18.51,18.56,4895029.0,1.0,0.6569817426793683
2021-04-13,18.56,18.67,18.48,18.49,6941493.0,1.0,0.6569817426793683
2021-04-14,18.5,18.59,18.26,18.43,12426586.0,1.0,0.6569817426793683
2021-04-15,18.43,18.5,18.43,18.5,7142668.0,1.0,0.6569817426793683
2021-04-16,18.52,18.73,18.52,18.73,8003871.0,1.0,0.6569817426793683
2021-04-19,18.76,18.97,18.76,18.96,7882050.0,1.0,0.6569817426793683
2021-04-20,19.0,19.05,18.97,19.01,7991945.0,1.0,0.6569817426793683
2021-04-21,19.01,19.05,18.92,19.02,8390211.0,1.0,0.6569817426793683
2021-04-22,19.05,19.14,18.82,18.9,12792179.0,1.0,0.6569817426793683
2021-04-23,18.9,18.95,18.83,18.94,6779940.0,1.0,0.6569817426793683
2021-04-26,19.0,19.2,19.0,19.19,6689225.0,1.0,0.6569817426793683
2021-04-27,19.19,19.24,19.16,19.22,4766427.0,1.0,0.6569817426793683
2021-04-28,19.23,19.25,19.11,19.19,4563052.0,1.0,0.6569817426793683
2021-04-29,19.19,19.2,19.1,19.15,4880767.0,1.0,0.6569817426793683
2021-05-03,19.15,19.17,19.0,19.02,9256922.0,1.0,0.6569817426793683
2021-05-04,19.03,19.16,18.44,18.76,24309446.0,1.0,0.6569817426793683
2021-05-05,18.77,18.96,18.75,18.82,13263146.0,1.0,0.6569817426793683
2021-05-06,18.86,19.01,18.72,18.87,11857991.0,1.0,0.6569817426793683
2021-05-07,18.98,19.15,18.98,19.15,7703006.0,1.0,0.6569817426793683
2021-05-10,19.22,19.28,19.15,19.26,9452493.0,1.0,0.6569817426793683
2021-05-11,19.26,19.26,18.93,19.0,33036731.0,1.0,0.6569817426793683
2021-05-12,18.63,18.63,17.29,17.92,67671940.0,1.0,0.6569817426793683
2021-05-13,17.5,18.12,17.25,17.83,25331463.0,1.0,0.6569817426793683
2021-05-14,18.0,18.24,17.96,18.05,28396393.0,1.0,0.6569817426793683
2021-05-17,17.47,17.8,17.3,17.48,48838416.0,1.0,0.6569817426793683
2021-05-18,17.45,17.9,17.4,17.9,15167584.0,0.9856979405034325,0.6665142694158652
2021-05-19,17.9,17.98,17.71,17.88,9615559.0,1.0,0.6665142694158652
2021-05-20,17.88,17.94,17.69,17.78,9155477.0,1.0,0.6665142694158652
2021-05-21,18.07,18.2,17.85,17.96,9072159.0,1.0,0.6665142694158652
2021-05-24,17.85,17.94,17.78,17.9,5719871.0,1.0,0.6665142694158652
2021-05-25,18.0,18.14,18.0,18.12,7466787.0,1.0,0.6665142694158652
2021-05-26,18.15,18.18,18.04,18.1,5248764.0,1.0,0.6665142694158652
2021-05-27,18.04,18.04,17.86,18.01,6295624.0,1.0,0.6665142694158652
2021-05-28,18.11,18.22,18.07,18.19,7136458.0,1.0,0.6665142694158652
2021-05-31,18.22,18.36,18.22,18.33,11825012.0,1.0,0.6665142694158652
2021-06-01,18.4,18.48,18.37,18.47,6742398.0,1.0,0.6665142694158652
2021-06-02,18.47,18.56,18.32,18.41,7838081.0,1.0,0.6665142694158652
2021-06-03,18.45,18.49,18.39,18.42,3881984.0,1.0,0.6665142694158652
2021-06-04,18.39,18.39,18.26,18.32,7322099.0,1.0,0.6665142694158652
2021-06-07,18.33,18.34,18.01,18.25,8806598.0,1.0,0.6665142694158652
2021-06-08,18.28,18.34,18.24,18.27,4180016.0,1.0,0.6665142694158652
2021-06-09,18.27,18.27,18.13,18.16,6331633.0,1.0,0.6665142694158652
2021-06-10,18.2,18.28,18.17,18.24,5405258.0,1.0,0.6665142694158652
2021-06-11,18.26,18.33,18.23,18.26,5616358.0,1.0,0.6665142694158652
2021-06-15,18.27,18.3,18.23,18.26,3985809.0,1.0,0.6665142694158652
2021-06-16,18.26,18.32,18.24,18.28,5176598.0,1.0,0.6665142694158652
2021-06-17,18.24,18.35,18.2,18.35,4779956.0,1.0,0.6665142694158652
2021-06-18,18.36,18.37,18.28,18.3,4728295.0,1.0,0.6665142694158652
2021-06-21,18.27,18.27,18.06,18.14,11577797.0,1.0,0.6665142694158652
2021-06-22,18.27,18.27,18.09,18.09,7758412.0,1.0,0.6665142694158652
2021-06-23,18.12,18.21,18.08,18.2,4180954.0,1.0,0.6665142694158652
2021-06-24,18.22,18.24,18.18,18.23,2467140.0,1.0,0.6665142694158652
2021-06-25,18.28,18.3,18.2,18.25,5529132.0,1.0,0.6665142694158652
2021-06-28,18.26,18.31,18.21,18.27,4908246.0,1.0,0.6665142694158652
2021-06-29,18.28,18.28,18.17,18.2,7144889.0,1.0,0.6665142694158652
2021-06-30,18.23,18.29,18.21,18.23,4078292.0,1.0,0.6665142694158652
2021-07-01,18.24,18.28,18.2,18.21,6320067.0,1.0,0.6665142694158652
2021-07-02,18.21,18.27,18.19,18.25,3298237.0,1.0,0.6665142694158652
2021-07-05,18.25,18.42,18.25,18.38,8014774.0,1.0,0.6665142694158652
2021-07-06,18.39,18.45,18.38,18.4,7174001.0,1.0,0.6665142694158652
2021-07-07,18.4,18.44,18.36,18.39,5169798.0,1.0,0.6665142694158652
2021-07-08,18.43,18.55,18.42,18.45,5940539.0,1.0,0.6665142694158652
2021-07-09,18.44,18.44,18.33,18.41,6494730.0,1.0,0.6665142694158652
2021-07-12,18.51,18.54,18.43,18.45,5242175.0,1.0,0.6665142694158652
2021-07-13,18.5,18.55,18.44,18.47,5339667.0,1.0,0.6665142694158652
2021-07-14,18.47,18.53,18.42,18.46,3771462.0,1.0,0.6665142694158652
2021-07-15,18.46,18.5,18.44,18.49,3930733.0,1.0,0.6665142694158652
2021-07-16,18.49,18.55,18.45,18.54,4113295.0,1.0,0.6665142694158652
2021-07-19,18.54,18.55,18.4,18.51,5441723.0,1.0,0.6665142694158652
2021-07-20,18.39,18.45,18.36,18.37,8232233.0,1.0,0.6665142694158652
2021-07-21,18.43,18.45,18.3,18.32,6263766.0,1.0,0.6665142694158652
2021-07-22,18.34,18.48,18.34,18.4,3614536.0,1.0,0.6665142694158652
2021-07-23,18.41,18.5,18.4,18.42,3020851.0,1.0,0.6665142694158652
2021-07-26,18.46,18.49,18.37,18.39,6544839.0,1.0,0.6665142694158652
2021-07-27,18.41,18.45,18.33,18.35,5549332.0,1.0,0.6665142694158652
2021-07-28,18.32,18.32,18.07,18.17,16456102.0,1.0,0.6665142694158652
2021-07-29,18.21,18.29,18.19,18.29,3803968.0,1.0,0.6665142694158652
2021-07-30,18.29,18.35,18.25,18.26,4217181.0,1.0,0.6665142694158652
2021-08-02,18.28,18.44,18.28,18.44,4128066.0,1.0,0.6665142694158652
2021-08-03,18.5,18.52,18.41,18.49,9887997.0,1.0,0.6665142694158652
2021-08-04,18.5,18.61,18.5,18.59,6726117.0,1.0,0.6665142694158652
2021-08-05,18.61,18.66,18.6,18.64,6628818.0,1.0,0.6665142694158652
2021-08-06,18.65,18.65,18.52,18.63,7119292.0,1.0,0.6665142694158652
2021-08-09,18.63,18.63,18.42,18.51,12105265.0,1.0,0.6665142694158652
2021-08-10,18.6,18.6,18.42,18.45,21547407.0,1.0,0.6665142694158652
2021-08-11,18.45,18.47,18.33,18.42,16000877.0,1.0,0.6665142694158652
2021-08-12,18.43,18.47,18.34,18.35,18271358.0,1.0,0.6665142694158652
2021-08-13,18.35,18.38,18.22,18.24,26144769.0,1.0,0.6665142694158652
2021-08-16,18.2,18.2,18.04,18.2,36541481.0,1.0,0.6665142694158652
2021-08-17,17.92,17.92,17.73,17.73,40187828.0,0.9835164835164835,0.6776848996295389
2021-08-18,17.7,17.86,17.55,17.86,20385072.0,1.0,0.6776848996295389
2021-08-19,17.82,17.82,17.52,17.56,26316312.0,1.0,0.6776848996295389
2021-08-20,17.56,17.63,17.35,17.46,18053459.0,1.0,0.6776848996295389
2021-08-23,17.56,17.73,17.56,17.66,11249869.0,1.0,0.6776848996295389
2021-08-24,17.76,17.77,17.69,17.76,7280197.0,1.0,0.6776848996295389
2021-08-25,17.78,17.89,17.77,17.86,7703581.0,1.0,0.6776848996295389
2021-08-26,17.9,17.9,17.75,17.8,12127963.0,1.0,0.6776848996295389
2021-08-27,17.8,18.0,17.77,17.98,7038740.0,1.0,0.6776848996295389
2021-08-30,18.01,18.12,18.0,18.12,7845117.0,1.0,0.6776848996295389
2021-08-31,18.12,18.18,18.0,18.18,8588226.0,1.0,0.6776848996295389
2021-09-01,18.15,18.21,18.14,18.19,7367029.0,1.0,0.6776848996295389
2021-09-02,18.17,18.18,18.0,18.05,10211576.0,1.0,0.6776848996295389
2021-09-03,18.1,18.2,18.07,18.15,9225346.0,1.0,0.6776848996295389
2021-09-06,18.15,18.25,18.1,18.15,10415240.0,1.0,0.6776848996295389
2021-09-07,18.15,18.17,18.05,18.15,6885438.0,1.0,0.6776848996295389
2021-09-08,18.15,18.15,17.96,18.02,18828894.0,1.0,0.6776848996295389
2021-09-09,17.97,18.03,17.9,18.01,7481073.0,1.0,0.6776848996295389
2021-09-10,18.03,18.17,18.02,18.15,5113650.0,1.0,0.6776848996295389
2021-09-13,18.15,18.24,18.12,18.2,8418696.0,1.0,0.6776848996295389
2021-09-14,18.21,18.3,18.21,18.25,5277324.0,1.0,0.6776848996295389
2021-09-15,18.25,18.26,18.15,18.24,6081746.0,1.0,0.6776848996295389
2021-09-16,18.25,18.28,18.18,18.25,8014213.0,1.0,0.6776848996295389
2021-09-17,18.25,18.36,18.2,18.3,7708885.0,1.0,0.6776848996295389
2021-09-22,18.03,18.13,17.95,18.12,20784953.0,1.0,0.6776848996295389
2021-09-23,18.25,18.31,18.18,18.3,6795810.0,1.0,0.6776848996295389
2021-09-24,18.42,18.45,18.34,18.35,7843376.0,1.0,0.6776848996295389
2021-09-27,18.38,18.46,18.35,18.42,6761204.0,1.0,0.6776848996295389
2021-09-28,18.4,18.4,18.23,18.37,8151108.0,1.0,0.6776848996295389
2021-09-29,18.23,18.23,18.12,18.16,21387622.0,1.0,0.6776848996295389
2021-09-30,18.15,18.23,18.11,18.21,6475286.0,1.0,0.6776848996295389
2021-10-01,18.14,18.14,17.99,18.03,30225204.0,1.0,0.6776848996295389
2021-10-04,18.06,18.09,17.9,17.95,22051275.0,1.0,0.6776848996295389
2021-10-05,17.9,17.99,17.77,17.96,22402272.0,1.0,0.6776848996295389
2021-10-06,18.01,18.04,17.91,17.99,15487143.0,1.0,0.6776848996295389
2021-10-07,18.05,18.22,18.05,18.2,9501932.0,1.0,0.6776848996295389
2021-10-08,18.26,18.26,18.16,18.18,8985907.0,1.0,0.6776848996295389
2021-10-12,18.13,18.13,17.93,18.06,13795027.0,1.0,0.6776848996295389
2021-10-13,18.08,18.17,17.99,18.03,9719687.0,1.0,0.6776848996295389
2021-10-14,18.13,18.16,18.02,18.05,6333255.0,1.0,0.6776848996295389
2021-10-15,18.15,18.2,18.08,18.16,6422199.0,1.0,0.6776848996295389
2021-10-18,18.22,18.26,18.16,18.18,7590627.0,1.0,0.6776848996295389
2021-10-19,18.21,18.24,18.14,18.19,5181662.0,1.0,0.6776848996295389
2021-10-20,18.2,18.23,18.18,18.19,6685341.0,1.0,0.6776848996295389
2021-10-21,18.19,18.28,18.15,18.18,9096785.0,1.0,0.6776848996295389
2021-10-22,18.2,18.23,18.15,18.19,7640766.0,1.0,0.6776848996295389
2021-10-25,18.2,18.26,18.16,18.24,8256351.0,1.0,0.6776848996295389
2021-10-26,18.25,18.35,18.25,18.33,9299726.0,1.0,0.6776848996295389
2021-10-27,18.32,18.37,18.28,18.36,6541668.0,1.0,0.6776848996295389
2021-10-28,18.36,18.41,18.33,18.38,5760226.0,1.0,0.6776848996295389
2021-10-29,18.38,18.38,18.24,18.32,12561849.0,1.0,0.6776848996295389
2021-11-01,18.32,18.37,18.3,18.32,7049051.0,1.0,0.6776848996295389
2021-11-02,18.4,18.46,18.32,18.34,19822935.0,1.0,0.6776848996295389
2021-11-03,18.4,18.42,18.36,18.41,13476176.0,1.0,0.6776848996295389
2021-11-04,18.46,18.47,18.41,18.42,13222948.0,1.0,0.6776848996295389
2021-11-05,18.43,18.44,18.35,18.44,15075721.0,1.0,0.6776848996295389
2021-11-08,18.49,18.55,18.45,18.55,16192339.0,1.0,0.6776848996295389
2021-11-09,18.6,18.65,18.58,18.65,18098355.0,1.0,0.6776848996295389
2021-11-10,18.67,18.7,18.65,18.69,15024324.0,1.0,0.6776848996295389
2021-11-11,18.69,18.69,18.62,18.67,16570154.0,1.0,0.6776848996295389
2021-11-12,18.7,18.73,18.69,18.73,17541019.0,1.0,0.6776848996295389
2021-11-15,18.81,18.88,18.8,18.85,39297180.0,1.0,0.6776848996295389
2021-11-16,18.66,18.67,18.56,18.58,52284392.0,0.9851458885941644,0.6879030887461933
2021-11-17,18.6,18.67,18.57,18.65,19156410.0,1.0,0.6879030887461933
2021-11-18,18.68,18.8,18.67,18.77,15227922.0,1.0,0.6879030887461933
2021-11-19,18.8,18.82,18.68,18.71,14496790.0,1.0,0.6879030887461933
2021-11-22,18.72,18.75,18.7,18.74,7837434.0,1.0,0.6879030887461933
2021-11-23,18.69,18.69,18.56,18.62,13440152.0,1.0,0.6879030887461933
2021-11-24,18.62,18.7,18.61,18.67,7639807.0,1.0,0.6879030887461933
2021-11-25,18.68,18.72,18.65,18.72,6206120.0,1.0,0.6879030887461933
2021-11-26,18.68,18.68,18.49,18.49,33548919.0,1.0,0.6879030887461933
2021-11-29,18.39,18.46,18.25,18.4,23844150.0,1.0,0.6879030887461933
2021-11-30,18.47,18.53,18.4,18.42,10703713.0,1.0,0.6879030887461933
2021-12-01,18.36,18.57,18.34,18.55,7733286.0,1.0,0.6879030887461933
2021-12-02,18.5,18.6,18.44,18.55,7335365.0,1.0,0.6879030887461933
2021-12-03,18.57,18.66,18.55,18.66,7694370.0,1.0,0.6879030887461933
2021-12-06,18.63,18.7,18.5,18.7,10366673.0,1.0,0.6879030887461933
2021-12-07,18.7,18.77,18.61,18.76,10601080.0,1.0,0.6879030887461933
2021-12-08,18.81,18.85,18.76,18.8,13255400.0,1.0,0.6879030887461933
2021-12-09,18.8,18.84,18.77,18.82,12078658.0,1.0,0.6879030887461933
2021-12-10,18.82,18.89,18.8,18.84,12293167.0,1.0,0.6879030887461933
2021-12-13,18.85,18.93,18.82,18.82,12156706.0,1.0,0.6879030887461933
2021-12-14,18.81,18.81,18.66,18.7,15448946.0,1.0,0.6879030887461933
2021-12-15,18.7,18.78,18.66,18.74,8346393.0,1.0,0.6879030887461933
2021-12-16,18.85,18.88,18.8,18.85,10397059.0,1.0,0.6879030887461933
2021-12-17,18.85,18.88,18.81,18.86,8004740.0,1.0,0.6879030887461933
2021-12-20,18.85,18.85,18.71,18.75,15361211.0,1.0,0.6879030887461933
2021-12-21,18.75,18.89,18.74,18.84,7625601.0,1.0,0.6879030887461933
2021-12-22,18.88,18.9,18.85,18.87,6552996.0,1.0,0.6879030887461933
2021-12-23,18.9,18.96,18.9,18.91,8838825.0,1.0,0.6879030887461933
2021-12-24,18.99,18.99,18.94,18.94,7230053.0,1.0,0.6879030887461933
2021-12-27,18.96,19.03,18.96,19.02,10162074.0,1.0,0.6879030887461933
2021-12-28,19.05,19.11,19.05,19.1,11391516.0,1.0,0.6879030887461933
2021-12-29,19.1,19.19,19.1,19.17,11342814.0,1.0,0.6879030887461933
2021-12-30,19.17,19.18,19.14,19.17,8930953.0,1.0,0.6879030887461933
2022-01-03,19.2,19.25,19.06,19.1,20083556.0,1.0,0.6879030887461933
2022-01-04,19.1,19.19,19.1,19.18,12709620.0,1.0,0.6879030887461933
2022-01-05,19.18,19.22,19.11,19.17,11167650.0,1.0,0.6879030887461933
2022-01-06,19.14,19.2,19.1,19.15,15722767.0,1.0,0.6879030887461933
2022-01-07,19.2,19.27,19.07,19.11,15095039.0,1.0,0.6879030887461933
2022-01-10,19.16,19.18,19.06,19.17,11992294.0,1.0,0.6879030887461933
2022-01-11,19.17,19.3,19.13,19.25,11882598.0,1.0,0.6879030887461933
2022-01-12,19.29,19.35,19.29,19.35,12248373.0,1.0,0.6879030887461933
2022-01-13,19.37,19.49,19.37,19.48,12894566.0,1.0,0.6879030887461933
2022-01-14,19.47,19.47,19.27,19.4,19741873.0,1.0,0.6879030887461933
2022-01-17,19.4,19.41,19.34,19.37,14156020.0,1.0,0.6879030887461933
2022-01-18,19.4,19.51,19.4,19.44,11781490.0,1.0,0.6879030887461933
2022-01-19,19.4,19.46,19.34,19.41,15585285.0,1.0,0.6879030887461933
2022-01-20,19.41,19.44,19.35,19.41,8064372.0,1.0,0.6879030887461933
2022-01-21,19.36,19.36,19.14,19.17,36100478.0,1.0,0.6879030887461933
2022-01-24,19.11,19.16,18.96,19.16,23183271.0,1.0,0.6879030887461933
2022-01-25,19.01,19.02,18.91,18.96,35811289.0,1.0,0.6879030887461933
2022-01-26,18.9,19.06,18.9,19.01,14825749.0,1.0,0.6879030887461933
2022-02-07,19.18,19.31,19.05,19.29,24269171.0,1.0,0.6879030887461933
2022-02-08,19.4,19.5,19.35,19.48,27442141.0,1.0,0.6879030887461933
2022-02-09,19.52,19.6,19.49,19.6,29718069.0,1.0,0.6879030887461933
2022-02-10,19.65,19.66,19.53,19.65,27864355.0,1.0,0.6879030887461933
2022-02-11,19.56,19.62,19.52,19.62,30473871.0,1.0,0.6879030887461933
2022-02-14,19.53,19.56,19.35,19.48,68596266.0,1.0,0.6879030887461933
2022-02-15,19.5,19.59,19.41,19.44,61490643.0,1.0,0.6879030887461933
2022-02-16,19.58,19.59,19.49,19.52,36433132.0,1.0,0.6879030887461933
2022-02-17,19.58,19.68,19.56,19.62,37056558.0,1.0,0.6879030887461933
2022-02-18,19.56,19.72,19.51,19.7,68560252.0,1.0,0.6879030887461933
2022-02-21,19.7,19.78,19.61,19.75,103146871.0,1.0,0.6879030887461933
2022-02-22,19.42,19.46,19.36,19.36,122747853.0,0.9848101265822784,0.6985134191638724
2022-02-23,19.34,19.38,19.29,19.34,60950557.0,1.0,0.6985134191638724
2022-02-24,19.27,19.27,19.01,19.01,121258176.0,1.0,0.6985134191638724
2022-02-25,19.09,19.18,18.94,19.02,80813566.0,1.0,0.6985134191638724
2022-03-01,19.12,19.31,19.1,19.29,28760041.0,1.0,0.6985134191638724
2022-03-02,19.27,19.31,19.2,19.29,21708976.0,1.0,0.6985134191638724
2022-03-03,19.36,19.39,19.32,19.34,16166518.0,1.0,0.6985134191638724
2022-03-04,19.22,19.27,19.12,19.19,38554000.0,1.0,0.6985134191638724
2022-03-07,19.0,19.02,18.76,18.8,122585168.0,1.0,0.6985134191638724
2022-03-08,18.56,18.69,18.46,18.49,108346456.0,1.0,0.6985134191638724
2022-03-09,18.6,18.7,18.56,18.63,34858822.0,1.0,0.6985134191638724
2022-03-10,18.88,18.99,18.85,18.96,28406606.0,1.0,0.6985134191638724
2022-03-11,18.96,18.97,18.87,18.88,22939675.0,1.0,0.6985134191638724
2022-03-14,18.92,19.01,18.88,19.0,18939643.0,1.0,0.6985134191638724
2022-03-15,18.99,18.99,18.79,18.85,32417569.0,1.0,0.6985134191638724
2022-03-16,18.99,19.0,18.84,18.99,21317623.0,1.0,0.6985134191638724
2022-03-17,19.19,19.28,19.09,19.23,29179466.0,1.0,0.6985134191638724
2022-03-18,19.24,19.26,19.18,19.23,17641995.0,1.0,0.6985134191638724
2022-03-21,19.26,19.34,19.23,19.26,18051154.0,1.0,0.6985134191638724
2022-03-22,19.28,19.29,19.23,19.29,16192654.0,1.0,0.6985134191638724
2022-03-23,19.34,19.42,19.34,19.39,20685552.0,1.0,0.6985134191638724
2022-03-24,19.36,19.39,19.28,19.38,12943161.0,1.0,0.6985134191638724
2022-03-25,19.36,19.38,19.27,19.32,17590698.0,1.0,0.6985134191638724
2022-03-28,19.23,19.31,19.11,19.31,31918050.0,1.0,0.6985134191638724
2022-03-29,19.32,19.33,19.25,19.26,14942565.0,1.0,0.6985134191638724
2022-03-30,19.34,19.4,19.33,19.37,15070873.0,1.0,0.6985134191638724
2022-03-31,19.38,19.42,19.35,19.35,18080369.0,1.0,0.6985134191638724
2022-04-01,19.27,19.34,19.2,19.34,19583848.0,1.0,0.6985134191638724
2022-04-06,19.3,19.41,19.24,19.4,27179599.0,1.0,0.6985134191638724
2022-04-07,19.35,19.42,19.23,19.23,38663608.0,1.0,0.6985134191638724
2022-04-08,19.3,19.33,19.2,19.32,15626889.0,1.0,0.6985134191638724
2022-04-11,19.34,19.39,19.12,19.2,40635162.0,1.0,0.6985134191638724
2022-04-12,19.18,19.18,19.1,19.11,36206853.0,1.0,0.6985134191638724
2022-04-13,19.18,19.29,19.17,19.27,16387608.0,1.0,0.6985134191638724
2022-04-14,19.29,19.29,19.12,19.12,29080630.0,1.0,0.6985134191638724
2022-04-15,19.08,19.11,19.0,19.03,38370033.0,1.0,0.6985134191638724
2022-04-18,19.0,19.0,18.85,18.92,66339977.0,1.0,0.6985134191638724
2022-04-19,18.95,19.07,18.95,18.95,21672446.0,1.0,0.6985134191638724
2022-04-20,18.97,19.0,18.87,18.97,27547257.0,1.0,0.6985134191638724
2022-04-21,19.03,19.05,18.95,18.97,19840675.0,1.0,0.6985134191638724
2022-04-22,18.85,19.01,18.8,19.0,34841943.0,1.0,0.6985134191638724
2022-04-25,18.76,18.79,18.66,18.75,77150627.0,1.0,0.6985134191638724
2022-04-26,18.79,18.87,18.77,18.8,24546644.0,1.0,0.6985134191638724
2022-04-27,18.65,18.68,18.55,18.6,66854455.0,1.0,0.6985134191638724
2022-04-28,18.6,18.69,18.53,18.67,28628605.0,1.0,0.6985134191638724
2022-04-29,18.79,18.85,18.72,18.82,31496676.0,1.0,0.6985134191638724
2022-05-03,18.82,18.82,18.69,18.75,27384578.0,1.0,0.6985134191638724
2022-05-04,18.81,18.84,18.76,18.83,42647226.0,1.0,0.6985134191638724
2022-05-05,19.0,19.02,18.84,18.87,38382232.0,1.0,0.6985134191638724
2022-05-06,18.61,18.7,18.56,18.67,93867803.0,1.0,0.6985134191638724
2022-05-09,18.6,18.6,18.34,18.34,122213360.0,1.0,0.6985134191638724
2022-05-10,18.23,18.37,18.11,18.34,59279110.0,1.0,0.6985134191638724
2022-05-11,18.29,18.3,18.16,18.18,53430112.0,1.0,0.6985134191638724
2022-05-12,18.14,18.14,17.83,17.83,114821738.0,1.0,0.6985134191638724
2022-05-13,17.9,17.98,17.84,17.9,45342749.0,1.0,0.6985134191638724
2022-05-16,18.07,18.08,17.77,17.9,87731174.0,1.0,0.6985134191638724
2022-05-17,17.93,17.96,17.89,17.89,82328396.0,1.0,0.6985134191638724
2022-05-18,17.6,17.77,17.58,17.74,69544324.0,0.9821129122414757,0.7112353482550756
2022-05-19,17.56,17.57,17.47,17.53,54147818.0,1.0,0.7112353482550756
2022-05-20,17.61,17.65,17.55,17.59,19665400.0,1.0,0.7112353482550756
2022-05-23,17.65,17.65,17.42,17.5,40207718.0,1.0,0.7112353482550756
2022-05-24,17.5,17.53,17.38,17.38,50314848.0,1.0,0.7112353482550756
2022-05-25,17.38,17.5,17.34,17.48,20541009.0,1.0,0.7112353482550756
2022-05-26,17.54,17.58,17.41,17.42,31175900.0,1.0,0.7112353482550756
2022-05-27,17.52,17.63,17.51,17.6,20447377.0,1.0,0.7112353482550756
2022-05-30,17.76,17.86,17.75,17.86,28158486.0,1.0,0.7112353482550756
2022-05-31,17.8,17.87,17.68,17.87,32762470.0,1.0,0.7112353482550756
2022-06-01,17.86,18.0,17.83,17.9,35150818.0,1.0,0.7112353482550756
2022-06-02,17.82,17.88,17.76,17.82,25168659.0,1.0,0.7112353482550756
2022-06-06,17.82,17.85,17.7,17.8,32215968.0,1.0,0.7112353482550756
2022-06-07,17.76,17.78,17.68,17.71,27304125.0,1.0,0.7112353482550756
2022-06-08,17.8,17.85,17.79,17.8,14064241.0,1.0,0.7112353482550756
2022-06-09,17.77,17.77,17.69,17.7,27319025.0,1.0,0.7112353482550756
2022-06-10,17.58,17.66,17.52,17.61,32743046.0,1.0,0.7112353482550756
2022-06-13,17.37,17.4,17.26,17.34,84925218.0,1.0,0.7112353482550756
2022-06-14,17.3,17.4,17.23,17.35,43764748.0,1.0,0.7112353482550756
2022-06-15,17.35,17.4,17.31,17.32,20428530.0,1.0,0.7112353482550756
2022-06-16,17.5,17.55,17.23,17.25,35001122.0,1.0,0.7112353482550756
2022-06-17,17.1,17.14,17.0,17.08,91280631.0,1.0,0.7112353482550756
2022-06-20,17.05,17.12,16.82,16.82,84640383.0,1.0,0.7112353482550756
2022-06-21,16.97,17.2,16.91,17.18,29716945.0,1.0,0.7112353482550756
2022-06-22,17.18,17.19,16.92,16.95,43094184.0,1.0,0.7112353482550756
2022-06-23,17.03,17.13,16.9,16.96,39146125.0,1.0,0.7112353482550756
2022-06-24,17.09,17.19,17.01,17.06,24405732.0,1.0,0.7112353482550756
2022-06-27,17.22,17.28,17.19,17.21,27808304.0,1.0,0.7112353482550756
2022-06-28,17.23,17.23,17.07,17.11,23037971.0,1.0,0.7112353482550756
2022-06-29,17.0,17.05,16.97,17.02,29269278.0,1.0,0.7112353482550756
2022-06-30,16.99,16.99,16.66,16.66,103350566.0,1.0,0.7112353482550756
2022-07-01,16.67,16.68,16.39,16.39,89260485.0,1.0,0.7112353482550756
2022-07-04,16.45,16.6,16.29,16.35,51559182.0,1.0,0.7112353482550756
2022-07-05,16.57,16.63,16.26,16.4,42935241.0,1.0,0.7112353482550756
2022-07-06,16.42,16.42,16.06,16.06,68824538.0,1.0,0.7112353482550756
2022-07-07,16.11,16.28,15.95,16.21,40993747.0,1.0,0.7112353482550756
2022-07-08,16.32,16.39,16.19,16.26,40852538.0,1.0,0.7112353482550756
2022-07-11,16.35,16.35,16.17,16.2,25523388.0,1.0,0.7112353482550756
2022-07-12,16.12,16.13,15.9,15.97,73312615.0,1.0,0.7112353482550756
2022-07-13,16.28,16.38,16.24,16.31,36099220.0,1.0,0.7112353482550756
2022-07-14,16.25,16.38,16.21,16.34,49990308.0,1.0,0.7112353482550756
2022-07-15,16.36,16.36,16.18,16.18,49782095.0,1.0,0.7112353482550756
2022-07-18,16.3,16.34,16.15,16.31,30550852.0,1.0,0.7112353482550756
2022-07-19,16.31,16.35,16.22,16.31,21112917.0,1.0,0.7112353482550756
2022-07-20,16.5,16.55,16.41,16.42,40467429.0,1.0,0.7112353482550756
2022-07-21,16.46,16.58,16.37,16.56,23405785.0,1.0,0.7112353482550756
2022-07-22,16.6,16.6,16.48,16.58,27370249.0,1.0,0.7112353482550756
2022-07-25,16.58,16.73,16.51,16.7,24522854.0,1.0,0.7112353482550756
2022-07-26,16.69,16.72,16.62,16.64,30851707.0,1.0,0.7112353482550756
2022-07-27,16.65,16.75,16.63,16.74,19662844.0,1.0,0.7112353482550756
2022-07-28,16.87,16.87,16.79,16.81,36533363.0,1.0,0.7112353482550756
2022-07-29,16.92,16.96,16.86,16.9,34826882.0,1.0,0.7112353482550756
2022-08-01,16.9,16.96,16.85,16.94,34230539.0,1.0,0.7112353482550756
2022-08-02,16.88,16.88,16.75,16.79,73682548.0,1.0,0.7112353482550756
2022-08-03,16.8,16.82,16.71,16.75,51715167.0,1.0,0.7112353482550756
2022-08-04,16.8,16.8,16.63,16.77,52331395.0,1.0,0.7112353482550756
2022-08-05,16.86,17.0,16.86,16.97,34827756.0,1.0,0.7112353482550756
2022-08-08,16.97,17.07,16.91,17.05,43792703.0,1.0,0.7112353482550756
2022-08-09,17.05,17.19,17.01,17.15,40894444.0,1.0,0.7112353482550756
2022-08-10,17.12,17.15,17.05,17.1,52439616.0,1.0,0.7112353482550756
2022-08-11,17.28,17.33,17.25,17.29,43129190.0,1.0,0.7112353482550756
2022-08-12,17.37,17.37,17.26,17.32,45850326.0,1.0,0.7112353482550756
2022-08-15,17.43,17.43,17.31,17.33,102936813.0,1.0,0.7112353482550756
2022-08-16,17.09,17.13,17.05,17.12,91806853.0,0.9838430467397575,0.7229154595460682
2022-08-17,17.12,17.14,17.09,17.11,45753825.0,1.0,0.7229154595460682
2022-08-18,17.11,17.15,17.05,17.15,36065571.0,1.0,0.7229154595460682
2022-08-19,17.17,17.21,17.13,17.17,36313080.0,1.0,0.7229154595460682
2022-08-22,17.1,17.19,17.06,17.17,44853580.0,1.0,0.7229154595460682
2022-08-23,17.14,17.14,17.03,17.03,88847949.0,1.0,0.7229154595460682
2022-08-24,17.03,17.1,17.0,17.0,52773853.0,1.0,0.7229154595460682
2022-08-25,17.09,17.15,17.02,17.07,26458115.0,1.0,0.7229154595460682
2022-08-26,17.17,17.19,17.15,17.15,32379011.0,1.0,0.7229154595460682
2022-08-29,16.9,17.02,16.84,16.91,136573357.0,1.0,0.7229154595460682
2022-08-30,16.94,17.06,16.9,16.98,50055833.0,1.0,0.7229154595460682
2022-08-31,16.96,17.05,16.92,17.03,41233271.0,1.0,0.7229154595460682
2022-09-01,16.92,16.93,16.81,16.85,137604934.0,1.0,0.7229154595460682
2022-09-02,16.89,16.89,16.8,16.8,77200714.0,1.0,0.7229154595460682
2022-09-05,16.8,16.89,16.8,16.84,35458396.0,1.0,0.7229154595460682
2022-09-06,16.89,16.95,16.81,16.84,36296983.0,1.0,0.7229154595460682
2022-09-07,16.8,16.8,16.66,16.69,91760447.0,1.0,0.7229154595460682
2022-09-08,16.76,16.95,16.74,16.94,31819566.0,1.0,0.7229154595460682
2022-09-12,17.12,17.14,17.01,17.1,33382551.0,1.0,0.7229154595460682
2022-09-13,17.15,17.2,17.15,17.18,25633960.0,1.0,0.7229154595460682
2022-09-14,16.88,17.02,16.87,16.96,55920711.0,1.0,0.7229154595460682
2022-09-15,16.98,17.1,16.94,17.06,23793893.0,1.0,0.7229154595460682
2022-09-16,16.98,16.99,16.89,16.9,69186687.0,1.0,0.7229154595460682
2022-09-19,16.94,16.95,16.85,16.88,40475982.0,1.0,0.7229154595460682
2022-09-20,16.92,16.95,16.88,16.92,18616572.0,1.0,0.7229154595460682
2022-09-21,16.91,16.91,16.78,16.8,73918839.0,1.0,0.7229154595460682
2022-09-22,16.67,16.68,16.51,16.62,107076669.0,1.0,0.7229154595460682
2022-09-23,16.63,16.66,16.52,16.56,68817545.0,1.0,0.7229154595460682
2022-09-26,16.41,16.44,16.29,16.29,147535022.0,1.0,0.7229154595460682
2022-09-27,16.35,16.41,16.22,16.27,59566989.0,1.0,0.7229154595460682
2022-09-28,16.33,16.35,16.01,16.05,108007453.0,1.0,0.7229154595460682
2022-09-29,16.21,16.25,16.02,16.11,77998919.0,1.0,0.7229154595460682
2022-09-30,16.0,16.07,15.97,16.04,80432540.0,1.0,0.7229154595460682
2022-10-03,15.91,15.97,15.86,15.87,95201530.0,1.0,0.7229154595460682
2022-10-04,16.03,16.13,16.0,16.08,43050156.0,1.0,0.7229154595460682
2022-10-05,16.19,16.26,16.15,16.21,43943534.0,1.0,0.7229154595460682
2022-10-06,16.25,16.28,16.17,16.18,42104404.0,1.0,0.7229154595460682
2022-10-07,16.15,16.15,16.07,16.07,35776746.0,1.0,0.7229154595460682
2022-10-11,15.87,15.87,15.77,15.78,141896628.0,1.0,0.7229154595460682
2022-10-12,15.79,15.91,15.72,15.86,49560827.0,1.0,0.7229154595460682
2022-10-13,15.85,15.86,15.62,15.63,101086601.0,1.0,0.7229154595460682
2022-10-14,15.89,15.89,15.7,15.7,43073199.0,1.0,0.7229154595460682
2022-10-17,15.61,15.63,15.47,15.58,87442813.0,1.0,0.7229154595460682
2022-10-18,15.8,15.8,15.54,15.61,45892324.0,1.0,0.7229154595460682
2022-10-19,15.62,15.74,15.6,15.6,35713103.0,1.0,0.7229154595460682
2022-10-20,15.45,15.54,15.33,15.51,63944446.0,1.0,0.7229154595460682
2022-10-21,15.51,15.6,15.47,15.5,32635006.0,1.0,0.7229154595460682
2022-10-24,15.7,15.72,15.47,15.49,37011371.0,1.0,0.7229154595460682
2022-10-25,15.53,15.58,15.36,15.44,48101031.0,1.0,0.7229154595460682
2022-10-26,15.5,15.62,15.42,15.58,29029460.0,1.0,0.7229154595460682
2022-10-27,15.65,15.72,15.63,15.64,21914012.0,1.0,0.7229154595460682
2022-10-28,15.64,15.68,15.55,15.6,29313475.0,1.0,0.7229154595460682
2022-10-31,15.68,15.74,15.63,15.7,26649653.0,1.0,0.7229154595460682
2022-11-01,15.74,15.82,15.69,15.79,26952494.0,1.0,0.7229154595460682
2022-11-02,15.85,15.86,15.78,15.82,59815175.0,1.0,0.7229154595460682
2022-11-03,15.69,15.8,15.65,15.78,49228320.0,1.0,0.7229154595460682
2022-11-04,15.75,15.84,15.68,15.84,39681319.0,1.0,0.7229154595460682
2022-11-07,15.96,16.06,15.91,16.05,41399568.0,1.0,0.7229154595460682
2022-11-08,16.17,16.18,16.1,16.15,43783326.0,1.0,0.7229154595460682
2022-11-09,16.24,16.29,16.17,16.26,37440266.0,1.0,0.7229154595460682
2022-11-10,16.24,16.25,16.15,16.17,41297711.0,1.0,0.7229154595460682
2022-11-11,16.51,16.52,16.31,16.48,59192850.0,1.0,0.7229154595460682
2022-11-14,16.58,16.76,16.56,16.74,71685768.0,1.0,0.7229154595460682
2022-11-15,16.74,16.78,16.6,16.77,81526839.0,1.0,0.7229154595460682
2022-11-16,16.55,16.56,16.41,16.42,85966069.0,0.983303518187239,0.7351905552812349
2022-11-17,16.42,16.43,16.27,16.37,44708834.0,1.0,0.7351905552812349
2022-11-18,16.37,16.43,16.24,16.25,56064071.0,1.0,0.7351905552812349
2022-11-21,16.25,16.25,16.12,16.15,44144226.0,1.0,0.7351905552812349
2022-11-22,16.13,16.13,16.04,16.1,39730305.0,1.0,0.7351905552812349
2022-11-23,16.2,16.3,16.17,16.28,26635395.0,1.0,0.7351905552812349
2022-11-24,16.35,16.38,16.3,16.35,32755482.0,1.0,0.7351905552812349
2022-11-25,16.37,16.43,16.37,16.4,34584918.0,1.0,0.7351905552812349
2022-11-28,16.26,16.39,16.22,16.34,47343496.0,1.0,0.7351905552812349
2022-11-29,16.33,16.48,16.28,16.46,24211044.0,1.0,0.7351905552812349
2022-11-30,16.47,16.65,16.45,16.65,36057697.0,1.0,0.7351905552812349
2022-12-01,16.78,16.79,16.65,16.68,52015957.0,1.0,0.7351905552812349
2022-12-02,16.65,16.65,16.59,16.61,33109059.0,1.0,0.7351905552812349
2022-12-05,16.62,16.74,16.61,16.67,37676453.0,1.0,0.7351905552812349
2022-12-06,16.63,16.64,16.45,16.45,75691711.0,1.0,0.7351905552812349
2022-12-07,16.41,16.51,16.37,16.4,38820558.0,1.0,0.7351905552812349
2022-12-08,16.4,16.41,16.23,16.32,52723226.0,1.0,0.7351905552812349
2022-12-09,16.39,16.44,16.33,16.41,23216665.0,1.0,0.7351905552812349
2022-12-12,16.36,16.42,16.23,16.42,44324991.0,1.0,0.7351905552812349
2022-12-13,16.44,16.48,16.29,16.29,55461972.0,1.0,0.7351905552812349
2022-12-14,16.35,16.47,16.35,16.46,21318578.0,1.0,0.7351905552812349
2022-12-15,16.43,16.46,16.37,16.44,20997159.0,1.0,0.7351905552812349
2022-12-16,16.23,16.33,16.2,16.31,95576000.0,1.0,0.7351905552812349
2022-12-19,16.28,16.29,16.19,16.25,47837836.0,1.0,0.7351905552812349
2022-12-20,16.26,16.26,16.07,16.1,121070992.0,1.0,0.7351905552812349
2022-12-21,16.1,16.13,16.04,16.07,69650187.0,1.0,0.7351905552812349
2022-12-22,16.15,16.27,16.14,16.27,24530955.0,1.0,0.7351905552812349
2022-12-23,16.17,16.23,16.1,16.19,32714486.0,1.0,0.7351905552812349
2022-12-26,16.22,16.25,16.2,16.23,19305402.0,1.0,0.7351905552812349
2022-12-27,16.26,16.32,16.25,16.27,18852379.0,1.0,0.7351905552812349
2022-12-28,16.25,16.25,16.14,16.17,48771794.0,1.0,0.7351905552812349
2022-12-29,16.1,16.16,16.02,16.09,57257079.0,1.0,0.7351905552812349
2022-12-30,16.18,16.22,16.16,16.17,21052740.0,1.0,0.7351905552812349
2023-01-03,16.15,16.24,16.04,16.18,46441882.0,1.0,0.7351905552812349
2023-01-04,16.18,16.26,16.17,16.23,21230742.0,1.0,0.7351905552812349
2023-01-05,16.28,16.36,16.28,16.32,23836104.0,1.0,0.7351905552812349
2023-01-06,16.32,16.43,16.32,16.41,29339092.0,1.0,0.7351905552812349
2023-01-09,16.56,16.66,16.51,16.66,68223833.0,1.0,0.7351905552812349
2023-01-10,16.66,16.69,16.6,16.68,40048366.0,1.0,0.7351905552812349
2023-01-11,16.7,16.72,16.62,16.67,23056571.0,1.0,0.7351905552812349
2023-01-12,16.69,16.69,16.57,16.59,34653907.0,1.0,0.7351905552812349
2023-01-13,16.66,16.71,16.61,16.62,33124175.0,1.0,0.7351905552812349
2023-01-16,16.64,16.74,16.63,16.7,45649229.0,1.0,0.7351905552812349
2023-01-17,16.74,16.74,16.68,16.72,31884754.0,1.0,0.7351905552812349
2023-01-30,16.93,17.06,16.9,17.01,89249860.0,1.0,0.7351905552812349
2023-01-31,17.01,17.03,16.88,16.88,71900204.0,1.0,0.7351905552812349
2023-02-01,16.95,17.0,16.89,17.0,45945962.0,1.0,0.7351905552812349
2023-02-02,17.13,17.13,17.0,17.12,92709193.0,1.0,0.7351905552812349
2023-02-03,17.13,17.13,17.03,17.1,80667431.0,1.0,0.7351905552812349
2023-02-06,17.09,17.11,17.03,17.05,129787412.0,1.0,0.7351905552812349
2023-02-07,17.06,17.1,17.04,17.06,72866010.0,1.0,0.7351905552812349
2023-02-08,17.12,17.16,17.1,17.15,58317896.0,1.0,0.7351905552812349
2023-02-09,17.1,17.13,17.09,17.11,74027615.0,1.0,0.7351905552812349
2023-02-10,17.11,17.11,17.02,17.06,123876642.0,1.0,0.7351905552812349
2023-02-13,17.08,17.16,17.0,17.12,119482054.0,1.0,0.7351905552812349
2023-02-14,17.16,17.26,17.16,17.24,99701236.0,1.0,0.7351905552812349
2023-02-15,17.24,17.24,17.15,17.16,199715954.0,1.0,0.7351905552812349
2023-02-16,16.97,17.1,16.96,17.03,145267925.0,0.9842657342657343,0.7469431574082884
2023-02-17,17.0,17.05,16.99,17.04,92788907.0,1.0,0.7469431574082884
2023-02-20,17.07,17.15,17.04,17.13,53874215.0,1.0,0.7469431574082884
2023-02-21,17.13,17.14,17.1,17.12,39502045.0,1.0,0.7469431574082884
2023-02-22,17.01,17.09,16.97,17.06,121421003.0,1.0,0.7469431574082884
2023-02-23,17.07,17.2,17.07,17.17,59714013.0,1.0,0.7469431574082884
2023-02-24,17.18,17.21,17.1,17.1,59179696.0,1.0,0.7469431574082884
2023-03-01,17.07,17.07,17.0,17.03,111230002.0,1.0,0.7469431574082884
2023-03-02,17.05,17.1,16.94,17.08,128852038.0,1.0,0.7469431574082884
2023-03-03,17.1,17.15,17.1,17.13,37167733.0,1.0,0.7469431574082884
2023-03-06,17.21,17.28,17.17,17.23,82596909.0,1.0,0.7469431574082884
2023-03-07,17.25,17.34,17.24,17.31,49596062.0,1.0,0.7469431574082884
2023-03-08,17.28,17.31,17.24,17.31,50679217.0,1.0,0.7469431574082884
2023-03-09,17.33,17.33,17.21,17.21,74884735.0,1.0,0.7469431574082884
2023-03-10,17.13,17.13,17.05,17.05,172905183.0,1.0,0.7469431574082884
2023-03-13,17.0,17.07,16.87,16.98,203075083.0,1.0,0.7469431574082884
2023-03-14,16.91,16.94,16.84,16.85,240386336.0,1.0,0.7469431574082884
2023-03-15,16.91,16.95,16.85,16.85,97748821.0,1.0,0.7469431574082884
2023-03-16,16.8,16.85,16.75,16.76,154610367.0,1.0,0.7469431574082884
2023-03-17,16.83,16.94,16.83,16.92,56985204.0,1.0,0.7469431574082884
2023-03-20,16.92,16.95,16.84,16.86,80954383.0,1.0,0.7469431574082884
2023-03-21,16.9,16.99,16.9,16.93,35189962.0,1.0,0.7469431574082884
2023-03-22,16.99,17.12,16.99,17.1,60504029.0,1.0,0.7469431574082884
2023-03-23,17.1,17.22,17.07,17.17,88261310.0,1.0,0.7469431574082884
2023-03-24,17.2,17.25,17.17,17.22,70161529.0,1.0,0.7469431574082884
2023-03-27,17.22,17.25,17.19,17.22,55475140.0,1.0,0.7469431574082884
2023-03-28,17.22,17.24,17.15,17.16,40164524.0,1.0,0.7469431574082884
2023-03-29,17.16,17.24,17.16,17.2,29421390.0,1.0,0.7469431574082884
2023-03-30,17.23,17.28,17.21,17.25,44123290.0,1.0,0.7469431574082884
2023-03-31,17.27,17.4,17.27,17.34,72849897.0,1.0,0.7469431574082884
2023-04-06,17.33,17.36,17.25,17.35,59592132.0,1.0,0.7469431574082884
2023-04-07,17.36,17.4,17.34,17.36,33452607.0,1.0,0.7469431574082884
2023-04-10,17.36,17.42,17.35,17.4,41314937.0,1.0,0.7469431574082884
2023-04-11,17.4,17.53,17.4,17.5,55857400.0,1.0,0.7469431574082884
2023-04-12,17.51,17.6,17.51,17.59,40776724.0,1.0,0.7469431574082884
2023-04-13,17.6,17.61,17.53,17.57,45410301.0,1.0,0.7469431574082884
2023-04-14,17.59,17.62,17.54,17.61,42697351.0,1.0,0.7469431574082884
2023-04-17,17.61,17.63,17.58,17.63,40989581.0,1.0,0.7469431574082884
2023-04-18,17.63,17.64,17.58,17.62,38243822.0,1.0,0.7469431574082884
2023-04-19,17.62,17.71,17.6,17.61,39329569.0,1.0,0.7469431574082884
2023-04-20,17.6,17.6,17.5,17.52,53051427.0,1.0,0.7469431574082884
2023-04-21,17.52,17.6,17.46,17.47,45462443.0,1.0,0.7469431574082884
2023-04-24,17.47,17.53,17.44,17.51,29672382.0,1.0,0.7469431574082884
2023-04-25,17.52,17.55,17.31,17.33,95538845.0,1.0,0.7469431574082884
2023-04-26,17.31,17.39,17.28,17.38,51135941.0,1.0,0.7469431574082884
2023-04-27,17.38,17.5,17.34,17.45,29980917.0,1.0,0.7469431574082884
2023-04-28,17.55,17.6,17.52,17.56,35632974.0,1.0,0.7469431574082884
2023-05-02,17.58,17.7,17.58,17.68,47135344.0,1.0,0.7469431574082884
2023-05-03,17.68,17.72,17.65,17.69,97295427.0,1.0,0.7469431574082884
2023-05-04,17.69,17.74,17.65,17.73,67963539.0,1.0,0.7469431574082884
2023-05-05,17.74,17.76,17.67,17.68,75972714.0,1.0,0.7469431574082884
2023-05-08,17.73,17.79,17.73,17.75,68813416.0,1.0,0.7469431574082884
2023-05-09,17.75,17.8,17.72,17.78,49201994.0,1.0,0.7469431574082884
2023-05-10,17.8,17.81,17.7,17.75,79815609.0,1.0,0.7469431574082884
2023-05-11,17.78,17.81,17.72,17.75,59118676.0,1.0,0.7469431574082884
2023-05-12,17.75,17.81,17.7,17.79,65243896.0,1.0,0.7469431574082884
2023-05-15,17.79,17.85,17.76,17.83,117800312.0,1.0,0.7469431574082884
2023-05-16,17.86,17.97,17.86,17.97,98195003.0,1.0,0.7469431574082884
2023-05-17,17.8,17.86,17.74,17.84,116636133.0,0.984974958263773,0.7583372055721437
2023-05-18,17.88,17.95,17.87,17.94,79729239.0,1.0,0.7583372055721437
2023-05-19,17.95,18.04,17.93,18.02,114314120.0,1.0,0.7583372055721437
2023-05-22,18.02,18.07,18.01,18.02,58866897.0,1.0,0.7583372055721437
2023-05-23,18.02,18.05,17.95,18.01,56575741.0,1.0,0.7583372055721437
2023-05-24,17.98,17.98,17.91,17.98,62151360.0,1.0,0.7583372055721437
2023-05-25,18.0,18.05,17.95,18.05,54357262.0,1.0,0.7583372055721437
2023-05-26,18.06,18.23,18.06,18.17,68217910.0,1.0,0.7583372055721437
2023-05-29,18.26,18.41,18.26,18.36,71560638.0,1.0,0.7583372055721437
2023-05-30,18.38,18.44,18.26,18.34,61561361.0,1.0,0.7583372055721437
2023-05-31,18.34,18.39,18.28,18.31,41033852.0,1.0,0.7583372055721437
2023-06-01,18.31,18.31,18.22,18.25,43750542.0,1.0,0.7583372055721437
2023-06-02,18.26,18.67,18.26,18.58,109143587.0,1.0,0.7583372055721437
2023-06-05,18.65,18.68,18.55,18.62,55702951.0,1.0,0.7583372055721437
2023-06-06,18.64,18.7,18.6,18.65,50526834.0,1.0,0.7583372055721437
2023-06-07,18.66,18.79,18.66,18.78,43221230.0,1.0,0.7583372055721437
2023-06-08,18.78,18.8,18.67,18.7,72427527.0,1.0,0.7583372055721437
2023-06-09,18.73,18.99,18.73,18.97,72817962.0,1.0,0.7583372055721437
2023-06-12,18.99,19.13,18.93,18.96,89917428.0,1.0,0.7583372055721437
2023-06-13,18.99,19.23,18.99,19.15,106008858.0,1.0,0.7583372055721437
2023-06-14,19.15,19.27,19.11,19.2,71988271.0,1.0,0.7583372055721437
2023-06-15,19.25,19.42,19.25,19.41,92248068.0,1.0,0.7583372055721437
2023-06-16,19.41,19.51,19.26,19.36,88055005.0,1.0,0.7583372055721437
2023-06-19,19.35,19.35,19.18,19.28,79139677.0,1.0,0.7583372055721437
2023-06-20,19.25,19.26,19.07,19.13,91232476.0,1.0,0.7583372055721437
2023-06-21,19.1,19.39,19.09,19.35,66596934.0,1.0,0.7583372055721437
2023-06-26,19.31,19.31,19.13,19.28,51017668.0,1.0,0.7583372055721437
2023-06-27,19.21,19.22,19.01,19.03,86231023.0,1.0,0.7583372055721437
2023-06-28,19.06,19.2,19.06,19.1,43580072.0,1.0,0.7583372055721437
2023-06-29,19.16,19.31,19.13,19.2,43104142.0,1.0,0.7583372055721437
2023-06-30,19.2,19.25,19.12,19.25,31021520.0,1.0,0.7583372055721437
2023-07-03,19.3,19.59,19.3,19.52,70654607.0,1.0,0.7583372055721437
2023-07-04,19.52,19.84,19.52,19.76,86883678.0,1.0,0.7583372055721437
2023-07-05,19.77,19.8,19.6,19.69,51091723.0,1.0,0.7583372055721437
2023-07-06,19.59,19.77,19.45,19.49,79323450.0,1.0,0.7583372055721437
2023-07-07,19.4,19.43,19.2,19.31,81236265.0,1.0,0.7583372055721437
2023-07-10,19.31,19.46,19.29,19.31,47866389.0,1.0,0.7583372055721437
2023-07-11,19.45,19.81,19.45,19.8,92069811.0,1.0,0.7583372055721437
2023-07-12,19.87,20.2,19.87,20.19,136146579.0,1.0,0.7583372055721437
2023-07-13,20.4,20.91,20.4,20.53,181666459.0,1.0,0.7583372055721437
2023-07-14,20.74,21.05,20.53,21.01,188944144.0,1.0,0.7583372055721437
2023-07-17,20.99,21.29,20.97,21.28,137906161.0,1.0,0.7583372055721437
2023-07-18,21.44,21.82,21.06,21.43,165687672.0,1.0,0.7583372055721437
2023-07-19,21.61,21.72,20.84,20.96,181403336.0,1.0,0.7583372055721437
2023-07-20,20.94,21.21,20.84,21.19,104709435.0,1.0,0.7583372055721437
2023-07-21,20.9,21.68,20.9,21.61,169061676.0,1.0,0.7583372055721437
2023-07-24,21.61,22.14,21.61,22.13,248137024.0,1.0,0.7583372055721437
2023-07-25,22.31,22.5,22.16,22.2,177095269.0,1.0,0.7583372055721437
2023-07-26,22.2,22.3,21.96,22.2,126805305.0,1.0,0.7583372055721437
2023-07-27,22.34,22.45,22.12,22.18,100425678.0,1.0,0.7583372055721437
2023-07-28,22.18,22.45,21.9,22.45,140774935.0,1.0,0.7583372055721437
2023-07-31,22.67,22.89,21.8,21.86,253790498.0,1.0,0.7583372055721437
2023-08-01,21.85,21.98,21.43,21.87,197970425.0,1.0,0.7583372055721437
2023-08-02,21.88,21.93,21.16,21.17,300768355.0,1.0,0.7583372055721437
2023-08-04,21.1,21.35,20.85,21.15,196832830.0,1.0,0.7583372055721437
2023-08-07,21.21,21.76,21.18,21.76,109394546.0,1.0,0.7583372055721437
2023-08-08,21.85,21.98,21.42,21.61,133578516.0,1.0,0.7583372055721437
2023-08-09,21.5,21.72,21.39,21.5,82220399.0,1.0,0.7583372055721437
2023-08-10,21.4,21.42,20.93,21.09,165067977.0,1.0,0.7583372055721437
2023-08-11,21.17,21.4,21.12,21.22,64155635.0,1.0,0.7583372055721437
2023-08-14,21.13,21.34,20.95,21.05,164881018.0,1.0,0.7583372055721437
2023-08-15,21.34,21.52,21.32,21.43,127814148.0,1.0,0.7583372055721437
2023-08-16,20.92,21.27,20.86,21.27,135996703.0,0.9836677554829677,0.7709281933306945
2023-08-17,21.18,21.41,21.03,21.32,78458539.0,1.0,0.7709281933306945
2023-08-18,21.33,21.43,20.9,21.05,120049072.0,1.0,0.7709281933306945
2023-08-21,21.16,21.3,21.0,21.06,49399932.0,1.0,0.7709281933306945
2023-08-22,21.29,21.35,21.11,21.12,54936559.0,1.0,0.7709281933306945
2023-08-23,21.15,21.29,21.02,21.28,48335533.0,1.0,0.7709281933306945
2023-08-24,21.6,21.73,21.26,21.38,119718554.0,1.0,0.7709281933306945
2023-08-25,21.2,21.2,20.95,20.98,158880819.0,1.0,0.7709281933306945
2023-08-28,21.0,21.03,20.72,20.83,103335271.0,1.0,0.7709281933306945
2023-08-29,20.92,21.0,20.78,20.95,46492070.0,1.0,0.7709281933306945
2023-08-30,21.1,21.19,20.98,21.01,40286556.0,1.0,0.7709281933306945
2023-08-31,20.99,21.0,20.81,20.97,50108100.0,1.0,0.7709281933306945
2023-09-01,21.0,21.06,20.86,20.88,46970700.0,1.0,0.7709281933306945
2023-09-04,20.88,20.97,20.8,20.94,50142854.0,1.0,0.7709281933306945
2023-09-05,20.94,20.98,20.85,20.95,42085332.0,1.0,0.7709281933306945
2023-09-06,20.95,21.1,20.95,21.04,53691665.0,1.0,0.7709281933306945
2023-09-07,20.98,21.02,20.9,20.94,36451905.0,1.0,0.7709281933306945
2023-09-08,20.9,20.99,20.86,20.93,33278530.0,1.0,0.7709281933306945
2023-09-11,20.93,20.93,20.31,20.45,193588651.0,1.0,0.7709281933306945
2023-09-12,20.45,20.5,20.32,20.41,76781139.0,1.0,0.7709281933306945
2023-09-13,20.42,20.5,20.38,20.45,53074779.0,1.0,0.7709281933306945
2023-09-14,20.52,20.82,20.52,20.81,59399691.0,1.0,0.7709281933306945
2023-09-15,20.88,20.91,20.75,20.85,50123777.0,1.0,0.7709281933306945
2023-09-18,20.7,20.7,20.58,20.59,80203932.0,1.0,0.7709281933306945
2023-09-19,20.63,20.68,20.46,20.48,50839193.0,1.0,0.7709281933306945
2023-09-20,20.45,20.67,20.39,20.44,54502153.0,1.0,0.7709281933306945
2023-09-21,20.33,20.33,20.13,20.23,96017216.0,1.0,0.7709281933306945
2023-09-22,20.16,20.34,20.02,20.33,43590365.0,1.0,0.7709281933306945
2023-09-25,20.34,20.45,20.34,20.44,28197892.0,1.0,0.7709281933306945
2023-09-26,20.41,20.46,20.25,20.26,43749977.0,1.0,0.7709281933306945
2023-09-27,20.24,20.33,20.18,20.3,27158111.0,1.0,0.7709281933306945
2023-09-28,20.38,20.56,20.31,20.38,28109000.0,1.0,0.7709281933306945
2023-10-02,20.5,20.85,20.5,20.76,56467179.0,1.0,0.7709281933306945
2023-10-03,20.77,20.8,20.62,20.63,41506160.0,1.0,0.7709281933306945
2023-10-04,20.42,20.47,20.3,20.44,40400576.0,1.0,0.7709281933306945
2023-10-05,20.51,20.66,20.5,20.64,30187256.0,1.0,0.7709281933306945
2023-10-06,20.73,20.79,20.65,20.75,34195855.0,1.0,0.7709281933306945
2023-10-11,20.97,21.07,20.71,20.72,65564089.0,1.0,0.7709281933306945
2023-10-12,20.76,20.9,20.73,20.89,32509260.0,1.0,0.7709281933306945
2023-10-13,20.85,20.85,20.56,20.6,58953592.0,1.0,0.7709281933306945
2023-10-16,20.54,20.6,20.48,20.5,45588971.0,1.0,0.7709281933306945
2023-10-17,20.56,20.63,20.35,20.36,57896931.0,1.0,0.7709281933306945
2023-10-18,20.32,20.32,20.0,20.04,146810220.0,1.0,0.7709281933306945
2023-10-19,20.0,20.04,19.93,20.02,86936409.0,1.0,0.7709281933306945
2023-10-20,19.92,19.97,19.62,19.85,109620110.0,1.0,0.7709281933306945
2023-10-23,19.8,19.82,19.67,19.69,79265078.0,1.0,0.7709281933306945
2023-10-24,19.69,19.88,19.62,19.86,49986203.0,1.0,0.7709281933306945
2023-10-25,19.92,20.0,19.88,19.9,37824596.0,1.0,0.7709281933306945
2023-10-26,19.69,19.77,19.56,19.64,86977692.0,1.0,0.7709281933306945
2023-10-27,19.69,19.91,19.69,19.76,32681293.0,1.0,0.7709281933306945
2023-10-30,19.78,19.9,19.73,19.73,47393470.0,1.0,0.7709281933306945
2023-10-31,19.79,19.8,19.5,19.5,78770170.0,1.0,0.7709281933306945
2023-11-01,19.65,19.68,19.52,19.61,69112164.0,1.0,0.7709281933306945
2023-11-02,19.88,20.01,19.88,19.96,49964419.0,1.0,0.7709281933306945
2023-11-03,20.07,20.09,19.96,20.0,52760021.0,1.0,0.7709281933306945
2023-11-06,20.14,20.29,20.14,20.25,58689555.0,1.0,0.7709281933306945
2023-11-07,20.23,20.24,20.11,20.2,46839015.0,1.0,0.7709281933306945
2023-11-08,20.25,20.57,20.24,20.47,57143185.0,1.0,0.7709281933306945
2023-11-09,20.48,20.48,20.34,20.46,52293830.0,1.0,0.7709281933306945
2023-11-10,20.39,20.39,20.27,20.36,62520743.0,1.0,0.7709281933306945
2023-11-13,20.54,20.55,20.33,20.36,78834038.0,1.0,0.7709281933306945
2023-11-14,20.45,20.55,20.43,20.53,69088732.0,1.0,0.7709281933306945
2023-11-15,20.74,20.82,20.64,20.69,136213095.0,1.0,0.7709281933306945
2023-11-16,20.47,20.47,20.22,20.26,105625684.0,0.9830836152730787,0.7841939193712916
2023-11-17,20.26,20.38,20.26,20.37,40148233.0,1.0,0.7841939193712916
2023-11-20,20.38,20.39,20.26,20.36,52798864.0,1.0,0.7841939193712916
2023-11-21,20.46,20.69,20.46,20.67,98737215.0,1.0,0.7841939193712916
2023-11-22,20.59,20.59,20.45,20.55,52526237.0,1.0,0.7841939193712916
2023-11-23,20.55,20.55,20.39,20.44,52230344.0,1.0,0.7841939193712916
2023-11-24,20.45,20.48,20.4,20.41,26199653.0,1.0,0.7841939193712916
2023-11-27,20.41,20.5,20.3,20.32,57427481.0,1.0,0.7841939193712916
2023-11-28,20.36,20.5,20.35,20.43,29668999.0,1.0,0.7841939193712916
2023-11-29,20.44,20.59,20.44,20.54,37528071.0,1.0,0.7841939193712916
2023-11-30,20.55,20.6,20.47,20.59,33873584.0,1.0,0.7841939193712916
2023-12-01,20.58,20.58,20.47,20.51,41371344.0,1.0,0.7841939193712916
2023-12-04,20.55,20.6,20.53,20.56,47246879.0,1.0,0.7841939193712916
2023-12-05,20.47,20.48,20.39,20.46,55350733.0,1.0,0.7841939193712916
2023-12-06,20.5,20.59,20.48,20.55,36956055.0,1.0,0.7841939193712916
2023-12-07,20.53,20.57,20.47,20.51,35729057.0,1.0,0.7841939193712916
2023-12-08,20.64,20.73,20.59,20.6,39842857.0,1.0,0.7841939193712916
2023-12-11,20.61,20.69,20.56,20.61,41549648.0,1.0,0.7841939193712916
2023-12-12,20.69,20.7,20.61,20.63,51073278.0,1.0,0.7841939193712916
2023-12-13,20.71,20.85,20.71,20.83,79382246.0,1.0,0.7841939193712916
2023-12-14,21.05,21.12,21.01,21.1,92613043.0,1.0,0.7841939193712916
2023-12-15,21.19,21.25,20.98,20.99,62666519.0,1.0,0.7841939193712916
2023-12-18,20.94,21.04,20.85,21.04,52687667.0,1.0,0.7841939193712916
2023-12-19,21.0,21.02,20.83,20.94,50343485.0,1.0,0.7841939193712916
2023-12-20,20.98,21.23,20.97,21.2,77704847.0,1.0,0.7841939193712916
2023-12-21,20.98,21.15,20.92,21.11,51575911.0,1.0,0.7841939193712916
2023-12-22,21.14,21.19,21.09,21.15,37888008.0,1.0,0.7841939193712916
2023-12-25,21.15,21.39,21.15,21.38,67175268.0,1.0,0.7841939193712916
2023-12-26,21.39,21.51,21.35,21.5,49596961.0,1.0,0.7841939193712916
2023-12-27,21.53,21.78,21.53,21.76,74955912.0,1.0,0.7841939193712916
2023-12-28,21.76,21.88,21.68,21.77,59628385.0,1.0,0.7841939193712916
2023-12-29,21.77,21.89,21.74,21.8,52058457.0,1.0,0.7841939193712916
2024-01-02,21.8,21.87,21.5,21.56,69029777.0,1.0,0.7841939193712916
2024-01-03,21.36,21.38,21.2,21.25,92571925.0,1.0,0.7841939193712916
2024-01-04,21.2,21.26,21.16,21.21,31254875.0,1.0,0.7841939193712916
2024-01-05,21.21,21.32,21.18,21.2,33992554.0,1.0,0.7841939193712916
2024-01-08,21.24,21.43,21.23,21.27,39660622.0,1.0,0.7841939193712916
2024-01-09,21.39,21.47,21.22,21.25,30273702.0,1.0,0.7841939193712916
2024-01-10,21.2,21.2,21.07,21.1,37748528.0,1.0,0.7841939193712916
2024-01-11,21.17,21.24,21.1,21.21,26981268.0,1.0,0.7841939193712916
2024-01-12,21.18,21.24,21.08,21.19,29360307.0,1.0,0.7841939193712916
2024-01-15,21.29,21.34,21.17,21.19,40171466.0,1.0,0.7841939193712916
2024-01-16,21.1,21.13,21.0,21.07,58267647.0,1.0,0.7841939193712916
2024-01-17,21.04,21.04,20.85,20.85,82577770.0,1.0,0.7841939193712916
2024-01-18,20.82,20.92,20.75,20.83,51069859.0,1.0,0.7841939193712916
2024-01-19,21.01,21.26,20.92,21.26,52561250.0,1.0,0.7841939193712916
2024-01-22,21.45,21.68,21.45,21.64,71778334.0,1.0,0.7841939193712916
2024-01-23,21.68,21.71,21.54,21.63,40109691.0,1.0,0.7841939193712916
2024-01-24,21.64,21.71,21.62,21.64,32095467.0,1.0,0.7841939193712916
2024-01-25,21.7,21.78,21.63,21.69,43323175.0,1.0,0.7841939193712916
2024-01-26,21.63,21.64,21.49,21.52,51292344.0,1.0,0.7841939193712916
2024-01-29,21.52,21.7,21.49,21.67,35435831.0,1.0,0.7841939193712916
2024-01-30,21.71,21.76,21.66,21.7,35180368.0,1.0,0.7841939193712916
2024-01-31,21.66,21.66,21.55,21.63,31063515.0,1.0,0.7841939193712916
2024-02-01,21.67,21.72,21.61,21.71,60130881.0,1.0,0.7841939193712916
2024-02-02,21.74,21.86,21.74,21.85,56473747.0,1.0,0.7841939193712916
2024-02-05,21.8,21.91,21.7,21.89,68591435.0,1.0,0.7841939193712916
2024-02-15,22.11,22.24,22.05,22.2,107943834.0,1.0,0.7841939193712916
2024-02-16,22.2,22.38,22.2,22.31,87132135.0,1.0,0.7841939193712916
2024-02-19,22.34,22.35,22.22,22.3,106534678.0,1.0,0.7841939193712916
2024-02-20,22.29,22.41,22.26,22.4,69225994.0,1.0,0.7841939193712916
2024-02-21,22.4,22.4,22.28,22.29,111362983.0,1.0,0.7841939193712916
2024-02-22,22.4,22.5,22.35,22.41,69859550.0,1.0,0.7841939193712916
2024-02-23,22.5,22.6,22.46,22.46,111025462.0,1.0,0.7841939193712916
2024-02-26,22.47,22.47,22.36,22.41,197724248.0,1.0,0.7841939193712916
2024-02-27,22.13,22.14,21.81,21.85,229991567.0,0.9821508255243195,0.7984455126356494
2024-02-29,21.84,22.03,21.8,21.99,73325701.0,1.0,0.7984455126356494
2024-03-01,22.0,22.1,22.0,22.03,53149126.0,1.0,0.7984455126356494
2024-03-04,22.12,22.24,22.07,22.07,82561274.0,1.0,0.7984455126356494
2024-03-05,22.1,22.19,22.0,22.17,69725652.0,1.0,0.7984455126356494
2024-03-06,22.13,22.35,22.1,22.29,84000427.0,1.0,0.7984455126356494
2024-03-07,22.34,22.38,22.21,22.33,109313585.0,1.0,0.7984455126356494
2024-03-08,22.37,22.54,22.22,22.31,165990253.0,1.0,0.7984455126356494
2024-03-11,22.33,22.52,22.3,22.34,88842669.0,1.0,0.7984455126356494
2024-03-12,22.34,22.57,22.33,22.55,77238611.0,1.0,0.7984455126356494
2024-03-13,22.59,22.72,22.48,22.52,77115989.0,1.0,0.7984455126356494
2024-03-14,22.52,22.58,22.25,22.3,63847266.0,1.0,0.7984455126356494
2024-03-15,22.2,22.43,22.1,22.38,56933648.0,1.0,0.7984455126356494
2024-03-18,22.38,22.44,22.27,22.37,49943072.0,1.0,0.7984455126356494
2024-03-19,22.35,22.47,22.3,22.39,48492344.0,1.0,0.7984455126356494
2024-03-20,22.39,22.55,22.29,22.29,53015996.0,1.0,0.7984455126356494
2024-03-21,22.4,22.55,22.38,22.52,62691129.0,1.0,0.7984455126356494
2024-03-22,22.52,22.67,22.47,22.54,63296109.0,1.0,0.7984455126356494
2024-03-25,22.55,22.56,22.46,22.48,34485984.0,1.0,0.7984455126356494
2024-03-26,22.48,22.65,22.22,22.41,54404597.0,1.0,0.7984455126356494
2024-03-27,22.41,22.55,22.34,22.55,30429833.0,1.0,0.7984455126356494
2024-03-28,22.55,22.6,22.43,22.57,35789916.0,1.0,0.7984455126356494
2024-03-29,22.58,22.75,22.54,22.7,69332862.0,1.0,0.7984455126356494
2024-04-01,22.77,22.84,22.58,22.6,31574162.0,1.0,0.7984455126356494
2024-04-02,22.6,22.72,22.6,22.67,29879477.0,1.0,0.7984455126356494
2024-04-03,22.64,22.74,22.52,22.63,27495675.0,1.0,0.7984455126356494
2024-04-08,22.63,22.74,22.58,22.71,37852849.0,1.0,0.7984455126356494
2024-04-09,22.71,22.78,22.71,22.76,20592496.0,1.0,0.7984455126356494
2024-04-10,22.8,22.95,22.8,22.8,40730942.0,1.0,0.7984455126356494
2024-04-11,22.76,22.82,22.7,22.77,30342859.0,1.0,0.7984455126356494
2024-04-12,22.75,22.8,22.68,22.7,38668369.0,1.0,0.7984455126356494
2024-04-15,22.63,22.63,22.51,22.51,68098943.0,1.0,0.7984455126356494
2024-04-16,22.4,22.4,21.92,22.0,160889589.0,1.0,0.7984455126356494
2024-04-17,22.0,22.17,22.0,22.15,48520875.0,1.0,0.7984455126356494
2024-04-18,22.1,22.24,22.01,22.17,27323434.0,1.0,0.7984455126356494
2024-04-19,22.01,22.05,21.46,21.74,158088448.0,1.0,0.7984455126356494
2024-04-22,21.73,21.73,21.55,21.55,69494285.0,1.0,0.7984455126356494
2024-04-23,21.69,21.78,21.58,21.62,38511523.0,1.0,0.7984455126356494
2024-04-24,21.81,22.04,21.81,22.03,29903756.0,1.0,0.7984455126356494
2024-04-25,21.92,21.92,21.73,21.77,50657738.0,1.0,0.7984455126356494
2024-04-26,21.85,22.02,21.8,21.84,36201318.0,1.0,0.7984455126356494
2024-04-29,21.95,22.28,21.95,22.26,42678396.0,1.0,0.7984455126356494
2024-04-30,22.27,22.3,22.19,22.26,19551679.0,1.0,0.7984455126356494
2024-05-02,22.25,22.36,22.13,22.22,131909467.0,1.0,0.7984455126356494
2024-05-03,22.5,22.5,22.29,22.3,64537450.0,1.0,0.7984455126356494
2024-05-06,22.58,22.68,22.47,22.63,68459634.0,1.0,0.7984455126356494
2024-05-07,22.79,22.82,22.59,22.76,95253755.0,1.0,0.7984455126356494
2024-05-08,22.76,22.9,22.76,22.89,66929341.0,1.0,0.7984455126356494
2024-05-09,22.91,22.93,22.81,22.83,68076052.0,1.0,0.7984455126356494
2024-05-10,22.89,23.15,22.86,23.12,71534030.0,1.0,0.7984455126356494
2024-05-13,23.21,23.25,23.11,23.16,79818420.0,1.0,0.7984455126356494
2024-05-14,23.21,23.31,23.17,23.3,79393405.0,1.0,0.7984455126356494
2024-05-15,23.42,23.61,23.33,23.4,120893011.0,1.0,0.7984455126356494
2024-05-16,23.59,23.66,23.54,23.57,124483466.0,1.0,0.7984455126356494
2024-05-17,23.03,23.09,22.98,22.99,133675024.0,0.9783623249893932,0.8161041081015724
2024-05-20,23.0,23.05,22.88,23.02,100046120.0,1.0,0.8161041081015724
2024-05-21,22.98,23.0,22.75,22.87,66909294.0,1.0,0.8161041081015724
2024-05-22,22.89,23.2,22.89,23.2,62748046.0,1.0,0.8161041081015724
2024-05-23,23.2,23.21,23.03,23.18,41741259.0,1.0,0.8161041081015724
2024-05-24,23.12,23.18,23.0,23.16,27134919.0,1.0,0.8161041081015724
2024-05-27,23.2,23.57,23.2,23.54,81198335.0,1.0,0.8161041081015724
2024-05-28,23.55,23.64,23.5,23.56,44560052.0,1.0,0.8161041081015724
2024-05-29,23.56,23.56,23.33,23.33,49518574.0,1.0,0.8161041081015724
2024-05-30,23.15,23.24,23.06,23.11,58924766.0,1.0,0.8161041081015724
2024-05-31,23.12,23.24,23.06,23.07,47249510.0,1.0,0.8161041081015724
2024-06-03,23.2,23.32,23.1,23.25,33389617.0,1.0,0.8161041081015724
2024-06-04,23.15,23.17,23.0,23.05,56479632.0,1.0,0.8161041081015724
2024-06-05,23.04,23.05,22.9,22.9,90578220.0,1.0,0.8161041081015724
2024-06-06,23.0,23.06,22.93,23.0,42639538.0,1.0,0.8161041081015724
2024-06-07,23.0,23.04,22.96,23.01,29315083.0,1.0,0.8161041081015724
2024-06-11,22.97,23.09,22.92,22.97,51161293.0,1.0,0.8161041081015724
2024-06-12,22.98,23.06,22.97,23.03,29356813.0,1.0,0.8161041081015724
2024-06-13,23.15,23.39,23.14,23.31,67386381.0,1.0,0.8161041081015724
2024-06-14,23.31,23.35,23.25,23.33,38819440.0,1.0,0.8161041081015724
2024-06-17,23.33,23.4,23.27,23.37,40695764.0,1.0,0.8161041081015724
2024-06-18,23.38,23.53,23.38,23.51,42152168.0,1.0,0.8161041081015724
2024-06-19,23.55,23.88,23.55,23.83,86531828.0,1.0,0.8161041081015724
2024-06-20,23.83,24.0,23.83,23.98,39654994.0,1.0,0.8161041081015724
2024-06-21,23.94,23.94,23.76,23.85,61864899.0,1.0,0.8161041081015724
2024-06-24,23.83,23.83,23.6,23.69,46104083.0,1.0,0.8161041081015724
2024-06-25,23.65,23.65,23.41,23.63,38377942.0,1.0,0.8161041081015724
2024-06-26,23.63,23.73,23.5,23.6,37084980.0,1.0,0.8161041081015724
2024-06-27,23.44,23.53,23.35,23.53,41784553.0,1.0,0.8161041081015724
2024-06-28,23.53,23.74,23.53,23.69,24158689.0,1.0,0.8161041081015724
2024-07-01,23.69,23.94,23.69,23.88,32542860.0,1.0,0.8161041081015724
2024-07-02,23.84,23.9,23.72,23.82,29062213.0,1.0,0.8161041081015724
2024-07-03,23.95,24.0,23.86,23.96,32456683.0,1.0,0.8161041081015724
2024-07-04,24.0,24.15,24.0,24.1,33490474.0,1.0,0.8161041081015724
2024-07-05,24.14,24.25,24.14,24.2,33165792.0,1.0,0.8161041081015724
2024-07-08,24.2,24.35,24.1,24.35,41860477.0,1.0,0.8161041081015724
2024-07-09,24.39,24.48,24.19,24.34,44004531.0,1.0,0.8161041081015724
2024-07-10,24.35,24.43,24.26,24.36,28168053.0,1.0,0.8161041081015724
2024-07-11,24.39,24.66,24.39,24.58,26962972.0,1.0,0.8161041081015724
2024-07-12,24.54,24.54,24.36,24.4,47117428.0,1.0,0.8161041081015724
2024-07-15,24.5,24.53,24.3,24.39,52312216.0,1.0,0.8161041081015724
2024-07-16,24.4,24.45,24.32,24.34,40984792.0,1.0,0.8161041081015724
2024-07-17,24.35,24.37,24.2,24.2,51103384.0,1.0,0.8161041081015724
2024-07-18,24.07,24.08,23.83,23.97,90305827.0,1.0,0.8161041081015724
2024-07-19,23.89,23.89,23.51,23.6,96687739.0,1.0,0.8161041081015724
2024-07-22,23.57,23.57,23.0,23.2,131946377.0,1.0,0.8161041081015724
2024-07-23,23.4,23.52,23.4,23.46,50340471.0,1.0,0.8161041081015724
2024-07-26,23.04,23.15,22.9,23.1,120723098.0,1.0,0.8161041081015724
2024-07-29,23.26,23.44,22.97,22.99,90368159.0,1.0,0.8161041081015724
2024-07-30,22.93,22.95,22.6,22.92,104623334.0,1.0,0.8161041081015724
2024-07-31,22.88,23.08,22.8,22.97,44522865.0,1.0,0.8161041081015724
2024-08-01,23.39,23.4,23.21,23.36,89506717.0,1.0,0.8161041081015724
2024-08-02,22.93,23.05,22.85,22.87,223097849.0,1.0,0.8161041081015724
2024-08-05,22.5,22.54,21.18,21.32,362658945.0,1.0,0.8161041081015724
2024-08-06,21.84,22.15,21.12,21.86,207812517.0,1.0,0.8161041081015724
2024-08-07,22.0,22.43,21.92,22.37,114401287.0,1.0,0.8161041081015724
2024-08-08,22.06,22.29,21.94,22.1,113528398.0,1.0,0.8161041081015724
2024-08-09,22.55,22.77,22.45,22.57,90100425.0,1.0,0.8161041081015724
2024-08-12,22.74,23.03,22.74,22.92,77312379.0,1.0,0.8161041081015724
2024-08-13,23.08,23.08,22.92,22.99,69400121.0,1.0,0.8161041081015724
2024-08-14,23.19,23.32,23.13,23.26,71837699.0,1.0,0.8161041081015724
2024-08-15,23.34,23.4,23.12,23.13,136714583.0,1.0,0.8161041081015724
2024-08-16,22.98,22.98,22.85,22.86,72848254.0,0.9762213575443147,0.8359826404069695
2024-08-19,22.89,23.01,22.85,22.88,51381650.0,1.0,0.8359826404069695
2024-08-20,22.96,23.04,22.89,22.89,35502998.0,1.0,0.8359826404069695
2024-08-21,22.89,22.89,22.78,22.81,39012172.0,1.0,0.8359826404069695
2024-08-22,22.82,22.85,22.7,22.72,39051575.0,1.0,0.8359826404069695
2024-08-23,22.67,22.77,22.58,22.76,47915365.0,1.0,0.8359826404069695
2024-08-26,22.86,23.09,22.86,22.93,54141990.0,1.0,0.8359826404069695
2024-08-27,22.86,22.93,22.76,22.89,36115455.0,1.0,0.8359826404069695
2024-08-28,22.89,22.98,22.8,22.93,33703282.0,1.0,0.8359826404069695
2024-08-29,22.8,22.97,22.75,22.9,38672974.0,1.0,0.8359826404069695
2024-08-30,23.0,23.0,22.88,22.91,27461235.0,1.0,0.8359826404069695
2024-09-02,22.95,23.0,22.88,22.9,32235408.0,1.0,0.8359826404069695
2024-09-03,22.95,22.95,22.78,22.8,44257973.0,1.0,0.8359826404069695
2024-09-04,21.96,22.36,21.74,22.09,176675402.0,1.0,0.8359826404069695
2024-09-05,22.22,22.3,22.07,22.08,56876172.0,1.0,0.8359826404069695
2024-09-06,22.11,22.41,21.99,22.36,38096612.0,1.0,0.8359826404069695
2024-09-09,21.94,22.2,21.87,22.13,88436995.0,1.0,0.8359826404069695
2024-09-10,22.24,22.25,21.99,22.07,55923375.0,1.0,0.8359826404069695
2024-09-11,22.06,22.11,21.99,22.0,47251540.0,1.0,0.8359826404069695
2024-09-12,22.26,22.39,22.2,22.27,28887795.0,1.0,0.8359826404069695
2024-09-13,22.36,22.37,22.23,22.28,33648039.0,1.0,0.8359826404069695
2024-09-16,22.3,22.35,22.26,22.31,35622352.0,1.0,0.8359826404069695
2024-09-18,22.31,22.38,22.16,22.19,41592713.0,1.0,0.8359826404069695
2024-09-19,22.19,22.4,22.16,22.32,24107291.0,1.0,0.8359826404069695
2024-09-20,22.45,22.58,22.45,22.45,24350864.0,1.0,0.8359826404069695
2024-09-23,22.5,22.64,22.5,22.58,31210837.0,1.0,0.8359826404069695
2024-09-24,22.58,22.7,22.51,22.67,23190875.0,1.0,0.8359826404069695
2024-09-25,22.81,22.93,22.81,22.88,35695732.0,1.0,0.8359826404069695
2024-09-26,22.94,23.05,22.94,22.95,39971565.0,1.0,0.8359826404069695
2024-09-27,23.05,23.13,22.95,22.97,36385741.0,1.0,0.8359826404069695
2024-09-30,22.93,22.93,22.75,22.75,51494716.0,1.0,0.8359826404069695
2024-10-01,22.71,22.75,22.64,22.7,43074966.0,1.0,0.8359826404069695
2024-10-04,22.65,22.73,22.51,22.56,58362903.0,1.0,0.8359826404069695
2024-10-07,22.71,22.8,22.57,22.63,49500791.0,1.0,0.8359826404069695
2024-10-08,22.56,22.57,22.42,22.49,52890147.0,1.0,0.8359826404069695
2024-10-09,22.62,22.76,22.58,22.59,24264174.0,1.0,0.8359826404069695
2024-10-11,22.62,22.82,22.62,22.73,32695830.0,1.0,0.8359826404069695
2024-10-14,22.78,22.8,22.69,22.78,27421529.0,1.0,0.8359826404069695
2024-10-15,22.81,23.03,22.81,23.01,39094100.0,1.0,0.8359826404069695
2024-10-16,22.82,23.0,22.78,22.89,41233157.0,1.0,0.8359826404069695
2024-10-17,23.0,23.06,22.99,23.04,26571090.0,1.0,0.8359826404069695
2024-10-18,23.2,23.27,23.1,23.12,52039861.0,1.0,0.8359826404069695
2024-10-21,23.17,23.27,23.1,23.11,32977483.0,1.0,0.8359826404069695
2024-10-22,23.11,23.23,22.94,23.18,27361427.0,1.0,0.8359826404069695
2024-10-23,23.2,23.2,23.03,23.07,41975242.0,1.0,0.8359826404069695
2024-10-24,23.05,23.06,22.96,22.98,42662079.0,1.0,0.8359826404069695
2024-10-25,22.99,23.13,22.98,23.1,21691165.0,1.0,0.8359826404069695
2024-10-28,23.14,23.19,23.07,23.13,34617831.0,1.0,0.8359826404069695
2024-10-29,23.07,23.07,22.8,22.92,92464888.0,1.0,0.8359826404069695
2024-10-30,22.96,23.02,22.87,22.87,40220009.0,1.0,0.8359826404069695
2024-11-01,22.59,22.83,22.15,22.77,107973115.0,1.0,0.8359826404069695
2024-11-04,22.9,22.92,22.77,22.85,103597784.0,1.0,0.8359826404069695
2024-11-05,22.84,23.02,22.8,22.99,77527718.0,1.0,0.8359826404069695
2024-11-06,23.02,23.2,23.02,23.04,87912770.0,1.0,0.8359826404069695
2024-11-07,23.05,23.29,23.04,23.19,64247257.0,1.0,0.8359826404069695
2024-11-08,23.4,23.4,23.17,23.2,70119762.0,1.0,0.8359826404069695
2024-11-11,23.21,23.25,23.09,23.17,97518784.0,1.0,0.8359826404069695
2024-11-12,22.99,23.07,22.92,22.92,239665548.0,1.0,0.8359826404069695
2024-11-13,22.88,23.0,22.78,22.92,173685563.0,1.0,0.8359826404069695
2024-11-14,22.95,22.95,22.72,22.74,298445099.0,1.0,0.8359826404069695
2024-11-15,22.8,22.93,22.73,22.73,285748071.0,1.0,0.8359826404069695
2024-11-18,22.22,22.26,22.06,22.06,238762833.0,0.9758029036515617,0.8567125976758528
2024-11-19,22.08,22.27,22.06,22.16,91487372.0,1.0,0.8567125976758528
2024-11-20,22.22,22.27,22.11,22.13,74212988.0,1.0,0.8567125976758528
2024-11-21,22.05,22.12,21.98,22.08,78761030.0,1.0,0.8567125976758528
2024-11-22,22.12,22.28,22.12,22.15,42723914.0,1.0,0.8567125976758528
2024-11-25,22.35,22.41,22.3,22.3,37904061.0,1.0,0.8567125976758528
2024-11-26,22.2,22.28,22.05,22.18,67299305.0,1.0,0.8567125976758528
2024-11-27,22.18,22.19,21.94,21.96,150357109.0,1.0,0.8567125976758528
2024-11-28,21.96,21.97,21.74,21.74,164887477.0,1.0,0.8567125976758528
2024-11-29,21.68,21.87,21.51,21.76,77176000.0,1.0,0.8567125976758528
2024-12-02,21.86,22.05,21.86,22.05,46431998.0,1.0,0.8567125976758528
2024-12-03,22.23,22.3,22.06,22.1,67863445.0,1.0,0.8567125976758528
2024-12-04,22.17,22.18,22.08,22.18,37266817.0,1.0,0.8567125976758528
2024-12-05,22.2,22.27,22.18,22.26,38866336.0,1.0,0.8567125976758528
2024-12-06,22.26,22.38,22.23,22.35,41022932.0,1.0,0.8567125976758528
2024-12-09,22.36,22.41,22.32,22.35,43476852.0,1.0,0.8567125976758528
2024-12-10,22.35,22.42,22.25,22.26,37586669.0,1.0,0.8567125976758528
2024-12-11,22.22,22.28,22.17,22.17,43035290.0,1.0,0.8567125976758528
2024-12-12,22.2,22.29,22.18,22.25,28292967.0,1.0,0.8567125976758528
2024-12-13,22.24,22.24,22.14,22.19,43909807.0,1.0,0.8567125976758528
2024-12-16,22.2,22.28,22.08,22.09,66780380.0,1.0,0.8567125976758528
2024-12-17,22.09,22.2,22.09,22.1,25620266.0,1.0,0.8567125976758528
2024-12-18,22.1,22.25,22.07,22.22,31878555.0,1.0,0.8567125976758528
2024-12-19,21.99,22.1,21.86,22.07,72570509.0,1.0,0.8567125976758528
2024-12-20,22.04,22.06,21.95,21.99,81204033.0,1.0,0.8567125976758528
2024-12-23,22.08,22.27,22.08,22.22,33741680.0,1.0,0.8567125976758528
2024-12-24,22.29,22.39,22.29,22.31,28177633.0,1.0,0.8567125976758528
2024-12-25,22.34,22.4,22.34,22.37,22549179.0,1.0,0.8567125976758528
2024-12-26,22.37,22.42,22.35,22.37,21431415.0,1.0,0.8567125976758528
2024-12-27,22.37,22.41,22.32,22.4,24622794.0,1.0,0.8567125976758528
2024-12-30,22.4,22.4,22.3,22.3,27402483.0,1.0,0.8567125976758528
2024-12-31,22.22,22.24,22.1,22.18,44501350.0,1.0,0.8567125976758528
2025-01-02,22.16,22.21,22.05,22.07,70137221.0,1.0,0.8567125976758528
2025-01-03,22.2,22.22,22.1,22.13,30787887.0,1.0,0.8567125976758528
2025-01-06,22.23,22.47,22.23,22.42,61979728.0,1.0,0.8567125976758528
2025-01-07,22.48,22.57,22.45,22.48,45975742.0,1.0,0.8567125976758528
2025-01-08,22.48,22.5,22.4,22.45,30403574.0,1.0,0.8567125976758528
2025-01-09,22.45,22.46,22.2,22.2,44882230.0,1.0,0.8567125976758528
2025-01-10,22.17,22.21,22.04,22.06,78992281.0,1.0,0.8567125976758528
2025-01-13,22.0,22.04,21.66,21.79,176569971.0,1.0,0.8567125976758528
2025-01-14,21.79,21.96,21.79,21.94,41767240.0,1.0,0.8567125976758528
2025-01-15,21.94,22.0,21.81,21.82,59011239.0,1.0,0.8567125976758528
2025-01-16,22.0,22.14,21.99,21.99,34820442.0,1.0,0.8567125976758528
2025-01-17,22.02,22.06,21.91,21.99,33818507.0,1.0,0.8567125976758528
2025-01-20,22.03,22.19,22.03,22.15,34012028.0,1.0,0.8567125976758528
2025-01-21,22.15,22.29,22.11,22.24,27667784.0,1.0,0.8567125976758528
2025-01-22,22.27,22.31,22.23,22.28,36343806.0,1.0,0.8567125976758528
2025-02-03,21.97,22.18,21.72,22.15,157292085.0,1.0,0.8567125976758528
2025-02-04,22.22,22.29,22.07,22.07,103200922.0,1.0,0.8567125976758528
2025-02-05,22.22,22.38,22.21,22.26,60530836.0,1.0,0.8567125976758528
2025-02-06,22.32,22.34,22.25,22.3,70583632.0,1.0,0.8567125976758528
2025-02-07,22.3,22.38,22.28,22.37,44155155.0,1.0,0.8567125976758528
2025-02-10,22.35,22.37,22.24,22.35,84872084.0,1.0,0.8567125976758528
2025-02-11,22.41,22.5,22.4,22.41,53396431.0,1.0,0.8567125976758528
2025-02-12,22.45,22.54,22.45,22.46,51082532.0,1.0,0.8567125976758528
2025-02-13,22.54,22.71,22.49,22.7,68817777.0,1.0,0.8567125976758528
2025-02-14,22.7,22.71,22.62,22.64,67139187.0,1.0,0.8567125976758528
2025-02-17,22.67,22.87,22.67,22.83,90844114.0,1.0,0.8567125976758528
2025-02-18,22.87,22.94,22.83,22.93,84711635.0,1.0,0.8567125976758528
2025-02-19,22.95,23.04,22.95,22.96,138725262.0,1.0,0.8567125976758528
2025-02-20,22.51,22.52,22.44,22.45,143775727.0,0.9782229965156795,0.8757845611147632
2025-02-21,22.45,22.66,22.45,22.64,48558561.0,1.0,0.8757845611147632
2025-02-24,22.58,22.59,22.49,22.56,52759377.0,1.0,0.8757845611147632
2025-02-25,22.47,22.58,22.39,22.52,63599841.0,1.0,0.8757845611147632
2025-02-26,22.49,22.66,22.4,22.65,43163599.0,1.0,0.8757845611147632
2025-02-27,22.64,22.65,22.4,22.4,102321373.0,1.0,0.8757845611147632
2025-03-03,22.22,22.3,22.1,22.26,125292976.0,1.0,0.8757845611147632
2025-03-04,22.03,22.23,21.97,22.16,146955360.0,1.0,0.8757845611147632
2025-03-05,22.18,22.37,22.18,22.33,39285145.0,1.0,0.8757845611147632
2025-03-06,22.33,22.38,22.31,22.33,40769497.0,1.0,0.8757845611147632
2025-03-07,22.28,22.31,22.15,22.2,58268857.0,1.0,0.8757845611147632
2025-03-10,22.2,22.23,22.06,22.13,79739514.0,1.0,0.8757845611147632
2025-03-11,21.94,21.99,21.7,21.9,265425899.0,1.0,0.8757845611147632
2025-03-12,21.9,21.94,21.87,21.9,65984819.0,1.0,0.8757845611147632
2025-03-13,22.05,22.05,21.77,21.77,120917866.0,1.0,0.8757845611147632
2025-03-14,21.78,21.82,21.7,21.74,107542164.0,1.0,0.8757845611147632
2025-03-17,21.8,21.92,21.8,21.81,74535113.0,1.0,0.8757845611147632
2025-03-18,21.93,22.07,21.93,22.0,62532696.0,1.0,0.8757845611147632
2025-03-19,22.01,22.07,21.88,21.88,79196584.0,1.0,0.8757845611147632
2025-03-20,21.97,22.09,21.97,22.04,42422562.0,1.0,0.8757845611147632
2025-03-21,22.08,22.08,21.98,22.0,32626469.0,1.0,0.8757845611147632
2025-03-24,22.09,22.1,21.93,21.93,62342696.0,1.0,0.8757845611147632
2025-03-25,22.02,22.09,21.88,21.9,50189612.0,1.0,0.8757845611147632
2025-03-26,21.96,22.03,21.94,21.98,33879407.0,1.0,0.8757845611147632
2025-03-27,21.82,21.85,21.78,21.82,112299571.0,1.0,0.8757845611147632
2025-03-28,21.75,21.76,21.62,21.69,188293961.0,1.0,0.8757845611147632
2025-03-31,21.4,21.42,21.08,21.1,331293612.0,1.0,0.8757845611147632
2025-04-01,21.14,21.42,21.14,21.38,63290994.0,1.0,0.8757845611147632
2025-04-02,21.43,21.44,21.27,21.27,70637044.0,1.0,0.8757845611147632
2025-04-07,19.15,19.15,19.15,19.15,168206741.0,1.0,0.8757845611147632
2025-04-08,18.39,19.01,18.39,18.74,431365459.0,1.0,0.8757845611147632
2025-04-09,18.7,18.8,17.73,17.8,348378833.0,1.0,0.8757845611147632
2025-04-10,19.58,19.58,19.54,19.58,279958152.0,1.0,0.8757845611147632
2025-04-11,18.89,19.69,18.6,19.68,211429337.0,1.0,0.8757845611147632
2025-04-14,20.06,20.18,19.83,19.87,138047229.0,1.0,0.8757845611147632
2025-04-15,19.98,20.22,19.91,20.17,56756186.0,1.0,0.8757845611147632
2025-04-16,20.05,20.06,19.91,19.99,76494062.0,1.0,0.8757845611147632
2025-04-17,19.88,19.9,19.72,19.8,61977684.0,1.0,0.8757845611147632
2025-04-18,19.8,19.91,19.76,19.81,33920870.0,1.0,0.8757845611147632
2025-04-21,19.8,19.81,19.67,19.69,47953196.0,1.0,0.8757845611147632
2025-04-22,19.55,19.64,19.43,19.44,59963949.0,1.0,0.8757845611147632
2025-04-23,19.84,19.9,19.79,19.86,38702787.0,1.0,0.8757845611147632
2025-04-24,19.92,19.92,19.71,19.72,47689908.0,1.0,0.8757845611147632
2025-04-25,20.01,20.14,20.01,20.09,44495979.0,1.0,0.8757845611147632
2025-04-28,20.14,20.22,20.11,20.19,36997909.0,1.0,0.8757845611147632
2025-04-29,20.19,20.32,20.16,20.29,34454965.0,1.0,0.8757845611147632
2025-04-30,20.33,20.44,20.3,20.31,33383433.0,1.0,0.8757845611147632
2025-05-02,20.53,20.55,20.44,20.53,66261188.0,1.0,0.8757845611147632
2025-05-05,20.6,20.61,20.2,20.39,93597275.0,1.0,0.8757845611147632
2025-05-06,20.35,20.54,20.3,20.44,63045804.0,1.0,0.8757845611147632
2025-05-07,20.51,20.6,20.44,20.45,42514127.0,1.0,0.8757845611147632
2025-05-08,20.5,20.59,20.49,20.52,45627478.0,1.0,0.8757845611147632
2025-05-09,20.56,20.68,20.47,20.66,45919278.0,1.0,0.8757845611147632
2025-05-12,20.74,20.91,20.74,20.87,70744467.0,1.0,0.8757845611147632
2025-05-13,21.13,21.13,20.98,21.01,78344036.0,1.0,0.8757845611147632
2025-05-14,21.15,21.28,21.12,21.26,74346090.0,1.0,0.8757845611147632
2025-05-15,21.29,21.3,21.2,21.23,105717665.0,1.0,0.8757845611147632
2025-05-16,21.25,21.32,21.21,21.26,155844369.0,1.0,0.8757845611147632
2025-05-19,20.72,20.77,20.61,20.61,130129412.0,0.977892756349953,0.895583442486766
2025-05-20,20.68,20.76,20.56,20.58,47668404.0,1.0,0.895583442486766
2025-05-21,20.58,20.8,20.58,20.79,45951430.0,1.0,0.895583442486766
2025-05-22,20.7,20.73,20.62,20.68,31993167.0,1.0,0.895583442486766
2025-05-23,20.69,20.7,20.59,20.6,38711797.0,1.0,0.895583442486766
2025-05-26,20.6,20.6,20.5,20.55,36542130.0,1.0,0.895583442486766
2025-05-27,20.55,20.55,20.42,20.42,43849626.0,1.0,0.895583442486766
2025-05-28,20.57,20.58,20.34,20.43,34506902.0,1.0,0.895583442486766
2025-05-29,20.55,20.56,20.42,20.43,31697025.0,1.0,0.895583442486766
2025-06-02,20.23,20.24,20.01,20.05,102607063.0,1.0,0.895583442486766
2025-06-03,20.18,20.3,20.14,20.24,36655532.0,1.0,0.895583442486766
2025-06-04,20.39,20.57,20.37,20.49,40757975.0,1.0,0.895583442486766
2025-06-05,20.49,20.58,20.43,20.43,33251358.0,1.0,0.895583442486766
2025-06-06,20.44,20.53,20.42,20.48,31946278.0,1.0,0.895583442486766
2025-06-09,20.56,20.57,20.5,20.53,29895051.0,1.0,0.895583442486766
2025-06-10,20.58,20.75,20.58,20.7,50714367.0,1.0,0.895583442486766
2025-06-11,20.7,20.82,20.68,20.81,40222223.0,1.0,0.895583442486766
2025-06-12,20.8,20.86,20.77,20.84,36574122.0,1.0,0.895583442486766
2025-06-13,20.76,20.9,20.7,20.84,57504489.0,1.0,0.895583442486766
2025-06-16,20.83,20.89,20.78,20.86,46310923.0,1.0,0.895583442486766
2025-06-17,20.92,21.0,20.86,20.87,33534407.0,1.0,0.895583442486766
2025-06-18,20.87,20.93,20.83,20.92,41226856.0,1.0,0.895583442486766
2025-06-19,20.92,20.96,20.8,20.81,25214234.0,1.0,0.895583442486766
2025-06-20,20.79,20.84,20.65,20.7,27813222.0,1.0,0.895583442486766
2025-06-23,20.53,20.61,20.44,20.59,41389760.0,1.0,0.895583442486766
2025-06-24,20.8,20.94,20.78,20.89,32266808.0,1.0,0.895583442486766
2025-06-25,20.98,21.02,20.92,20.96,29470618.0,1.0,0.895583442486766
2025-06-26,20.96,21.04,20.91,20.92,38937625.0,1.0,0.895583442486766
2025-06-27,20.94,20.98,20.89,20.95,27130086.0,1.0,0.895583442486766
2025-06-30,20.94,20.95,20.86,20.9,26238669.0,1.0,0.895583442486766
2025-07-01,20.94,21.1,20.9,20.96,47165000.0,1.0,0.895583442486766
2025-07-02,20.96,21.06,20.95,21.04,24538088.0,1.0,0.895583442486766
2025-07-03,21.1,21.15,21.09,21.13,37023142.0,1.0,0.895583442486766
2025-07-04,21.13,21.2,21.0,21.0,33166865.0,1.0,0.895583442486766
2025-07-07,21.01,21.05,20.87,20.97,39402699.0,1.0,0.895583442486766
2025-07-08,20.96,20.96,20.82,20.87,39584728.0,1.0,0.895583442486766
2025-07-09,20.87,20.95,20.82,20.94,25088432.0,1.0,0.895583442486766
2025-07-10,20.91,21.05,20.87,21.01,30291017.0,1.0,0.895583442486766
2025-07-11,21.01,21.12,21.01,21.09,27727718.0,1.0,0.895583442486766
2025-07-14,21.1,21.1,20.99,21.03,32854483.0,1.0,0.895583442486766
2025-07-15,21.04,21.17,21.03,21.14,31779851.0,1.0,0.895583442486766
2025-07-16,21.12,21.25,21.09,21.2,37950541.0,1.0,0.895583442486766
2025-07-17,21.21,21.27,21.2,21.22,23701373.0,1.0,0.895583442486766
2025-07-18,21.25,21.34,21.21,21.24,32697682.0,1.0,0.895583442486766
2025-07-21,21.24,21.3,21.2,21.22,33633459.0,1.0,0.895583442486766
2025-07-22,21.23,21.29,21.02,21.03,51660253.0,1.0,0.895583442486766
2025-07-23,21.1,21.21,21.1,21.19,29628880.0,1.0,0.895583442486766
2025-07-24,21.21,21.29,21.19,21.23,27613628.0,1.0,0.895583442486766
2025-07-25,21.22,21.24,21.2,21.21,27678481.0,1.0,0.895583442486766
2025-07-28,21.22,21.26,21.17,21.25,39666432.0,1.0,0.895583442486766
2025-07-29,21.25,21.25,21.03,21.1,69590415.0,1.0,0.895583442486766
2025-07-30,21.12,21.13,21.03,21.11,42583516.0,1.0,0.895583442486766
2025-07-31,21.0,21.07,20.92,21.05,56100356.0,1.0,0.895583442486766
2025-08-01,20.8,21.05,20.72,21.05,81124835.0,1.0,0.895583442486766
2025-08-04,20.95,21.1,20.88,21.08,54260682.0,1.0,0.895583442486766
2025-08-05,21.15,21.28,21.11,21.25,41627248.0,1.0,0.895583442486766
2025-08-06,21.24,21.28,21.19,21.24,50139309.0,1.0,0.895583442486766
2025-08-07,21.24,21.35,21.24,21.26,53753578.0,1.0,0.895583442486766
2025-08-08,21.27,21.29,21.25,21.26,42688346.0,1.0,0.895583442486766
2025-08-11,21.24,21.25,21.15,21.24,67397272.0,1.0,0.895583442486766
2025-08-12,21.24,21.28,21.24,21.24,45082865.0,1.0,0.895583442486766
2025-08-13,21.29,21.3,21.13,21.2,86449209.0,1.0,0.895583442486766
2025-08-14,21.2,21.23,21.19,21.21,61640981.0,1.0,0.895583442486766
2025-08-15,21.22,21.23,21.13,21.16,134379984.0,1.0,0.895583442486766
2025-08-18,20.77,20.78,20.68,20.72,165510019.0,0.9810964083175804,0.9128393855019252
2025-08-19,20.7,20.71,20.64,20.68,51879679.0,1.0,0.9128393855019252
2025-08-20,20.66,20.66,20.45,20.45,135627767.0,1.0,0.9128393855019252
2025-08-21,20.46,20.56,20.46,20.47,45399152.0,1.0,0.9128393855019252
2025-08-22,20.47,20.47,20.37,20.38,51805691.0,1.0,0.9128393855019252
2025-08-25,20.5,20.59,20.46,20.52,40040898.0,1.0,0.9128393855019252
2025-08-26,20.52,20.52,20.43,20.45,32103366.0,1.0,0.9128393855019252
2025-08-27,20.46,20.5,20.45,20.46,34761071.0,1.0,0.9128393855019252
2025-08-28,20.4,20.48,20.38,20.42,38790226.0,1.0,0.9128393855019252
2025-08-29,20.45,20.47,20.35,20.35,57091051.0,1.0,0.9128393855019252
2025-09-01,20.34,20.36,20.15,20.18,84894436.0,1.0,0.9128393855019252
2025-09-02,20.2,20.33,20.2,20.27,34296025.0,1.0,0.9128393855019252
2025-09-03,20.3,20.32,20.27,20.27,25699597.0,1.0,0.9128393855019252
2025-09-04,20.35,20.52,20.35,20.4,37011453.0,1.0,0.9128393855019252
2025-09-05,20.49,20.52,20.45,20.5,33467980.0,1.0,0.9128393855019252
2025-09-08,20.59,20.67,20.56,20.64,53717919.0,1.0,0.9128393855019252
2025-09-09,20.67,20.77,20.6,20.72,46502994.0,1.0,0.9128393855019252
2025-09-10,20.76,20.88,20.76,20.84,78575911.0,1.0,0.9128393855019252
2025-09-11,20.88,20.99,20.84,20.85,82433003.0,1.0,0.9128393855019252
2025-09-12,20.95,21.02,20.95,21.0,65206046.0,1.0,0.9128393855019252
2025-09-15,21.03,21.11,21.01,21.05,69456400.0,1.0,0.9128393855019252
2025-09-16,21.05,21.15,21.05,21.13,48946481.0,1.0,0.9128393855019252
2025-09-17,21.13,21.13,21.01,21.03,36635617.0,1.0,0.9128393855019252
2025-09-18,21.11,21.14,21.01,21.11,70428568.0,1.0,0.9128393855019252
2025-09-19,21.18,21.25,21.15,21.25,88154033.0,1.0,0.9128393855019252
2025-09-22,21.25,21.41,21.24,21.38,67256271.0,1.0,0.9128393855019252
2025-09-23,21.41,21.52,21.35,21.43,64651475.0,1.0,0.9128393855019252
2025-09-24,21.44,21.48,21.34,21.38,41402294.0,1.0,0.9128393855019252
2025-09-25,21.4,21.49,21.36,21.38,32760492.0,1.0,0.9128393855019252
2025-09-26,21.36,21.36,21.07,21.23,65423636.0,1.0,0.9128393855019252
2025-09-30,21.39,21.51,21.3,21.36,36906080.0,1.0,0.9128393855019252
2025-10-01,21.36,21.48,21.2,21.23,40144334.0,1.0,0.9128393855019252
2025-10-02,21.34,21.35,21.24,21.24,33014503.0,1.0,0.9128393855019252
2025-10-03,21.28,21.3,21.2,21.27,42854756.0,1.0,0.9128393855019252
2025-10-07,21.3,21.54,21.29,21.47,100106086.0,1.0,0.9128393855019252
2025-10-08,21.46,21.52,21.4,21.49,43383046.0,1.0,0.9128393855019252
2025-10-09,21.62,21.66,21.49,21.52,41607258.0,1.0,0.9128393855019252
2025-10-13,21.1,21.32,21.09,21.31,79701662.0,1.0,0.9128393855019252
2025-10-14,21.48,21.55,21.19,21.2,55161311.0,1.0,0.9128393855019252
2025-10-15,21.22,21.22,21.14,21.19,41209741.0,1.0,0.9128393855019252
2025-10-16,21.35,21.41,21.32,21.35,44234443.0,1.0,0.9128393855019252
2025-10-17,21.4,21.49,21.34,21.36,41244865.0,1.0,0.9128393855019252
2025-10-20,21.45,21.48,21.38,21.46,47868873.0,1.0,0.9128393855019252
2025-10-21,21.56,21.6,21.5,21.5,46622373.0,1.0,0.9128393855019252
2025-10-22,21.48,21.55,21.45,21.52,25404556.0,1.0,0.9128393855019252
2025-10-23,21.48,21.52,21.43,21.51,23004544.0,1.0,0.9128393855019252
2025-10-27,21.7,21.8,21.69,21.73,63083429.0,1.0,0.9128393855019252
2025-10-28,21.73,21.74,21.64,21.66,29006647.0,1.0,0.9128393855019252
2025-10-29,21.75,21.85,21.74,21.76,46362751.0,1.0,0.9128393855019252
2025-10-30,21.74,21.76,21.61,21.75,51446681.0,1.0,0.9128393855019252
2025-10-31,21.75,21.75,21.69,21.72,27283365.0,1.0,0.9128393855019252
2025-11-03,21.7,21.77,21.67,21.69,58562209.0,1.0,0.9128393855019252
2025-11-04,21.76,21.79,21.55,21.57,70650903.0,1.0,0.9128393855019252
2025-11-05,21.46,21.46,21.21,21.46,100706297.0,1.0,0.9128393855019252
2025-11-06,21.53,21.61,21.47,21.55,44017567.0,1.0,0.9128393855019252
2025-11-07,21.39,21.4,21.32,21.33,74602435.0,1.0,0.9128393855019252
2025-11-10,21.34,21.39,21.3,21.34,41048706.0,1.0,0.9128393855019252
2025-11-11,21.43,21.47,21.36,21.38,34307844.0,1.0,0.9128393855019252
2025-11-12,21.4,21.48,21.4,21.4,37232138.0,1.0,0.9128393855019252
2025-11-13,21.43,21.45,21.39,21.41,40610418.0,1.0,0.9128393855019252
2025-11-14,21.21,21.37,21.19,21.27,104250029.0,1.0,0.9128393855019252
2025-11-17,21.26,21.27,21.1,21.11,165361288.0,1.0,0.9128393855019252
2025-11-18,20.56,20.59,20.34,20.35,209712770.0,0.981051634296542,0.9304702765787369
2025-11-19,20.36,20.45,20.23,20.26,79296371.0,1.0,0.9304702765787369
2025-11-20,20.45,20.58,20.44,20.57,36052871.0,1.0,0.9304702765787369
2025-11-21,20.35,20.4,20.28,20.33,68891590.0,1.0,0.9304702765787369
2025-11-24,20.45,20.57,20.44,20.56,39670901.0,1.0,0.9304702765787369
2025-11-25,20.62,20.65,20.47,20.54,29974118.0,1.0,0.9304702765787369
2025-11-26,20.63,20.81,20.63,20.75,32852825.0,1.0,0.9304702765787369
2025-11-27,20.8,20.93,20.75,20.92,39931784.0,1.0,0.9304702765787369
2025-11-28,20.9,20.94,20.82,20.83,31833206.0,1.0,0.9304702765787369
2025-12-01,20.83,20.98,20.83,20.86,34952016.0,1.0,0.9304702765787369
2025-12-02,20.97,21.04,20.95,21.01,34118986.0,1.0,0.9304702765787369
2025-12-03,21.08,21.12,21.01,21.05,28223549.0,1.0,0.9304702765787369
2025-12-04,21.08,21.14,21.08,21.12,40047397.0,1.0,0.9304702765787369
2025-12-05,21.12,21.21,21.12,21.2,38633748.0,1.0,0.9304702765787369
2025-12-08,21.2,21.27,21.2,21.26,43310790.0,1.0,0.9304702765787369
2025-12-09,21.31,21.34,21.23,21.27,30976788.0,1.0,0.9304702765787369
2025-12-10,21.3,21.31,21.21,21.25,24390640.0,1.0,0.9304702765787369
2025-12-11,21.28,21.32,21.09,21.13,39544839.0,1.0,0.9304702765787369
2025-12-12,21.22,21.28,21.2,21.25,37795376.0,1.0,0.9304702765787369
2025-12-15,21.13,21.24,21.04,21.21,35015396.0,1.0,0.9304702765787369
2025-12-16,21.08,21.2,21.04,21.17,52390186.0,1.0,0.9304702765787369
2025-12-17,21.2,21.46,21.19,21.35,66416173.0,1.0,0.9304702765787369
2025-12-18,21.35,21.38,21.27,21.33,25653929.0,1.0,0.9304702765787369
2025-12-19,21.35,21.5,21.34,21.49,48660626.0,1.0,0.9304702765787369
2025-12-22,21.62,21.72,21.6,21.69,70536119.0,1.0,0.9304702765787369
2025-12-23,21.7,21.72,21.55,21.61,28719517.0,1.0,0.9304702765787369
2025-12-24,21.65,21.7,21.55,21.6,31165904.0,1.0,0.9304702765787369
2025-12-26,21.6,21.62,21.52,21.57,29157524.0,1.0,0.9304702765787369
2025-12-29,21.57,21.77,21.55,21.73,83460652.0,1.0,0.9304702765787369
2025-12-30,21.7,21.71,21.64,21.7,26736263.0,1.0,0.9304702765787369
2025-12-31,21.7,21.75,21.63,21.71,42629396.0,1.0,0.9304702765787369
2026-01-02,21.75,21.92,21.73,21.86,77879430.0,1.0,0.9304702765787369
2026-01-05,21.86,22.0,21.82,21.91,130805646.0,1.0,0.9304702765787369
2026-01-06,21.97,22.02,21.94,22.0,97302737.0,1.0,0.9304702765787369
2026-01-07,22.04,22.23,22.03,22.2,118841862.0,1.0,0.9304702765787369
2026-01-08,22.22,22.33,22.08,22.12,62112086.0,1.0,0.9304702765787369
2026-01-09,22.12,22.19,21.96,22.1,47819737.0,1.0,0.9304702765787369
2026-01-12,22.29,22.32,22.2,22.27,84859652.0,1.0,0.9304702765787369
2026-01-13,22.39,22.47,22.24,22.33,78626106.0,1.0,0.9304702765787369
2026-01-14,22.42,22.44,22.34,22.36,54031599.0,1.0,0.9304702765787369
2026-01-15,22.37,22.42,22.34,22.4,52201737.0,1.0,0.9304702765787369
2026-01-16,22.44,22.72,22.44,22.65,111843418.0,1.0,0.9304702765787369
2026-01-19,22.65,22.93,22.64,22.81,86601573.0,1.0,0.9304702765787369
2026-01-20,22.72,22.96,22.65,22.84,58092800.0,1.0,0.9304702765787369
2026-01-21,22.8,22.95,22.62,22.66,77290063.0,1.0,0.9304702765787369
2026-01-22,22.95,23.02,22.81,22.88,62052594.0,1.0,0.9304702765787369
2026-01-23,23.04,23.11,22.88,22.98,60484265.0,1.0,0.9304702765787369
2026-01-26,23.04,23.29,23.02,23.28,95639031.0,1.0,0.9304702765787369
2026-01-27,23.34,23.56,23.32,23.49,80483446.0,1.0,0.9304702765787369
2026-01-28,23.58,23.63,23.47,23.51,85691927.0,1.0,0.9304702765787369
2026-01-29,23.4,23.4,23.19,23.29,69347984.0,1.0,0.9304702765787369
2026-01-30,23.09,23.09,22.71,22.81,97628439.0,1.0,0.9304702765787369
2026-02-02,22.64,22.66,22.33,22.47,109312985.0,1.0,0.9304702765787369
2026-02-03,22.76,22.85,22.62,22.81,57165286.0,1.0,0.9304702765787369
2026-02-04,22.74,22.9,22.67,22.88,46417364.0,1.0,0.9304702765787369
2026-02-05,22.73,22.83,22.66,22.75,61104008.0,1.0,0.9304702765787369
2026-02-06,22.68,22.78,22.43,22.7,61395330.0,1.0,0.9304702765787369
2026-02-09,23.03,23.13,22.99,23.07,102270560.0,1.0,0.9304702765787369
2026-02-10,23.18,23.26,23.18,23.23,96194230.0,1.0,0.9304702765787369
2026-02-11,23.23,23.43,23.23,23.41,93669300.0,1.0,0.9304702765787369
2026-02-23,23.6,23.85,23.59,23.65,127042385.0,1.0,0.9304702765787369
2026-02-24,23.7,23.96,23.7,23.93,121165506.0,1.0,0.9304702765787369
2026-02-25,23.98,24.1,23.94,24.0,146735389.0,1.0,0.9304702765787369
2026-02-26,23.61,23.78,23.58,23.74,90567714.0,0.9824999999999999,0.9470435385025313
2026-03-02,23.3,23.5,23.29,23.38,95457466.0,1.0,0.9470435385025313
2026-03-03,23.35,23.4,22.94,22.95,120216923.0,1.0,0.9470435385025313
2026-03-04,22.55,22.55,22.05,22.06,166887686.0,1.0,0.9470435385025313
2026-03-05,22.5,22.58,22.22,22.4,72527404.0,1.0,0.9470435385025313
2026-03-06,22.28,22.49,22.15,22.39,44091301.0,1.0,0.9470435385025313
2026-03-09,21.55,21.75,21.28,21.75,140318993.0,1.0,0.9470435385025313
2026-03-10,22.13,22.2,21.9,22.0,60391607.0,1.0,0.9470435385025313
2026-03-11,22.29,22.51,22.29,22.46,50753268.0,1.0,0.9470435385025313
2026-03-12,22.39,22.46,22.22,22.27,42840422.0,1.0,0.9470435385025313
2026-03-13,22.18,22.42,22.12,22.3,42176424.0,1.0,0.9470435385025313
2026-03-16,22.42,22.52,22.31,22.43,53885858.0,1.0,0.9470435385025313
2026-03-17,22.58,22.71,22.57,22.62,43317100.0,1.0,0.9470435385025313
2026-03-18,22.86,22.94,22.75,22.85,44636916.0,1.0,0.9470435385025313
2026-03-19,22.59,22.65,22.46,22.47,50002943.0,1.0,0.9470435385025313
2026-03-20,22.49,22.54,22.29,22.47,40976293.0,1.0,0.9470435385025313
2026-03-23,22.0,22.14,21.87,22.08,84009751.0,1.0,0.9470435385025313
2026-03-24,22.24,22.3,21.96,22.08,41084773.0,1.0,0.9470435385025313
2026-03-25,22.38,22.52,22.35,22.44,35497236.0,1.0,0.9470435385025313
2026-03-26,22.48,22.63,22.4,22.44,34144244.0,1.0,0.9470435385025313
2026-03-27,22.3,22.4,22.18,22.39,29994922.0,1.0,0.9470435385025313
2026-03-30,22.12,22.15,22.01,22.11,54860810.0,1.0,0.9470435385025313
2026-03-31,21.95,22.03,21.8,21.81,74264331.0,1.0,0.9470435385025313
2026-04-01,22.15,22.34,22.11,22.3,44225133.0,1.0,0.9470435385025313
2026-04-02,22.43,22.48,21.96,22.03,49885438.0,1.0,0.9470435385025313
2026-04-07,22.13,22.35,22.1,22.3,48373814.0,1.0,0.9470435385025313
2026-04-08,22.65,22.92,22.64,22.92,95761338.0,1.0,0.9470435385025313
2026-04-09,22.92,22.93,22.79,22.9,46505273.0,1.0,0.9470435385025313
2026-04-10,22.93,23.05,22.9,23.02,71839969.0,1.0,0.9470435385025313
2026-04-13,23.0,23.07,22.89,23.01,54918186.0,1.0,0.9470435385025313
2026-04-14,23.17,23.31,23.15,23.2,64665483.0,1.0,0.9470435385025313
2026-04-15,23.39,23.56,23.34,23.39,90950761.0,1.0,0.9470435385025313
2026-04-16,23.72,23.87,23.71,23.8,99939373.0,1.0,0.9470435385025313
2026-04-17,23.82,24.07,23.82,24.06,154681685.0,1.0,0.9470435385025313
2026-04-20,24.42,24.58,24.38,24.51,133064978.0,1.0,0.9470435385025313
2026-04-21,24.58,24.74,24.51,24.72,94994938.0,1.0,0.9470435385025313
2026-04-22,24.77,25.13,24.76,25.1,110496276.0,1.0,0.9470435385025313
2026-04-23,25.19,25.28,24.4,24.66,124933268.0,1.0,0.9470435385025313
2026-04-24,24.91,25.02,24.69,25.0,83418253.0,1.0,0.9470435385025313
2026-04-27,25.07,25.17,24.92,25.0,119860313.0,1.0,0.9470435385025313
2026-04-28,25.02,25.43,25.02,25.3,106430671.0,1.0,0.9470435385025313
2026-04-29,25.29,25.32,25.16,25.3,58130291.0,1.0,0.9470435385025313
2026-04-30,25.46,25.68,25.31,25.39,75139558.0,1.0,0.9470435385025313
2026-05-04,25.87,26.21,25.87,26.15,94135559.0,1.0,0.9470435385025313
2026-05-05,26.27,26.62,26.25,26.58,82568044.0,1.0,0.9470435385025313
2026-05-06,27.21,27.41,26.94,27.33,121116580.0,1.0,0.9470435385025313
2026-05-07,27.57,27.9,27.44,27.89,84222100.0,1.0,0.9470435385025313
2026-05-08,27.87,28.13,27.54,27.82,115201554.0,1.0,0.9470435385025313
2026-05-11,27.85,28.29,27.72,28.28,97392489.0,1.0,0.9470435385025313
2026-05-12,28.3,28.37,27.96,28.13,99945296.0,1.0,0.9470435385025313
2026-05-13,27.81,28.04,27.68,27.95,104258390.0,1.0,0.9470435385025313
2026-05-14,28.17,28.3,28.0,28.12,63890596.0,1.0,0.9470435385025313
2026-05-15,28.39,28.56,27.76,27.9,129400858.0,1.0,0.9470435385025313
2026-05-18,27.68,28.0,27.27,27.8,132276054.0,1.0,0.9470435385025313
2026-05-19,27.25,27.69,27.0,27.0,86741893.0,0.9762589928057553,0.9700740740740741
2026-05-20,27.04,27.19,26.9,26.93,50349599.0,1.0,0.9700740740740741
2026-05-21,27.42,27.76,27.42,27.71,64851294.0,1.0,0.9700740740740741
2026-05-22,27.91,28.3,27.81,28.27,95636213.0,1.0,0.9700740740740741
2026-05-25,28.86,29.5,28.83,29.48,142122086.0,1.0,0.9700740740740741
2026-05-26,29.69,29.83,29.48,29.62,84260566.0,1.0,0.9700740740740741
2026-05-27,30.28,30.8,30.28,30.55,110473016.0,1.0,0.9700740740740741
2026-05-28,30.55,30.79,29.84,30.0,90876706.0,1.0,0.9700740740740741
2026-05-29,30.58,30.8,30.35,30.76,71631385.0,1.0,0.9700740740740741
2026-06-01,31.3,32.05,31.3,31.99,103435481.0,1.0,0.9700740740740741
2026-06-02,32.1,32.5,31.81,32.49,111980868.0,1.0,0.9700740740740741
2026-06-03,32.68,33.4,32.55,33.3,103127309.0,1.0,0.9700740740740741
2026-06-04,32.95,32.96,32.54,32.68,78525133.0,1.0,0.9700740740740741
2026-06-05,32.35,32.44,31.63,32.32,129424685.0,1.0,0.9700740740740741
2026-06-08,30.02,31.17,30.02,31.11,142765587.0,1.0,0.9700740740740741
2026-06-09,31.37,32.39,31.37,32.31,85554155.0,1.0,0.9700740740740741
2026-06-10,31.87,32.1,31.5,31.6,90017887.0,1.0,0.9700740740740741
2026-06-11,31.53,31.72,31.05,31.6,58883791.0,1.0,0.9700740740740741
2026-06-12,32.42,32.46,32.05,32.05,52341624.0,1.0,0.9700740740740741
2026-06-15,32.76,33.01,32.56,32.61,51793757.0,1.0,0.9700740740740741
2026-06-16,32.78,32.98,32.65,32.91,50358469.0,1.0,0.9700740740740741
2026-06-17,32.67,33.27,32.64,33.27,44252730.0,1.0,0.9700740740740741
2026-06-18,33.45,33.71,33.45,33.67,37481091.0,1.0,0.9700740740740741
2026-06-22,33.98,34.3,33.98,34.12,48412504.0,1.0,0.9700740740740741
2026-06-23,34.4,34.62,33.98,33.98,48726737.0,1.0,0.9700740740740741
2026-06-24,33.6,33.87,33.37,33.66,45814735.0,1.0,0.9700740740740741
2026-06-25,33.93,34.0,33.49,33.75,32653639.0,1.0,0.9700740740740741
2026-06-26,33.43,33.43,32.68,32.71,69355166.0,1.0,0.9700740740740741
2026-06-29,32.95,33.2,32.72,32.9,38299924.0,1.0,0.9700740740740741
2026-06-30,33.14,33.58,33.05,33.5,29475025.0,1.0,0.9700740740740741
2026-07-01,33.79,33.83,33.23,33.32,27671512.0,1.0,0.9700740740740741
2026-07-02,32.94,33.24,32.9,33.22,27899987.0,1.0,0.9700740740740741
2026-07-03,32.98,33.38,32.88,33.33,22296837.0,1.0,0.9700740740740741
2026-07-06,33.53,33.79,33.36,33.49,34606525.0,1.0,0.9700740740740741
2026-07-07,33.49,33.6,32.91,32.97,34958840.0,1.0,0.9700740740740741
2026-07-08,33.19,33.22,32.72,33.2,29374892.0,1.0,0.9700740740740741
2026-07-09,33.29,33.39,32.99,33.19,23796926.0,1.0,0.9700740740740741
2026-07-13,33.38,33.59,33.0,33.13,29799822.0,1.0,0.9700740740740741
2026-07-14,33.03,33.03,32.08,32.72,61601179.0,1.0,0.9700740740740741
2026-07-15,33.0,33.23,32.85,33.21,26053558.0,1.0,0.9700740740740741
2026-07-16,32.88,33.05,32.66,32.95,26702607.0,1.0,0.9700740740740741
2026-07-17,32.16,32.39,31.78,31.81,77583327.0,1.0,0.9700740740740741
2026-07-20,31.97,31.97,31.1,31.36,62783112.0,1.0,0.9700740740740741
2026-07-21,31.5,32.1,31.5,32.05,21070038.0,1.0,0.9700740740740741
2026-07-22,32.57,32.98,32.57,32.72,25512387.0,1.0,0.9700740740740741
2026-07-23,33.0,33.09,32.46,32.73,17377538.0,1.0,0.9700740740740741
2026-07-24,32.54,32.84,32.42,32.61,18280028.0,1.0,0.9700740740740741
2026-07-27,32.49,32.6,32.13,32.55,30340199.0,1.0,0.9700740740740741
2026-07-28,31.83,32.0,31.5,31.5,68709480.0,1.0,0.9700740740740741
2026-07-29,31.82,32.02,30.41,30.91,93421480.0,1.0,0.9700740740740741
2026-07-30,30.47,31.17,30.3,30.75,48393120.0,1.0,0.9700740740740741
2026-07-31,32.09,32.47,32.0,32.43,52915952.0,1.0,0.9700740740740741
2026-08-03,32.28,32.76,32.11,32.57,68546714.0,1.0,0.9700740740740741
2026-08-04,32.52,32.88,32.32,32.57,57183322.0,1.0,0.9700740740740741
2026-08-05,33.37,33.45,33.09,33.15,43855594.0,1.0,0.9700740740740741
2026-08-06,33.12,33.15,32.81,32.84,69396792.0,1.0,0.9700740740740741
2026-08-07,32.92,33.05,32.65,32.81,48698785.0,1.0,0.9700740740740741
2026-08-10,33.04,33.4,32.88,33.4,37275797.0,1.0,0.9700740740740741
2026-08-11,33.33,33.49,33.22,33.47,36620755.0,1.0,0.9700740740740741
2026-08-12,33.58,33.79,33.41,33.52,45388985.0,1.0,0.9700740740740741
2026-08-13,33.9,33.95,33.69,33.78,46956822.0,1.0,0.9700740740740741
2026-08-14,34.09,34.19,33.8,33.87,80272161.0,1.0,0.9700740740740741
2026-08-17,33.88,33.9,33.55,33.75,168685898.0,1.0,0.9700740740740741
2026-08-18,32.76,32.76,32.3,32.38,87657286.0,0.9700740740740741,1.0
2026-08-19,32.03,32.38,31.92,32.3,39841825.0,1.0,1.0
2026-08-20,32.45,32.45,31.93,32.15,40834367.0,1.0,1.0
2026-08-21,32.11,32.39,31.99,32.38,17103330.0,1.0,1.0
2026-08-24,32.48,32.58,32.38,32.43,20117025.0,1.0,1.0
2026-08-25,32.41,32.64,32.29,32.64,24614166.0,1.0,1.0
2026-08-26,32.7,32.85,32.6,32.82,26684547.0,1.0,1.0
2026-08-27,32.9,33.02,32.71,32.71,27062007.0,1.0,1.0
2026-08-28,32.82,33.06,32.82,33.0,34448306.0,1.0,1.0
2026-08-31,32.78,33.19,32.71,33.18,36850440.0,1.0,1.0
2026-09-01,33.44,33.81,33.44,33.76,74969201.0,1.0,1.0
2026-09-02,33.67,33.85,33.6,33.65,34938216.0,1.0,1.0
2026-09-03,33.78,33.98,33.56,33.58,48730945.0,1.0,1.0
2026-09-04,33.9,34.13,33.81,34.11,58017725.0,1.0,1.0
2026-09-07,34.32,34.47,34.11,34.39,47066801.0,1.0,1.0
2026-09-08,34.35,34.35,34.04,34.07,35251328.0,1.0,1.0
2026-09-09,34.14,34.28,34.07,34.13,23655731.0,1.0,1.0
2026-09-10,34.13,34.16,34.03,34.15,24828573.0,1.0,1.0
2026-09-11,33.7,34.12,33.6,34.0,36780067.0,1.0,1.0
2026-09-14,33.86,34.34,33.66,34.23,36558295.0,1.0,1.0
2026-09-15,34.23,34.25,34.05,34.2,41758073.0,1.0,1.0
2026-09-16,34.24,34.5,34.22,34.47,24618843.0,1.0,1.0
2026-09-17,34.6,34.91,34.6,34.73,26931022.0,1.0,1.0
2026-09-18,35.05,35.06,34.68,34.83,29777735.0,1.0,1.0
2026-09-21,34.92,35.2,34.86,35.11,28262880.0,1.0,1.0
2026-09-22,35.43,35.54,35.18,35.21,24760011.0,1.0,1.0
2026-09-23,35.3,35.36,35.08,35.09,26437407.0,1.0,1.0
2026-09-24,34.97,34.98,34.76,34.88,35768976.0,1.0,1.0
